Customer_ID,Customer_Name,Last_Order_Date,Frequency,Monetary,Recency,AOV,R_Score,F_Score,M_Score,RFM_Score,Segment
CUST00001,Reyansh Menon,2024-01-04,5,97774.6,363,19554.92,1,3,4,2.6666666666666665,Medium Value
CUST00002,Kiara Chopra,2024-10-22,4,107985.17,71,26996.29,3,2,4,3.0,High Value
CUST00003,Ayaan Reddy,2024-12-30,7,88166.23,2,12595.18,4,4,4,4.0,High Value
CUST00004,Riya Chopra,2024-11-29,2,25223.42,33,12611.71,4,1,2,2.3333333333333335,Medium Value
CUST00005,Ananya Singh,2024-11-15,4,25937.86,47,6484.46,3,2,2,2.3333333333333335,Medium Value
CUST00006,Ayaan Gupta,2024-12-07,8,99355.95,25,12419.49,4,4,4,4.0,High Value
CUST00007,Unknown,2024-06-25,5,25540.8,190,5108.16,2,3,2,2.3333333333333335,Medium Value
CUST00008,Sai Verma,2024-12-19,4,164069.5,13,41017.38,4,2,4,3.3333333333333335,High Value
CUST00009,Aarav Bose,2024-05-18,4,54173.61,228,13543.4,1,2,3,2.0,Medium Value
CUST00010,Diya Joshi,2023-10-14,3,29556.27,445,9852.09,1,1,2,1.3333333333333333,Low Value
CUST00011,Ishaan Kapoor,2024-12-26,5,15747.79,6,3149.56,4,3,2,3.0,High Value
CUST00012,Kiara Malhotra,2023-07-13,2,4593.14,538,2296.57,1,1,1,1.0,Low Value
CUST00013,Riya Bose,2024-12-12,5,17520.61,20,3504.12,4,3,2,3.0,High Value
CUST00014,Isha Gupta,2024-11-18,7,197002.66999999998,44,28143.24,3,4,4,3.6666666666666665,High Value
CUST00015,Arjun Pillai,2023-11-06,4,56957.59,422,14239.4,1,2,3,2.0,Medium Value
CUST00016,Reyansh Iyer,2024-12-31,6,145982.63999999998,1,24330.44,4,3,4,3.6666666666666665,High Value
CUST00017,Reyansh Agarwal,2024-06-11,4,45527.71,204,11381.93,2,2,3,2.3333333333333335,Medium Value
CUST00018,Vihaan Rao,2024-11-28,5,41278.46,34,8255.69,3,3,3,3.0,High Value
CUST00019,Navya Iyer,2024-09-21,3,27566.300000000003,102,9188.77,2,1,2,1.6666666666666667,Low Value
CUST00020,Vivaan Menon,2024-09-17,3,8599.3,106,2866.43,2,1,1,1.3333333333333333,Low Value
CUST00021,Kiara Reddy,2024-01-08,3,17483.05,359,5827.68,1,1,2,1.3333333333333333,Low Value
CUST00022,Diya Nair,2024-12-07,4,55837.4,25,13959.35,4,2,3,3.0,High Value
CUST00023,Kiara Gupta,2024-12-28,5,99333.91,4,19866.78,4,3,4,3.6666666666666665,High Value
CUST00024,Aadhya Joshi,2024-04-10,7,16338.54,266,2334.08,1,4,2,2.3333333333333335,Medium Value
CUST00025,Vihaan Agarwal,2024-09-02,4,24154.35,121,6038.59,2,2,2,2.0,Medium Value
CUST00026,Ayaan Singh,2024-11-17,9,155794.53,45,17310.5,3,4,4,3.6666666666666665,High Value
CUST00027,Vivaan Patel,2024-12-14,3,61755.08,18,20585.03,4,1,3,2.6666666666666665,Medium Value
CUST00028,Ishaan Singh,2024-08-10,3,9558.64,144,3186.21,2,1,1,1.3333333333333333,Low Value
CUST00029,Navya Bose,2024-08-17,8,144588.93,137,18073.62,2,4,4,3.3333333333333335,High Value
CUST00030,Vivaan Mehta,2024-11-18,8,89226.65,44,11153.33,3,4,4,3.6666666666666665,High Value
CUST00031,Vihaan Rao,2024-06-04,5,95908.1,211,19181.62,2,3,4,3.0,High Value
CUST00032,Myra Malhotra,2023-12-14,2,5315.18,384,2657.59,1,1,1,1.0,Low Value
CUST00033,Ayaan Rao,2024-10-25,5,26445.77,68,5289.15,3,3,2,2.6666666666666665,Medium Value
CUST00034,Ayaan Kapoor,2024-01-29,2,158999.26,338,79499.63,1,1,4,2.0,Medium Value
CUST00035,Saanvi Agarwal,2024-11-14,3,9061.279999999999,48,3020.43,3,1,1,1.6666666666666667,Low Value
CUST00036,Kiara Das,2024-10-18,3,39116.380000000005,75,13038.79,3,1,3,2.3333333333333335,Medium Value
CUST00037,Krishna Malhotra,2024-10-14,3,15231.04,79,5077.01,3,1,2,2.0,Medium Value
CUST00038,Saanvi Sharma,2024-11-28,4,25089.73,34,6272.43,3,2,2,2.3333333333333335,Medium Value
CUST00039,Reyansh Iyer,2024-05-19,2,1973.94,227,986.97,1,1,1,1.0,Low Value
CUST00043,Ayaan Gupta,2024-09-27,7,76943.23,96,10991.89,2,4,4,3.3333333333333335,High Value
CUST00044,Aditya Sharma,2024-12-11,4,112482.93,21,28120.73,4,2,4,3.3333333333333335,High Value
CUST00045,Arjun Mehta,2024-11-07,3,2594.32,55,864.77,3,1,1,1.6666666666666667,Low Value
CUST00046,Reyansh Iyer,2024-07-13,5,10256.75,172,2051.35,2,3,1,2.0,Medium Value
CUST00047,Reyansh Iyer,2023-12-31,1,4204.45,367,4204.45,1,1,1,1.0,Low Value
CUST00048,Ayaan Bose,2024-12-08,2,5462.030000000001,24,2731.02,4,1,1,2.0,Medium Value
CUST00049,Vivaan Sharma,2024-12-26,2,9400.7,6,4700.35,4,1,1,2.0,Medium Value
CUST00050,Myra Kumar,2024-03-01,4,60600.130000000005,306,15150.03,1,2,3,2.0,Medium Value
CUST00051,Aditya Bose,2024-11-19,2,7046.59,43,3523.3,3,1,1,1.6666666666666667,Low Value
CUST00052,Ayaan Gupta,2024-03-08,2,1976.19,299,988.1,1,1,1,1.0,Low Value
CUST00053,Aarav Gupta,2023-07-01,1,356.0,550,356.0,1,1,1,1.0,Low Value
CUST00054,Arjun Malhotra,2024-12-28,3,7111.62,4,2370.54,4,1,1,2.0,Medium Value
CUST00055,Aadhya Gupta,2024-12-03,3,14108.48,29,4702.83,4,1,1,2.0,Medium Value
CUST00056,Aarav Kumar,2024-02-02,3,47467.15,334,15822.38,1,1,3,1.6666666666666667,Low Value
CUST00057,Aadhya Reddy,2024-11-24,6,57059.93,38,9509.99,3,3,3,3.0,High Value
CUST00058,Krishna Malhotra,2024-10-03,6,106302.32,90,17717.05,2,3,4,3.0,High Value
CUST00059,Kiara Mehta,2024-08-03,4,44529.15,151,11132.29,2,2,3,2.3333333333333335,Medium Value
CUST00060,Saanvi Pillai,2024-07-12,6,49656.89,173,8276.15,2,3,3,2.6666666666666665,Medium Value
CUST00061,Reyansh Joshi,2024-12-21,3,41825.05,11,13941.68,4,1,3,2.6666666666666665,Medium Value
CUST00062,Isha Singh,2024-11-18,8,26405.37,44,3300.67,3,4,2,3.0,High Value
CUST00064,Saanvi Malhotra,2024-10-12,3,46645.77,81,15548.59,3,1,3,2.3333333333333335,Medium Value
CUST00065,Ananya Singh,2024-10-14,5,59319.22,79,11863.84,3,3,3,3.0,High Value
CUST00066,Saanvi Reddy,2024-12-26,4,68630.38,6,17157.6,4,2,3,3.0,High Value
CUST00067,Riya Verma,2024-11-29,3,5672.570000000001,33,1890.86,4,1,1,2.0,Medium Value
CUST00068,Ishaan Das,2023-02-01,1,944.91,700,944.91,1,1,1,1.0,Low Value
CUST00069,Sai Bose,2023-10-29,5,31678.78,430,6335.76,1,3,2,2.0,Medium Value
CUST00070,Diya Menon,2024-04-21,4,163888.09999999998,255,40972.02,1,2,4,2.3333333333333335,Medium Value
CUST00071,Ananya Reddy,2024-12-16,4,44380.39,16,11095.1,4,2,3,3.0,High Value
CUST00072,Aarav Sharma,2024-12-16,5,100709.58,16,20141.92,4,3,4,3.6666666666666665,High Value
CUST00073,Isha Das,2024-10-08,4,197215.2,85,49303.8,2,2,4,2.6666666666666665,Medium Value
CUST00074,Krishna Gupta,2023-02-13,1,13466.26,688,13466.26,1,1,1,1.0,Low Value
CUST00075,Reyansh Patel,2024-11-20,6,15707.840000000002,42,2617.97,3,3,2,2.6666666666666665,Medium Value
CUST00076,Ayaan Iyer,2024-11-12,3,9874.29,50,3291.43,3,1,1,1.6666666666666667,Low Value
CUST00077,Arjun Sharma,2024-08-17,2,52060.74,137,26030.37,2,1,3,2.0,Medium Value
CUST00078,Riya Mehta,2024-09-21,6,34444.88,102,5740.81,2,3,2,2.3333333333333335,Medium Value
CUST00079,Diya Malhotra,2024-11-11,4,34745.340000000004,51,8686.34,3,2,2,2.3333333333333335,Medium Value
CUST00080,Krishna Menon,2024-08-24,2,2416.29,130,1208.14,2,1,1,1.3333333333333333,Low Value
CUST00081,Anika Joshi,2024-05-18,4,19124.41,228,4781.1,1,2,2,1.6666666666666667,Low Value
CUST00082,Isha Bose,2024-12-14,6,37404.3,18,6234.05,4,3,3,3.3333333333333335,High Value
CUST00083,Reyansh Verma,2024-06-23,3,23500.47,192,7833.49,2,1,2,1.6666666666666667,Low Value
CUST00084,Aditya Joshi,2024-06-25,4,66321.67,190,16580.42,2,2,3,2.3333333333333335,Medium Value
CUST00085,Arjun Joshi,2024-11-07,8,190679.16,55,23834.9,3,4,4,3.6666666666666665,High Value
CUST00086,Anika Joshi,2024-09-16,3,20781.94,107,6927.31,2,1,2,1.6666666666666667,Low Value
CUST00087,Vivaan Verma,2024-12-15,4,66841.98,17,16710.5,4,2,3,3.0,High Value
CUST00088,Arjun Sharma,2024-11-13,8,176571.06,49,22071.38,3,4,4,3.6666666666666665,High Value
CUST00089,Aarav Pillai,2024-06-04,7,56613.520000000004,211,8087.65,2,4,3,3.0,High Value
CUST00090,Vivaan Bose,2024-08-04,1,924.26,150,924.26,2,1,1,1.3333333333333333,Low Value
CUST00091,Sai Singh,2024-02-19,3,3384.53,317,1128.18,1,1,1,1.0,Low Value
CUST00092,Ananya Joshi,2024-07-09,4,74378.44,176,18594.61,2,2,4,2.6666666666666665,Medium Value
CUST00093,Sai Kumar,2024-09-19,8,64861.149999999994,104,8107.64,2,4,3,3.0,High Value
CUST00094,Isha Verma,2024-07-09,6,6774.01,176,1129.0,2,3,1,2.0,Medium Value
CUST00095,Sai Chopra,2024-10-04,1,1244.27,89,1244.27,2,1,1,1.3333333333333333,Low Value
CUST00096,Myra Kapoor,2024-11-11,3,59070.08,51,19690.03,3,1,3,2.3333333333333335,Medium Value
CUST00097,Aarav Iyer,2024-12-31,2,29675.89,1,14837.94,4,1,2,2.3333333333333335,Medium Value
CUST00098,Sai Kapoor,2024-10-20,4,9476.78,73,2369.2,3,2,1,2.0,Medium Value
CUST00099,Aditya Menon,2024-12-08,6,57064.159999999996,24,9510.69,4,3,3,3.3333333333333335,High Value
CUST00100,Vihaan Pillai,2024-12-05,4,59163.0,27,14790.75,4,2,3,3.0,High Value
CUST00101,Unknown,2024-09-09,1,1695.74,114,1695.74,2,1,1,1.3333333333333333,Low Value
CUST00102,Isha Reddy,2024-11-22,6,12324.35,40,2054.06,3,3,1,2.3333333333333335,Medium Value
CUST00103,Isha Iyer,2024-10-22,5,106971.85,71,21394.37,3,3,4,3.3333333333333335,High Value
CUST00104,Aarav Nair,2024-09-20,3,2400.19,103,800.06,2,1,1,1.3333333333333333,Low Value
CUST00105,Reyansh Agarwal,2024-08-31,3,11114.25,123,3704.75,2,1,1,1.3333333333333333,Low Value
CUST00106,Ayaan Sharma,2024-12-09,6,220713.7,23,36785.62,4,3,4,3.6666666666666665,High Value
CUST00107,Ananya Agarwal,2024-12-20,8,65735.69,12,8216.96,4,4,3,3.6666666666666665,High Value
CUST00108,Ishaan Gupta,2024-08-06,4,15473.82,148,3868.46,2,2,2,2.0,Medium Value
CUST00109,Reyansh Kapoor,2024-11-25,4,8103.74,37,2025.94,3,2,1,2.0,Medium Value
CUST00110,Myra Menon,2024-10-08,2,3239.7200000000003,85,1619.86,2,1,1,1.3333333333333333,Low Value
CUST00111,Anika Verma,2024-10-27,5,36302.96000000001,66,7260.59,3,3,3,3.0,High Value
CUST00112,Aarav Kapoor,2023-02-17,1,3477.04,684,3477.04,1,1,1,1.0,Low Value
CUST00113,Diya Kumar,2024-11-10,4,58735.98,52,14684.0,3,2,3,2.6666666666666665,Medium Value
CUST00114,Arjun Iyer,2024-11-11,3,6580.6900000000005,51,2193.56,3,1,1,1.6666666666666667,Low Value
CUST00115,Krishna Gupta,2024-11-30,4,29511.17,32,7377.79,4,2,2,2.6666666666666665,Medium Value
CUST00116,Riya Kapoor,2024-07-10,4,14399.88,175,3599.97,2,2,1,1.6666666666666667,Low Value
CUST00117,Myra Gupta,2024-08-19,3,13477.28,135,4492.43,2,1,1,1.3333333333333333,Low Value
CUST00118,Isha Sharma,2023-01-27,2,5956.48,705,2978.24,1,1,1,1.0,Low Value
CUST00119,Isha Chopra,2024-10-08,3,16363.67,85,5454.56,2,1,2,1.6666666666666667,Low Value
CUST00120,Anika Nair,2024-09-28,5,83118.34000000001,95,16623.67,2,3,4,3.0,High Value
CUST00121,Vihaan Patel,2024-09-07,3,29973.300000000003,116,9991.1,2,1,2,1.6666666666666667,Low Value
CUST00122,Ayaan Menon,2024-07-10,5,90959.75,175,18191.95,2,3,4,3.0,High Value
CUST00123,Aditya Kapoor,2024-09-29,4,96710.66,94,24177.66,2,2,4,2.6666666666666665,Medium Value
CUST00124,Aditya Agarwal,2023-07-19,3,9560.1,532,3186.7,1,1,1,1.0,Low Value
CUST00125,Aadhya Agarwal,2024-12-28,2,36006.7,4,18003.35,4,1,3,2.6666666666666665,Medium Value
CUST00126,Vivaan Gupta,2024-11-28,6,289233.36,34,48205.56,3,3,4,3.3333333333333335,High Value
CUST00127,Myra Iyer,2024-12-16,4,20125.75,16,5031.44,4,2,2,2.6666666666666665,Medium Value
CUST00128,Vihaan Sharma,2024-12-30,7,35471.0,2,5067.29,4,4,3,3.6666666666666665,High Value
CUST00129,Vihaan Sharma,2024-10-01,5,29780.260000000002,92,5956.05,2,3,2,2.3333333333333335,Medium Value
CUST00130,Aadhya Kapoor,2024-12-17,1,3346.34,15,3346.34,4,1,1,2.0,Medium Value
CUST00131,Isha Nair,2024-04-14,3,11866.11,262,3955.37,1,1,1,1.0,Low Value
CUST00132,Reyansh Gupta,2024-12-13,3,10507.86,19,3502.62,4,1,1,2.0,Medium Value
CUST00133,Anika Sharma,2024-11-19,6,241164.82,43,40194.14,3,3,4,3.3333333333333335,High Value
CUST00134,Myra Bose,2024-12-29,8,239168.22,3,29896.03,4,4,4,4.0,High Value
CUST00135,Unknown,2024-12-07,5,54422.95,25,10884.59,4,3,3,3.3333333333333335,High Value
CUST00136,Sai Patel,2024-12-21,7,44964.75,11,6423.54,4,4,3,3.6666666666666665,High Value
CUST00137,Saanvi Pillai,2024-11-01,4,49611.53,61,12402.88,3,2,3,2.6666666666666665,Medium Value
CUST00138,Ayaan Verma,2024-10-08,1,2700.07,85,2700.07,2,1,1,1.3333333333333333,Low Value
CUST00139,Aarav Malhotra,2024-03-30,4,9994.99,277,2498.75,1,2,1,1.3333333333333333,Low Value
CUST00140,Aarav Kumar,2024-11-20,2,1256.71,42,628.36,3,1,1,1.6666666666666667,Low Value
CUST00141,Myra Pillai,2024-11-19,4,25095.42,43,6273.86,3,2,2,2.3333333333333335,Medium Value
CUST00142,Vihaan Gupta,2024-12-06,3,61221.659999999996,26,20407.22,4,1,3,2.6666666666666665,Medium Value
CUST00143,Anika Joshi,2024-10-21,2,8014.040000000001,72,4007.02,3,1,1,1.6666666666666667,Low Value
CUST00144,Diya Rao,2024-12-31,4,15930.820000000002,1,3982.71,4,2,2,2.6666666666666665,Medium Value
CUST00145,Sai Gupta,2024-02-27,3,13816.14,309,4605.38,1,1,1,1.0,Low Value
CUST00146,Krishna Kumar,2024-11-28,6,129142.06,34,21523.68,3,3,4,3.3333333333333335,High Value
CUST00147,Anika Rao,2024-05-27,3,10303.16,219,3434.39,1,1,1,1.0,Low Value
CUST00148,Aditya Sharma,2024-12-13,2,21613.22,19,10806.61,4,1,2,2.3333333333333335,Medium Value
CUST00149,Isha Sharma,2023-09-11,2,5773.91,478,2886.96,1,1,1,1.0,Low Value
CUST00150,Aditya Agarwal,2024-05-19,3,7998.1,227,2666.03,1,1,1,1.0,Low Value
CUST00151,Ishaan Gupta,2024-12-12,4,14404.43,20,3601.11,4,2,1,2.3333333333333335,Medium Value
CUST00152,Ayaan Rao,2023-01-16,1,10070.86,716,10070.86,1,1,1,1.0,Low Value
CUST00153,Navya Malhotra,2024-11-06,6,116942.78,56,19490.46,3,3,4,3.3333333333333335,High Value
CUST00155,Vivaan Joshi,2024-06-24,3,12153.33,191,4051.11,2,1,1,1.3333333333333333,Low Value
CUST00156,Ayaan Sharma,2024-10-19,7,69586.68,74,9940.95,3,4,3,3.3333333333333335,High Value
CUST00157,Krishna Chopra,2024-12-24,6,32390.69,8,5398.45,4,3,2,3.0,High Value
CUST00158,Myra Reddy,2024-12-06,4,88828.62,26,22207.16,4,2,4,3.3333333333333335,High Value
CUST00159,Ishaan Gupta,2024-11-08,7,80617.01000000001,54,11516.72,3,4,4,3.6666666666666665,High Value
CUST00160,Navya Das,2024-06-10,2,41959.93,205,20979.96,2,1,3,2.0,Medium Value
CUST00161,Reyansh Singh,2024-11-06,5,164752.39,56,32950.48,3,3,4,3.3333333333333335,High Value
CUST00162,Unknown,2024-08-19,6,15803.69,135,2633.95,2,3,2,2.3333333333333335,Medium Value
CUST00163,Aarav Nair,2024-11-27,6,27651.239999999998,35,4608.54,3,3,2,2.6666666666666665,Medium Value
CUST00164,Aadhya Kapoor,2024-07-30,4,36507.94,155,9126.98,2,2,3,2.3333333333333335,Medium Value
CUST00165,Aadhya Bose,2024-11-05,5,79491.81,57,15898.36,3,3,4,3.3333333333333335,High Value
CUST00166,Riya Malhotra,2024-10-19,7,64520.87,74,9217.27,3,4,3,3.3333333333333335,High Value
CUST00167,Vivaan Verma,2024-07-08,1,1766.25,177,1766.25,2,1,1,1.3333333333333333,Low Value
CUST00168,Riya Joshi,2024-07-14,2,7032.13,171,3516.06,2,1,1,1.3333333333333333,Low Value
CUST00169,Isha Mehta,2024-08-24,3,160061.21999999997,130,53353.74,2,1,4,2.3333333333333335,Medium Value
CUST00170,Sai Malhotra,2024-12-17,4,40442.56,15,10110.64,4,2,3,3.0,High Value
CUST00171,Ananya Kumar,2024-11-29,6,128706.12,33,21451.02,4,3,4,3.6666666666666665,High Value
CUST00172,Aarav Nair,2024-09-24,6,10694.72,99,1782.45,2,3,1,2.0,Medium Value
CUST00173,Diya Bose,2023-12-23,4,137816.0,375,34454.0,1,2,4,2.3333333333333335,Medium Value
CUST00174,Arjun Reddy,2024-12-06,4,47103.04,26,11775.76,4,2,3,3.0,High Value
CUST00175,Vihaan Patel,2024-10-07,11,54024.87,86,4911.35,2,4,3,3.0,High Value
CUST00176,Saanvi Menon,2024-10-06,4,65052.96,87,16263.24,2,2,3,2.3333333333333335,Medium Value
CUST00177,Kiara Gupta,2024-10-12,6,13386.72,81,2231.12,3,3,1,2.3333333333333335,Medium Value
CUST00178,Ayaan Menon,2024-12-31,9,97588.45,1,10843.16,4,4,4,4.0,High Value
CUST00179,Myra Das,2024-10-14,3,20291.05,79,6763.68,3,1,2,2.0,Medium Value
CUST00180,Navya Mehta,2024-10-31,5,10794.529999999999,62,2158.91,3,3,1,2.3333333333333335,Medium Value
CUST00182,Riya Kumar,2024-11-15,3,218024.32,47,72674.77,3,1,4,2.6666666666666665,Medium Value
CUST00183,Krishna Bose,2024-04-14,2,10895.08,262,5447.54,1,1,1,1.0,Low Value
CUST00184,Aarav Sharma,2024-10-18,7,86884.54,75,12412.08,3,4,4,3.6666666666666665,High Value
CUST00185,Kiara Verma,2024-06-13,5,25644.67,202,5128.93,2,3,2,2.3333333333333335,Medium Value
CUST00186,Myra Nair,2024-09-27,4,16897.530000000002,96,4224.38,2,2,2,2.0,Medium Value
CUST00187,Saanvi Sharma,2024-02-17,4,15667.980000000001,319,3917.0,1,2,2,1.6666666666666667,Low Value
CUST00188,Myra Reddy,2024-12-23,8,168484.85,9,21060.61,4,4,4,4.0,High Value
CUST00189,Arjun Gupta,2024-12-09,7,155271.55,23,22181.65,4,4,4,4.0,High Value
CUST00190,Diya Kapoor,2024-09-13,3,8980.58,110,2993.53,2,1,1,1.3333333333333333,Low Value
CUST00191,Riya Kumar,2024-12-15,4,154839.03,17,38709.76,4,2,4,3.3333333333333335,High Value
CUST00192,Aadhya Kumar,2024-11-30,5,74745.19,32,14949.04,4,3,4,3.6666666666666665,High Value
CUST00193,Kiara Joshi,2024-09-24,1,1827.39,99,1827.39,2,1,1,1.3333333333333333,Low Value
CUST00194,Aadhya Menon,2024-12-20,3,82073.34,12,27357.78,4,1,4,3.0,High Value
CUST00195,Arjun Bose,2024-10-29,3,53789.91,64,17929.97,3,1,3,2.3333333333333335,Medium Value
CUST00196,Myra Kapoor,2024-12-12,6,143829.12000000002,20,23971.52,4,3,4,3.6666666666666665,High Value
CUST00197,Reyansh Singh,2024-11-12,7,12718.14,50,1816.88,3,4,1,2.6666666666666665,Medium Value
CUST00198,Aarav Kumar,2024-07-23,6,32053.11,162,5342.18,2,3,2,2.3333333333333335,Medium Value
CUST00199,Ishaan Kumar,2023-04-08,2,2221.49,634,1110.74,1,1,1,1.0,Low Value
CUST00200,Vihaan Verma,2024-08-19,3,27370.59,135,9123.53,2,1,2,1.6666666666666667,Low Value
CUST00201,Isha Mehta,2023-12-16,2,10439.59,382,5219.8,1,1,1,1.0,Low Value
CUST00202,Riya Sharma,2024-12-03,5,77090.14,29,15418.03,4,3,4,3.6666666666666665,High Value
CUST00203,Arjun Das,2024-03-05,5,57060.60999999999,302,11412.12,1,3,3,2.3333333333333335,Medium Value
CUST00204,Vihaan Kapoor,2024-11-07,4,98974.45,55,24743.61,3,2,4,3.0,High Value
CUST00205,Myra Verma,2024-03-20,4,45331.95,287,11332.99,1,2,3,2.0,Medium Value
CUST00206,Anika Menon,2024-03-21,4,47259.31,286,11814.83,1,2,3,2.0,Medium Value
CUST00207,Unknown,2024-10-29,7,43649.3,64,6235.61,3,4,3,3.3333333333333335,High Value
CUST00208,Aditya Sharma,2024-10-26,3,98536.39,67,32845.46,3,1,4,2.6666666666666665,Medium Value
CUST00209,Aarav Pillai,2024-09-11,5,195456.58000000002,112,39091.32,2,3,4,3.0,High Value
CUST00210,Ananya Kumar,2024-12-11,8,33294.06,21,4161.76,4,4,2,3.3333333333333335,High Value
CUST00211,Diya Gupta,2024-12-29,4,27495.16,3,6873.79,4,2,2,2.6666666666666665,Medium Value
CUST00212,Aarav Sharma,2024-03-03,3,31346.88,304,10448.96,1,1,2,1.3333333333333333,Low Value
CUST00213,Ayaan Mehta,2024-01-20,5,128457.34000000001,347,25691.47,1,3,4,2.6666666666666665,Medium Value
CUST00214,Ananya Bose,2024-09-07,4,18480.25,116,4620.06,2,2,2,2.0,Medium Value
CUST00215,Saanvi Bose,2024-06-05,2,7877.96,210,3938.98,2,1,1,1.3333333333333333,Low Value
CUST00216,Aadhya Verma,2024-10-28,1,17992.0,65,17992.0,3,1,2,2.0,Medium Value
CUST00217,Riya Agarwal,2024-08-09,7,105735.26000000001,145,15105.04,2,4,4,3.3333333333333335,High Value
CUST00218,Aditya Joshi,2024-11-30,7,27658.9,32,3951.27,4,4,2,3.3333333333333335,High Value
CUST00219,Ayaan Mehta,2024-09-05,7,45822.72,118,6546.1,2,4,3,3.0,High Value
CUST00220,Vivaan Pillai,2024-12-12,7,272765.94999999995,20,38966.56,4,4,4,4.0,High Value
CUST00221,Krishna Reddy,2024-12-31,5,87374.49,1,17474.9,4,3,4,3.6666666666666665,High Value
CUST00222,Vihaan Agarwal,2024-09-08,5,80841.01000000001,115,16168.2,2,3,4,3.0,High Value
CUST00223,Saanvi Chopra,2024-11-29,3,9878.28,33,3292.76,4,1,1,2.0,Medium Value
CUST00224,Vihaan Singh,2024-11-26,12,130625.22,36,10885.44,3,4,4,3.6666666666666665,High Value
CUST00225,Ishaan Kumar,2024-07-03,7,80540.01,182,11505.72,2,4,4,3.3333333333333335,High Value
CUST00226,Krishna Gupta,2024-12-30,3,33897.3,2,11299.1,4,1,2,2.3333333333333335,Medium Value
CUST00227,Anika Gupta,2024-11-15,8,175596.32,47,21949.54,3,4,4,3.6666666666666665,High Value
CUST00228,Myra Singh,2024-12-21,6,32721.340000000004,11,5453.56,4,3,2,3.0,High Value
CUST00229,Navya Joshi,2023-12-06,5,33043.57,392,6608.71,1,3,2,2.0,Medium Value
CUST00230,Reyansh Kumar,2024-04-03,3,28833.960000000003,273,9611.32,1,1,2,1.3333333333333333,Low Value
CUST00231,Diya Joshi,2024-10-04,3,23774.17,89,7924.72,2,1,2,1.6666666666666667,Low Value
CUST00232,Saanvi Gupta,2024-01-27,3,7060.83,340,2353.61,1,1,1,1.0,Low Value
CUST00233,Krishna Joshi,2024-11-01,5,21246.71,61,4249.34,3,3,2,2.6666666666666665,Medium Value
CUST00234,Anika Menon,2023-11-04,3,80437.06,424,26812.35,1,1,4,2.0,Medium Value
CUST00235,Myra Das,2024-11-30,7,126051.98999999999,32,18007.43,4,4,4,4.0,High Value
CUST00236,Riya Joshi,2024-12-28,5,73898.01,4,14779.6,4,3,4,3.6666666666666665,High Value
CUST00237,Vihaan Bose,2024-11-22,5,16697.14,40,3339.43,3,3,2,2.6666666666666665,Medium Value
CUST00238,Krishna Pillai,2024-12-23,4,28631.24,9,7157.81,4,2,2,2.6666666666666665,Medium Value
CUST00239,Diya Iyer,2023-04-11,1,1323.82,631,1323.82,1,1,1,1.0,Low Value
CUST00240,Reyansh Rao,2024-11-23,5,28000.85,39,5600.17,3,3,2,2.6666666666666665,Medium Value
CUST00241,Isha Pillai,2023-07-05,2,32388.69,546,16194.34,1,1,2,1.3333333333333333,Low Value
CUST00242,Kiara Kapoor,2024-11-30,4,20629.55,32,5157.39,4,2,2,2.6666666666666665,Medium Value
CUST00243,Arjun Gupta,2024-04-26,3,31169.989999999998,250,10390.0,1,1,2,1.3333333333333333,Low Value
CUST00244,Diya Menon,2024-11-01,4,15946.31,61,3986.58,3,2,2,2.3333333333333335,Medium Value
CUST00245,Vihaan Kapoor,2024-10-18,2,28450.13,75,14225.06,3,1,2,2.0,Medium Value
CUST00246,Reyansh Das,2024-10-04,3,21205.22,89,7068.41,2,1,2,1.6666666666666667,Low Value
CUST00247,Ishaan Reddy,2024-05-22,6,89363.36,224,14893.89,1,3,4,2.6666666666666665,Medium Value
CUST00248,Aadhya Kumar,2024-12-17,3,149104.28999999998,15,49701.43,4,1,4,3.0,High Value
CUST00249,Aditya Chopra,2024-11-23,6,25390.66,39,4231.78,3,3,2,2.6666666666666665,Medium Value
CUST00250,Ananya Agarwal,2024-09-06,3,11051.79,117,3683.93,2,1,1,1.3333333333333333,Low Value
CUST00251,Kiara Bose,2024-11-05,5,39326.54,57,7865.31,3,3,3,3.0,High Value
CUST00252,Krishna Mehta,2024-09-16,6,60184.99,107,10030.83,2,3,3,2.6666666666666665,Medium Value
CUST00253,Diya Joshi,2024-11-24,6,15637.2,38,2606.2,3,3,2,2.6666666666666665,Medium Value
CUST00254,Sai Reddy,2024-08-05,2,6617.03,149,3308.52,2,1,1,1.3333333333333333,Low Value
CUST00255,Aadhya Das,2024-06-06,1,5490.01,209,5490.01,2,1,1,1.3333333333333333,Low Value
CUST00256,Ayaan Mehta,2024-12-03,8,55286.02,29,6910.75,4,4,3,3.6666666666666665,High Value
CUST00257,Krishna Agarwal,2024-08-20,3,9970.84,134,3323.61,2,1,1,1.3333333333333333,Low Value
CUST00258,Vivaan Kumar,2023-12-09,6,239232.42,389,39872.07,1,3,4,2.6666666666666665,Medium Value
CUST00259,Arjun Patel,2024-12-02,9,57153.53,30,6350.39,4,4,3,3.6666666666666665,High Value
CUST00260,Riya Nair,2024-06-12,3,52856.229999999996,203,17618.74,2,1,3,2.0,Medium Value
CUST00261,Myra Das,2023-11-24,5,64770.92,404,12954.18,1,3,3,2.3333333333333335,Medium Value
CUST00262,Aarav Menon,2024-12-06,5,97979.2,26,19595.84,4,3,4,3.6666666666666665,High Value
CUST00263,Anika Reddy,2023-09-21,2,28770.91,468,14385.46,1,1,2,1.3333333333333333,Low Value
CUST00264,Saanvi Singh,2024-09-05,6,208462.74,118,34743.79,2,3,4,3.0,High Value
CUST00265,Vihaan Patel,2024-11-12,4,4750.7699999999995,50,1187.69,3,2,1,2.0,Medium Value
CUST00266,Riya Bose,2024-11-16,4,32968.14,46,8242.04,3,2,2,2.3333333333333335,Medium Value
CUST00267,Reyansh Mehta,2024-12-26,6,37673.49,6,6278.92,4,3,3,3.3333333333333335,High Value
CUST00268,Riya Reddy,2024-11-16,3,4750.22,46,1583.41,3,1,1,1.6666666666666667,Low Value
CUST00269,Aditya Das,2024-03-08,4,183221.25000000003,299,45805.31,1,2,4,2.3333333333333335,Medium Value
CUST00270,Saanvi Agarwal,2024-12-28,5,26010.63,4,5202.13,4,3,2,3.0,High Value
CUST00271,Isha Nair,2024-06-11,5,173470.1,204,34694.02,2,3,4,3.0,High Value
CUST00272,Krishna Reddy,2024-11-25,7,47588.82,37,6798.4,3,4,3,3.3333333333333335,High Value
CUST00273,Aarav Gupta,2024-07-08,5,31920.83,177,6384.17,2,3,2,2.3333333333333335,Medium Value
CUST00274,Saanvi Joshi,2024-12-14,9,29247.519999999997,18,3249.72,4,4,2,3.3333333333333335,High Value
CUST00275,Aarav Patel,2024-01-14,5,36144.96,353,7228.99,1,3,3,2.3333333333333335,Medium Value
CUST00276,Sai Bose,2024-09-15,4,11359.81,108,2839.95,2,2,1,1.6666666666666667,Low Value
CUST00278,Kiara Kapoor,2024-11-04,3,5152.6,58,1717.53,3,1,1,1.6666666666666667,Low Value
CUST00279,Ananya Kumar,2024-09-10,5,22603.05,113,4520.61,2,3,2,2.3333333333333335,Medium Value
CUST00280,Vihaan Gupta,2024-12-03,8,109967.13,29,13745.89,4,4,4,4.0,High Value
CUST00281,Riya Menon,2024-11-27,4,11398.65,35,2849.66,3,2,1,2.0,Medium Value
CUST00282,Navya Malhotra,2024-07-12,8,30034.81,173,3754.35,2,4,2,2.6666666666666665,Medium Value
CUST00283,Krishna Joshi,2024-01-20,3,55701.700000000004,347,18567.23,1,1,3,1.6666666666666667,Low Value
CUST00284,Aadhya Malhotra,2024-10-17,3,81132.32999999999,76,27044.11,3,1,4,2.6666666666666665,Medium Value
CUST00285,Aarav Gupta,2024-07-03,1,11636.95,182,11636.95,2,1,1,1.3333333333333333,Low Value
CUST00286,Myra Chopra,2024-12-23,5,34076.979999999996,9,6815.4,4,3,2,3.0,High Value
CUST00287,Diya Mehta,2023-12-10,1,6119.57,388,6119.57,1,1,1,1.0,Low Value
CUST00288,Myra Nair,2024-11-29,3,28497.65,33,9499.22,4,1,2,2.3333333333333335,Medium Value
CUST00289,Sai Bose,2024-03-14,4,15197.49,293,3799.37,1,2,2,1.6666666666666667,Low Value
CUST00290,Ayaan Singh,2024-10-09,4,37696.71,84,9424.18,2,2,3,2.3333333333333335,Medium Value
CUST00291,Ayaan Agarwal,2024-10-29,7,40528.33,64,5789.76,3,4,3,3.3333333333333335,High Value
CUST00292,Arjun Iyer,2024-09-05,3,15026.46,118,5008.82,2,1,2,1.6666666666666667,Low Value
CUST00293,Vihaan Joshi,2024-07-10,7,38090.3,175,5441.47,2,4,3,3.0,High Value
CUST00294,Krishna Sharma,2024-11-14,3,26428.01,48,8809.34,3,1,2,2.0,Medium Value
CUST00295,Isha Das,2024-11-07,6,71753.11,55,11958.85,3,3,3,3.0,High Value
CUST00296,Myra Das,2024-11-09,4,60741.69,53,15185.42,3,2,3,2.6666666666666665,Medium Value
CUST00297,Aadhya Gupta,2024-11-29,4,30125.690000000002,33,7531.42,4,2,2,2.6666666666666665,Medium Value
CUST00298,Sai Agarwal,2024-12-09,5,9390.599999999999,23,1878.12,4,3,1,2.6666666666666665,Medium Value
CUST00299,Riya Kumar,2024-10-26,5,29217.91,67,5843.58,3,3,2,2.6666666666666665,Medium Value
CUST00300,Kiara Verma,2024-12-02,3,30405.370000000003,30,10135.12,4,1,2,2.3333333333333335,Medium Value
CUST00301,Ishaan Agarwal,2024-08-12,4,19332.27,142,4833.07,2,2,2,2.0,Medium Value
CUST00302,Saanvi Kumar,2024-12-31,7,174574.58,1,24939.23,4,4,4,4.0,High Value
CUST00303,Aarav Sharma,2024-04-20,5,74114.82999999999,256,14822.97,1,3,4,2.6666666666666665,Medium Value
CUST00304,Navya Malhotra,2024-08-07,8,192583.66,147,24072.96,2,4,4,3.3333333333333335,High Value
CUST00305,Anika Chopra,2024-08-12,3,33728.25,142,11242.75,2,1,2,1.6666666666666667,Low Value
CUST00306,Anika Das,2023-07-28,1,3771.48,523,3771.48,1,1,1,1.0,Low Value
CUST00307,Aarav Verma,2023-12-23,3,186553.24,375,62184.41,1,1,4,2.0,Medium Value
CUST00308,Krishna Gupta,2024-10-10,5,208035.37,83,41607.07,3,3,4,3.3333333333333335,High Value
CUST00309,Aarav Kapoor,2024-11-20,6,81959.17,42,13659.86,3,3,4,3.3333333333333335,High Value
CUST00310,Sai Joshi,2024-12-06,2,29093.24,26,14546.62,4,1,2,2.3333333333333335,Medium Value
CUST00311,Arjun Kumar,2024-11-02,4,34213.96,60,8553.49,3,2,2,2.3333333333333335,Medium Value
CUST00312,Sai Gupta,2024-09-04,5,216669.09,119,43333.82,2,3,4,3.0,High Value
CUST00313,Arjun Kumar,2024-07-27,5,56380.549999999996,158,11276.11,2,3,3,2.6666666666666665,Medium Value
CUST00314,Ishaan Mehta,2024-10-31,1,2074.17,62,2074.17,3,1,1,1.6666666666666667,Low Value
CUST00315,Riya Joshi,2024-03-21,6,8857.35,286,1476.22,1,3,1,1.6666666666666667,Low Value
CUST00316,Aadhya Iyer,2024-12-11,2,20009.75,21,10004.88,4,1,2,2.3333333333333335,Medium Value
CUST00317,Aadhya Sharma,2024-12-22,8,134916.19,10,16864.52,4,4,4,4.0,High Value
CUST00318,Riya Das,2023-03-07,1,5538.89,666,5538.89,1,1,1,1.0,Low Value
CUST00319,Saanvi Singh,2024-12-10,4,12901.36,22,3225.34,4,2,1,2.3333333333333335,Medium Value
CUST00320,Aarav Joshi,2024-07-22,4,53576.46,163,13394.12,2,2,3,2.3333333333333335,Medium Value
CUST00321,Ayaan Verma,2024-02-28,2,8502.56,308,4251.28,1,1,1,1.0,Low Value
CUST00322,Ayaan Reddy,2024-01-15,2,5742.759999999999,352,2871.38,1,1,1,1.0,Low Value
CUST00323,Vivaan Gupta,2024-11-27,3,9470.33,35,3156.78,3,1,1,1.6666666666666667,Low Value
CUST00324,Navya Bose,2023-10-01,1,615.49,458,615.49,1,1,1,1.0,Low Value
CUST00325,Aarav Bose,2024-07-19,4,24111.72,166,6027.93,2,2,2,2.0,Medium Value
CUST00326,Arjun Joshi,2024-12-12,3,46452.82000000001,20,15484.27,4,1,3,2.6666666666666665,Medium Value
CUST00327,Myra Malhotra,2023-12-10,4,64302.28,388,16075.57,1,2,3,2.0,Medium Value
CUST00328,Kiara Kumar,2024-12-16,3,1665.97,16,555.32,4,1,1,2.0,Medium Value
CUST00329,Aadhya Verma,2024-12-19,5,135187.74,13,27037.55,4,3,4,3.6666666666666665,High Value
CUST00330,Ananya Pillai,2024-12-03,3,46709.479999999996,29,15569.83,4,1,3,2.6666666666666665,Medium Value
CUST00331,Reyansh Patel,2024-11-30,5,12838.28,32,2567.66,4,3,1,2.6666666666666665,Medium Value
CUST00332,Vivaan Patel,2024-06-03,7,206249.7,212,29464.24,1,4,4,3.0,High Value
CUST00333,Navya Verma,2024-09-11,3,28675.350000000002,112,9558.45,2,1,2,1.6666666666666667,Low Value
CUST00334,Navya Malhotra,2024-10-26,6,41475.46,67,6912.58,3,3,3,3.0,High Value
CUST00335,Riya Verma,2024-12-31,5,53235.39,1,10647.08,4,3,3,3.3333333333333335,High Value
CUST00336,Isha Patel,2024-10-01,2,42674.07,92,21337.04,2,1,3,2.0,Medium Value
CUST00337,Aarav Malhotra,2024-09-12,3,3605.3199999999997,111,1201.77,2,1,1,1.3333333333333333,Low Value
CUST00338,Ishaan Pillai,2024-08-24,7,123123.89000000001,130,17589.13,2,4,4,3.3333333333333335,High Value
CUST00339,Anika Kumar,2024-12-09,7,218301.88,23,31185.98,4,4,4,4.0,High Value
CUST00340,Vihaan Mehta,2024-09-04,9,39787.56,119,4420.84,2,4,3,3.0,High Value
CUST00341,Anika Mehta,2024-08-22,2,2882.48,132,1441.24,2,1,1,1.3333333333333333,Low Value
CUST00342,Anika Menon,2024-05-23,8,196898.39,223,24612.3,1,4,4,3.0,High Value
CUST00343,Arjun Verma,2024-12-25,4,60831.6,7,15207.9,4,2,3,3.0,High Value
CUST00344,Sai Verma,2024-12-09,7,72119.44,23,10302.78,4,4,3,3.6666666666666665,High Value
CUST00345,Saanvi Chopra,2024-09-20,5,31049.75,103,6209.95,2,3,2,2.3333333333333335,Medium Value
CUST00346,Ananya Kapoor,2023-01-30,1,7512.96,702,7512.96,1,1,1,1.0,Low Value
CUST00347,Ananya Pillai,2024-03-13,5,9688.43,294,1937.69,1,3,1,1.6666666666666667,Low Value
CUST00348,Kiara Kapoor,2024-10-12,6,38561.09,81,6426.85,3,3,3,3.0,High Value
CUST00349,Ananya Kapoor,2024-09-30,3,9766.46,93,3255.49,2,1,1,1.3333333333333333,Low Value
CUST00350,Ayaan Singh,2024-12-04,5,90358.09,28,18071.62,4,3,4,3.6666666666666665,High Value
CUST00351,Ayaan Singh,2024-11-11,4,25722.79,51,6430.7,3,2,2,2.3333333333333335,Medium Value
CUST00352,Aditya Gupta,2024-08-22,8,69723.29,132,8715.41,2,4,3,3.0,High Value
CUST00353,Navya Pillai,2024-11-03,6,46998.509999999995,59,7833.08,3,3,3,3.0,High Value
CUST00354,Riya Kumar,2024-09-14,4,166993.04,109,41748.26,2,2,4,2.6666666666666665,Medium Value
CUST00355,Navya Mehta,2024-11-09,2,5236.38,53,2618.19,3,1,1,1.6666666666666667,Low Value
CUST00356,Sai Sharma,2023-12-13,5,30923.089999999997,385,6184.62,1,3,2,2.0,Medium Value
CUST00357,Arjun Iyer,2024-07-14,4,57071.130000000005,171,14267.78,2,2,3,2.3333333333333335,Medium Value
CUST00358,Diya Rao,2024-10-20,2,4842.349999999999,73,2421.17,3,1,1,1.6666666666666667,Low Value
CUST00359,Vivaan Joshi,2024-09-26,6,119691.84,97,19948.64,2,3,4,3.0,High Value
CUST00360,Aadhya Das,2024-11-18,3,66994.1,44,22331.37,3,1,3,2.3333333333333335,Medium Value
CUST00361,Krishna Malhotra,2023-12-07,3,1795.29,391,598.43,1,1,1,1.0,Low Value
CUST00362,Kiara Chopra,2023-12-25,3,8875.48,373,2958.49,1,1,1,1.0,Low Value
CUST00363,Myra Joshi,2024-10-13,5,36358.13,80,7271.63,3,3,3,3.0,High Value
CUST00364,Vihaan Sharma,2023-12-13,4,44296.71,385,11074.18,1,2,3,2.0,Medium Value
CUST00365,Ayaan Joshi,2024-09-20,6,30728.489999999998,103,5121.42,2,3,2,2.3333333333333335,Medium Value
CUST00366,Aditya Menon,2024-01-28,7,53740.26,339,7677.18,1,4,3,2.6666666666666665,Medium Value
CUST00367,Kiara Malhotra,2024-05-26,3,8316.45,220,2772.15,1,1,1,1.0,Low Value
CUST00368,Aadhya Rao,2024-04-26,3,27022.47,250,9007.49,1,1,2,1.3333333333333333,Low Value
CUST00369,Vivaan Das,2024-11-14,10,121218.31,48,12121.83,3,4,4,3.6666666666666665,High Value
CUST00370,Aadhya Pillai,2024-01-05,3,26987.9,362,8995.97,1,1,2,1.3333333333333333,Low Value
CUST00371,Reyansh Gupta,2024-06-08,4,8412.810000000001,207,2103.2,2,2,1,1.6666666666666667,Low Value
CUST00372,Kiara Rao,2024-09-10,2,692.86,113,346.43,2,1,1,1.3333333333333333,Low Value
CUST00373,Ananya Malhotra,2024-07-04,4,76774.24,181,19193.56,2,2,4,2.6666666666666665,Medium Value
CUST00374,Saanvi Agarwal,2024-11-28,6,103390.38,34,17231.73,3,3,4,3.3333333333333335,High Value
CUST00375,Unknown,2023-08-07,1,17312.1,513,17312.1,1,1,2,1.3333333333333333,Low Value
CUST00376,Riya Malhotra,2024-10-15,5,34330.93,78,6866.19,3,3,2,2.6666666666666665,Medium Value
CUST00377,Arjun Mehta,2024-05-20,2,39516.31,226,19758.16,1,1,3,1.6666666666666667,Low Value
CUST00378,Reyansh Joshi,2024-09-07,1,2471.71,116,2471.71,2,1,1,1.3333333333333333,Low Value
CUST00379,Reyansh Bose,2024-12-31,5,51434.9,1,10286.98,4,3,3,3.3333333333333335,High Value
CUST00380,Anika Das,2024-12-28,7,87824.37000000001,4,12546.34,4,4,4,4.0,High Value
CUST00381,Isha Singh,2024-12-30,7,23594.48,2,3370.64,4,4,2,3.3333333333333335,High Value
CUST00382,Ishaan Gupta,2024-12-07,5,10352.119999999999,25,2070.42,4,3,1,2.6666666666666665,Medium Value
CUST00383,Krishna Das,2024-05-03,2,9273.82,243,4636.91,1,1,1,1.0,Low Value
CUST00384,Navya Malhotra,2024-10-08,7,179890.17,85,25698.6,2,4,4,3.3333333333333335,High Value
CUST00385,Vihaan Malhotra,2024-12-16,6,111557.33,16,18592.89,4,3,4,3.6666666666666665,High Value
CUST00386,Vivaan Malhotra,2024-03-27,4,41866.94,280,10466.74,1,2,3,2.0,Medium Value
CUST00387,Ayaan Nair,2024-10-23,5,81212.02,70,16242.4,3,3,4,3.3333333333333335,High Value
CUST00388,Anika Bose,2024-03-21,4,12263.529999999999,286,3065.88,1,2,1,1.3333333333333333,Low Value
CUST00389,Riya Mehta,2024-07-22,3,27270.54,163,9090.18,2,1,2,1.6666666666666667,Low Value
CUST00390,Krishna Kumar,2024-11-09,5,124857.11,53,24971.42,3,3,4,3.3333333333333335,High Value
CUST00391,Sai Menon,2024-12-02,1,2193.94,30,2193.94,4,1,1,2.0,Medium Value
CUST00392,Vivaan Das,2024-10-04,7,19146.13,89,2735.16,2,4,2,2.6666666666666665,Medium Value
CUST00393,Sai Kumar,2024-12-02,5,37665.07,30,7533.01,4,3,3,3.3333333333333335,High Value
CUST00394,Aarav Patel,2024-09-18,4,59967.009999999995,105,14991.75,2,2,3,2.3333333333333335,Medium Value
CUST00395,Sai Kapoor,2024-07-30,4,11656.27,155,2914.07,2,2,1,1.6666666666666667,Low Value
CUST00396,Vihaan Chopra,2024-06-10,1,5044.75,205,5044.75,2,1,1,1.3333333333333333,Low Value
CUST00397,Krishna Gupta,2024-08-24,4,56364.909999999996,130,14091.23,2,2,3,2.3333333333333335,Medium Value
CUST00398,Riya Nair,2024-10-09,5,111363.70999999999,84,22272.74,2,3,4,3.0,High Value
CUST00399,Arjun Singh,2024-04-21,3,27600.39,255,9200.13,1,1,2,1.3333333333333333,Low Value
CUST00400,Sai Verma,2024-11-23,4,44624.909999999996,39,11156.23,3,2,3,2.6666666666666665,Medium Value
CUST00401,Isha Chopra,2024-12-21,7,72673.06,11,10381.87,4,4,3,3.6666666666666665,High Value
CUST00402,Vihaan Malhotra,2024-11-13,3,24992.71,49,8330.9,3,1,2,2.0,Medium Value
CUST00403,Sai Joshi,2023-12-27,4,19320.9,371,4830.23,1,2,2,1.6666666666666667,Low Value
CUST00404,Sai Pillai,2024-12-16,7,32248.32,16,4606.9,4,4,2,3.3333333333333335,High Value
CUST00405,Vivaan Malhotra,2024-10-15,4,13977.9,78,3494.48,3,2,1,2.0,Medium Value
CUST00406,Ananya Nair,2024-12-29,9,197342.47,3,21926.94,4,4,4,4.0,High Value
CUST00407,Riya Das,2024-12-15,7,150582.66999999998,17,21511.81,4,4,4,4.0,High Value
CUST00408,Diya Kumar,2024-10-16,6,45615.4,77,7602.57,3,3,3,3.0,High Value
CUST00409,Sai Singh,2024-12-03,8,90634.05,29,11329.26,4,4,4,4.0,High Value
CUST00410,Riya Menon,2024-03-31,4,62637.479999999996,276,15659.37,1,2,3,2.0,Medium Value
CUST00411,Aarav Menon,2023-12-12,1,8369.47,386,8369.47,1,1,1,1.0,Low Value
CUST00412,Anika Bose,2024-10-24,4,37611.28,69,9402.82,3,2,3,2.6666666666666665,Medium Value
CUST00413,Kiara Sharma,2024-12-21,8,193945.56,11,24243.2,4,4,4,4.0,High Value
CUST00414,Aadhya Patel,2024-03-14,1,2173.22,293,2173.22,1,1,1,1.0,Low Value
CUST00415,Arjun Chopra,2024-11-08,6,31191.24,54,5198.54,3,3,2,2.6666666666666665,Medium Value
CUST00416,Vihaan Das,2024-11-17,4,50580.090000000004,45,12645.02,3,2,3,2.6666666666666665,Medium Value
CUST00417,Ananya Gupta,2024-06-12,5,86196.98999999999,203,17239.4,2,3,4,3.0,High Value
CUST00418,Aarav Patel,2024-12-12,10,28501.42,20,2850.14,4,4,2,3.3333333333333335,High Value
CUST00419,Navya Mehta,2024-08-20,4,75597.36,134,18899.34,2,2,4,2.6666666666666665,Medium Value
CUST00420,Arjun Mehta,2024-12-14,5,47649.65,18,9529.93,4,3,3,3.3333333333333335,High Value
CUST00421,Diya Verma,2024-11-25,5,32471.96,37,6494.39,3,3,2,2.6666666666666665,Medium Value
CUST00422,Saanvi Nair,2024-03-24,3,2437.44,283,812.48,1,1,1,1.0,Low Value
CUST00423,Vivaan Menon,2024-11-26,7,173344.75999999998,36,24763.54,3,4,4,3.6666666666666665,High Value
CUST00424,Aarav Kumar,2024-02-16,2,23270.5,320,11635.25,1,1,2,1.3333333333333333,Low Value
CUST00425,Krishna Joshi,2024-06-27,6,51942.28,188,8657.05,2,3,3,2.6666666666666665,Medium Value
CUST00426,Krishna Chopra,2024-10-12,3,68244.4,81,22748.13,3,1,3,2.3333333333333335,Medium Value
CUST00427,Kiara Patel,2024-06-11,7,94370.73,204,13481.53,2,4,4,3.3333333333333335,High Value
CUST00428,Aditya Joshi,2024-07-09,6,126095.34,176,21015.89,2,3,4,3.0,High Value
CUST00429,Arjun Bose,2024-09-19,4,31577.53,104,7894.38,2,2,2,2.0,Medium Value
CUST00430,Navya Rao,2024-08-13,5,214331.00999999998,141,42866.2,2,3,4,3.0,High Value
CUST00431,Ananya Iyer,2024-06-01,5,13116.77,214,2623.35,1,3,1,1.6666666666666667,Low Value
CUST00432,Vivaan Bose,2023-08-14,1,1782.75,506,1782.75,1,1,1,1.0,Low Value
CUST00433,Aditya Gupta,2024-12-19,4,26279.84,13,6569.96,4,2,2,2.6666666666666665,Medium Value
CUST00434,Aarav Nair,2024-08-20,6,20661.59,134,3443.6,2,4,2,2.6666666666666665,Medium Value
CUST00435,Ayaan Chopra,2024-12-27,10,134326.03999999998,5,13432.6,4,4,4,4.0,High Value
CUST00436,Krishna Kumar,2024-07-25,3,7805.16,160,2601.72,2,1,1,1.3333333333333333,Low Value
CUST00437,Aadhya Gupta,2024-12-26,6,69713.0,6,11618.83,4,4,3,3.6666666666666665,High Value
CUST00438,Arjun Kumar,2024-11-13,8,445584.45,49,55698.06,3,4,4,3.6666666666666665,High Value
CUST00439,Riya Rao,2024-10-12,4,77706.03,81,19426.51,3,2,4,3.0,High Value
CUST00440,Vihaan Das,2024-08-17,4,43912.84,137,10978.21,2,2,3,2.3333333333333335,Medium Value
CUST00441,Ishaan Agarwal,2023-10-28,2,9125.97,431,4562.98,1,1,1,1.0,Low Value
CUST00442,Ayaan Nair,2024-10-30,6,36849.71,63,6141.62,3,4,3,3.3333333333333335,High Value
CUST00443,Reyansh Nair,2024-12-27,5,19468.69,5,3893.74,4,3,2,3.0,High Value
CUST00444,Aadhya Pillai,2024-09-18,4,6422.61,105,1605.65,2,2,1,1.6666666666666667,Low Value
CUST00445,Sai Sharma,2024-10-27,5,172013.3,66,34402.66,3,3,4,3.3333333333333335,High Value
CUST00446,Kiara Sharma,2024-12-09,4,117937.04,23,29484.26,4,2,4,3.3333333333333335,High Value
CUST00448,Kiara Verma,2024-07-06,3,67318.24,179,22439.41,2,1,3,2.0,Medium Value
CUST00449,Aadhya Nair,2024-05-26,2,60994.21,220,30497.1,1,1,3,1.6666666666666667,Low Value
CUST00450,Ayaan Pillai,2024-11-01,7,35775.369999999995,61,5110.77,3,4,3,3.3333333333333335,High Value
CUST00451,Reyansh Pillai,2024-09-11,2,16757.760000000002,112,8378.88,2,1,2,1.6666666666666667,Low Value
CUST00452,Sai Patel,2023-02-05,2,10263.26,696,5131.63,1,1,1,1.0,Low Value
CUST00453,Aditya Reddy,2024-05-02,1,3806.52,244,3806.52,1,1,1,1.0,Low Value
CUST00454,Riya Nair,2024-08-07,6,135542.16999999998,147,22590.36,2,4,4,3.3333333333333335,High Value
CUST00455,Ishaan Menon,2024-09-16,7,138727.05,107,19818.15,2,4,4,3.3333333333333335,High Value
CUST00456,Kiara Malhotra,2024-11-10,12,117930.0,52,9827.5,3,4,4,3.6666666666666665,High Value
CUST00457,Aarav Menon,2024-10-05,5,64237.71000000001,88,12847.54,2,3,3,2.6666666666666665,Medium Value
CUST00458,Reyansh Singh,2024-09-04,2,13186.34,119,6593.17,2,1,1,1.3333333333333333,Low Value
CUST00459,Sai Sharma,2023-11-29,3,8900.009999999998,399,2966.67,1,1,1,1.0,Low Value
CUST00460,Arjun Sharma,2024-04-30,3,15453.57,246,5151.19,1,1,2,1.3333333333333333,Low Value
CUST00461,Vihaan Verma,2024-11-18,9,163473.59000000003,44,18163.73,3,4,4,3.6666666666666665,High Value
CUST00462,Ishaan Kumar,2024-11-29,6,22788.12,33,3798.02,4,4,2,3.3333333333333335,High Value
CUST00463,Ishaan Sharma,2024-09-05,3,17805.550000000003,118,5935.18,2,1,2,1.6666666666666667,Low Value
CUST00464,Sai Das,2024-11-24,5,96735.86,38,19347.17,3,3,4,3.3333333333333335,High Value
CUST00465,Kiara Singh,2024-12-04,5,69072.39,28,13814.48,4,3,3,3.3333333333333335,High Value
CUST00466,Saanvi Menon,2024-12-22,2,81586.64,10,40793.32,4,1,4,3.0,High Value
CUST00467,Kiara Nair,2024-08-03,5,93291.57,151,18658.31,2,3,4,3.0,High Value
CUST00468,Arjun Malhotra,2024-07-27,3,173176.31,158,57725.44,2,1,4,2.3333333333333335,Medium Value
CUST00469,Vihaan Bose,2024-04-15,6,33758.46,261,5626.41,1,4,2,2.3333333333333335,Medium Value
CUST00470,Saanvi Verma,2024-04-26,1,4522.03,250,4522.03,1,1,1,1.0,Low Value
CUST00471,Riya Pillai,2024-12-09,5,39839.649999999994,23,7967.93,4,3,3,3.3333333333333335,High Value
CUST00472,Vihaan Singh,2024-12-06,5,26810.780000000002,26,5362.16,4,3,2,3.0,High Value
CUST00473,Ananya Kumar,2024-04-18,4,12338.470000000001,258,3084.62,1,2,1,1.3333333333333333,Low Value
CUST00474,Isha Chopra,2024-11-10,1,1727.42,52,1727.42,3,1,1,1.6666666666666667,Low Value
CUST00475,Ishaan Nair,2023-09-19,3,75253.82,470,25084.61,1,1,4,2.0,Medium Value
CUST00476,Sai Patel,2024-12-20,1,498.33,12,498.33,4,1,1,2.0,Medium Value
CUST00477,Ayaan Malhotra,2024-09-14,7,94786.05,109,13540.86,2,4,4,3.3333333333333335,High Value
CUST00478,Aadhya Chopra,2024-05-05,4,55166.5,241,13791.62,1,2,3,2.0,Medium Value
CUST00479,Diya Das,2024-12-09,6,37325.909999999996,23,6220.98,4,4,3,3.6666666666666665,High Value
CUST00480,Ayaan Agarwal,2024-06-11,7,20448.28,204,2921.18,2,4,2,2.6666666666666665,Medium Value
CUST00481,Aarav Malhotra,2024-07-08,3,3446.95,177,1148.98,2,1,1,1.3333333333333333,Low Value
CUST00482,Ayaan Chopra,2024-03-12,3,52205.38,295,17401.79,1,1,3,1.6666666666666667,Low Value
CUST00483,Diya Bose,2024-08-31,6,210467.58,123,35077.93,2,4,4,3.3333333333333335,High Value
CUST00484,Vihaan Kapoor,2023-03-30,1,6727.62,643,6727.62,1,1,1,1.0,Low Value
CUST00485,Vihaan Kumar,2024-11-06,6,194408.65,56,32401.44,3,4,4,3.6666666666666665,High Value
CUST00486,Arjun Nair,2024-11-28,5,43810.49,34,8762.1,3,3,3,3.0,High Value
CUST00487,Ishaan Joshi,2024-12-14,5,27327.16,18,5465.43,4,3,2,3.0,High Value
CUST00488,Krishna Pillai,2024-01-09,2,5545.08,358,2772.54,1,1,1,1.0,Low Value
CUST00489,Aadhya Nair,2024-12-03,6,60682.96,29,10113.83,4,4,3,3.6666666666666665,High Value
CUST00490,Krishna Chopra,2023-10-08,2,110423.3,451,55211.65,1,1,4,2.0,Medium Value
CUST00491,Aarav Rao,2024-10-17,5,9974.95,76,1994.99,3,3,1,2.3333333333333335,Medium Value
CUST00492,Arjun Rao,2024-05-23,5,43487.58,223,8697.52,1,3,3,2.3333333333333335,Medium Value
CUST00493,Vihaan Sharma,2023-12-24,3,49784.270000000004,374,16594.76,1,1,3,1.6666666666666667,Low Value
CUST00494,Riya Nair,2024-12-02,5,86403.67,30,17280.73,4,3,4,3.6666666666666665,High Value
CUST00495,Kiara Malhotra,2024-02-06,4,10631.69,330,2657.92,1,2,1,1.3333333333333333,Low Value
CUST00496,Krishna Iyer,2024-11-02,6,55889.35,60,9314.89,3,4,3,3.3333333333333335,High Value
CUST00497,Ishaan Menon,2024-11-18,8,16855.75,44,2106.97,3,4,2,3.0,High Value
CUST00498,Krishna Gupta,2024-04-14,1,1912.52,262,1912.52,1,1,1,1.0,Low Value
CUST00499,Isha Chopra,2024-12-29,2,47379.16,3,23689.58,4,1,3,2.6666666666666665,Medium Value
CUST00500,Sai Verma,2024-11-13,2,126070.88,49,63035.44,3,1,4,2.6666666666666665,Medium Value
CUST00501,Reyansh Agarwal,2024-01-19,1,7741.0,348,7741.0,1,1,1,1.0,Low Value
CUST00502,Vivaan Joshi,2023-12-21,4,53175.0,377,13293.75,1,2,3,2.0,Medium Value
CUST00503,Ananya Bose,2024-12-01,2,10789.54,31,5394.77,4,1,1,2.0,Medium Value
CUST00504,Riya Reddy,2023-07-29,3,59311.9,522,19770.63,1,1,3,1.6666666666666667,Low Value
CUST00505,Isha Patel,2024-09-04,5,33201.37,119,6640.27,2,3,2,2.3333333333333335,Medium Value
CUST00506,Aarav Joshi,2024-12-12,4,82703.73,20,20675.93,4,2,4,3.3333333333333335,High Value
CUST00507,Ananya Agarwal,2024-11-19,3,15952.369999999999,43,5317.46,3,1,2,2.0,Medium Value
CUST00508,Anika Reddy,2024-10-30,8,110778.17000000001,63,13847.27,3,4,4,3.6666666666666665,High Value
CUST00509,Anika Menon,2024-12-08,3,17890.69,24,5963.56,4,1,2,2.3333333333333335,Medium Value
CUST00510,Krishna Joshi,2024-10-19,9,215685.58000000002,74,23965.06,3,4,4,3.6666666666666665,High Value
CUST00511,Isha Nair,2024-01-17,2,8637.16,350,4318.58,1,1,1,1.0,Low Value
CUST00512,Anika Reddy,2024-08-23,7,72918.42000000001,131,10416.92,2,4,3,3.0,High Value
CUST00513,Aarav Das,2023-10-11,1,2561.21,448,2561.21,1,1,1,1.0,Low Value
CUST00514,Riya Pillai,2024-07-14,3,10360.26,171,3453.42,2,1,1,1.3333333333333333,Low Value
CUST00515,Anika Das,2024-01-26,4,17689.59,341,4422.4,1,2,2,1.6666666666666667,Low Value
CUST00516,Myra Nair,2024-11-03,4,10731.5,59,2682.88,3,2,1,2.0,Medium Value
CUST00517,Riya Agarwal,2024-12-16,4,5704.07,16,1426.02,4,2,1,2.3333333333333335,Medium Value
CUST00518,Aarav Rao,2024-11-04,5,22711.3,58,4542.26,3,3,2,2.6666666666666665,Medium Value
CUST00519,Riya Malhotra,2024-11-14,6,29625.730000000003,48,4937.62,3,4,2,3.0,High Value
CUST00520,Navya Verma,2024-02-04,3,77965.42000000001,332,25988.47,1,1,4,2.0,Medium Value
CUST00521,Anika Agarwal,2024-11-23,9,201179.24000000002,39,22353.25,3,4,4,3.6666666666666665,High Value
CUST00522,Sai Pillai,2024-12-15,2,14998.06,17,7499.03,4,1,2,2.3333333333333335,Medium Value
CUST00523,Vihaan Sharma,2023-12-10,7,124460.34,388,17780.05,1,4,4,3.0,High Value
CUST00524,Ayaan Reddy,2024-12-04,2,10720.11,28,5360.06,4,1,1,2.0,Medium Value
CUST00525,Aditya Mehta,2024-12-01,3,26616.21,31,8872.07,4,1,2,2.3333333333333335,Medium Value
CUST00526,Ishaan Pillai,2024-09-04,4,35344.57,119,8836.14,2,2,3,2.3333333333333335,Medium Value
CUST00527,Aadhya Verma,2024-12-26,3,21208.39,6,7069.46,4,1,2,2.3333333333333335,Medium Value
CUST00528,Aarav Agarwal,2024-12-07,5,8400.44,25,1680.09,4,3,1,2.6666666666666665,Medium Value
CUST00529,Reyansh Nair,2024-02-24,2,6085.04,312,3042.52,1,1,1,1.0,Low Value
CUST00530,Aarav Gupta,2024-08-29,2,2499.6499999999996,125,1249.82,2,1,1,1.3333333333333333,Low Value
CUST00531,Ayaan Malhotra,2024-10-26,2,90776.31,67,45388.16,3,1,4,2.6666666666666665,Medium Value
CUST00532,Arjun Gupta,2024-06-12,7,23334.47,203,3333.5,2,4,2,2.6666666666666665,Medium Value
CUST00533,Riya Sharma,2024-06-14,7,323525.11,201,46217.87,2,4,4,3.3333333333333335,High Value
CUST00534,Kiara Nair,2024-06-18,4,42672.47,197,10668.12,2,2,3,2.3333333333333335,Medium Value
CUST00535,Vivaan Gupta,2024-01-28,3,54893.68,339,18297.89,1,1,3,1.6666666666666667,Low Value
CUST00536,Aadhya Rao,2023-09-15,3,9359.57,474,3119.86,1,1,1,1.0,Low Value
CUST00537,Ananya Kapoor,2024-08-19,4,79698.67,135,19924.67,2,2,4,2.6666666666666665,Medium Value
CUST00538,Vihaan Menon,2024-08-30,4,161605.19,124,40401.3,2,2,4,2.6666666666666665,Medium Value
CUST00539,Arjun Rao,2024-12-17,8,30590.67,15,3823.83,4,4,2,3.3333333333333335,High Value
CUST00540,Myra Agarwal,2024-09-26,7,85517.48,97,12216.78,2,4,4,3.3333333333333335,High Value
CUST00541,Reyansh Mehta,2023-06-26,1,2198.51,555,2198.51,1,1,1,1.0,Low Value
CUST00542,Reyansh Sharma,2024-05-18,3,5083.68,228,1694.56,1,1,1,1.0,Low Value
CUST00543,Riya Kapoor,2024-10-30,6,19939.63,63,3323.27,3,4,2,3.0,High Value
CUST00544,Riya Singh,2024-12-23,3,100171.56000000001,9,33390.52,4,1,4,3.0,High Value
CUST00545,Navya Verma,2024-10-10,4,16608.69,83,4152.17,3,2,2,2.3333333333333335,Medium Value
CUST00546,Aarav Malhotra,2024-10-29,8,51160.97,64,6395.12,3,4,3,3.3333333333333335,High Value
CUST00547,Arjun Menon,2024-03-25,4,24465.66,282,6116.42,1,2,2,1.6666666666666667,Low Value
CUST00548,Ananya Mehta,2023-01-28,1,3872.83,704,3872.83,1,1,1,1.0,Low Value
CUST00549,Vivaan Gupta,2024-11-29,6,83890.33,33,13981.72,4,4,4,4.0,High Value
CUST00550,Diya Menon,2024-11-26,4,100418.68999999999,36,25104.67,3,2,4,3.0,High Value
CUST00551,Arjun Kumar,2023-03-03,1,720.95,670,720.95,1,1,1,1.0,Low Value
CUST00552,Sai Iyer,2023-12-27,2,1216.73,371,608.36,1,1,1,1.0,Low Value
CUST00553,Vivaan Bose,2024-12-14,10,58558.149999999994,18,5855.82,4,4,3,3.6666666666666665,High Value
CUST00554,Aditya Menon,2024-11-10,3,7470.849999999999,52,2490.28,3,1,1,1.6666666666666667,Low Value
CUST00555,Diya Joshi,2024-08-01,1,4950.36,153,4950.36,2,1,1,1.3333333333333333,Low Value
CUST00556,Ishaan Rao,2024-04-17,7,43386.44,259,6198.06,1,4,3,2.6666666666666665,Medium Value
CUST00557,Anika Agarwal,2023-11-20,3,79321.95,408,26440.65,1,1,4,2.0,Medium Value
CUST00558,Riya Joshi,2024-12-27,9,83317.73,5,9257.53,4,4,4,4.0,High Value
CUST00559,Aadhya Iyer,2024-11-15,5,16158.82,47,3231.76,3,3,2,2.6666666666666665,Medium Value
CUST00560,Ayaan Verma,2024-11-23,3,21735.909999999996,39,7245.3,3,1,2,2.0,Medium Value
CUST00561,Saanvi Reddy,2024-10-09,6,67541.09,84,11256.85,2,4,3,3.0,High Value
CUST00562,Unknown,2024-10-29,5,10943.51,64,2188.7,3,3,1,2.3333333333333335,Medium Value
CUST00563,Aadhya Singh,2024-10-20,7,35527.97,73,5075.42,3,4,3,3.3333333333333335,High Value
CUST00564,Saanvi Verma,2023-06-15,1,4980.67,566,4980.67,1,1,1,1.0,Low Value
CUST00565,Arjun Chopra,2024-10-20,5,14660.59,73,2932.12,3,3,1,2.3333333333333335,Medium Value
CUST00566,Sai Agarwal,2024-10-19,7,60613.75,74,8659.11,3,4,3,3.3333333333333335,High Value
CUST00567,Ishaan Singh,2024-12-04,7,17569.25,28,2509.89,4,4,2,3.3333333333333335,High Value
CUST00568,Krishna Patel,2024-12-03,7,49059.299999999996,29,7008.47,4,4,3,3.6666666666666665,High Value
CUST00569,Vivaan Joshi,2024-01-01,4,64448.56,366,16112.14,1,2,3,2.0,Medium Value
CUST00570,Arjun Patel,2024-08-01,3,13236.529999999999,153,4412.18,2,1,1,1.3333333333333333,Low Value
CUST00571,Diya Mehta,2024-11-14,5,46609.619999999995,48,9321.92,3,3,3,3.0,High Value
CUST00572,Sai Nair,2024-08-12,3,27519.61,142,9173.2,2,1,2,1.6666666666666667,Low Value
CUST00573,Vivaan Bose,2024-10-16,5,62889.49,77,12577.9,3,3,3,3.0,High Value
CUST00574,Saanvi Reddy,2024-09-03,2,8633.37,120,4316.69,2,1,1,1.3333333333333333,Low Value
CUST00575,Ishaan Das,2024-12-15,3,12759.24,17,4253.08,4,1,1,2.0,Medium Value
CUST00576,Anika Rao,2024-06-01,3,23940.27,214,7980.09,1,1,2,1.3333333333333333,Low Value
CUST00577,Vivaan Chopra,2024-11-13,5,53980.22,49,10796.04,3,3,3,3.0,High Value
CUST00578,Aarav Pillai,2024-10-24,6,22822.25,69,3803.71,3,4,2,3.0,High Value
CUST00579,Vihaan Pillai,2024-01-13,3,16050.529999999999,354,5350.18,1,1,2,1.3333333333333333,Low Value
CUST00580,Ananya Nair,2024-11-28,5,85571.2,34,17114.24,3,3,4,3.3333333333333335,High Value
CUST00581,Ananya Singh,2024-05-23,2,33295.44,223,16647.72,1,1,2,1.3333333333333333,Low Value
CUST00582,Anika Reddy,2024-02-08,2,11558.09,328,5779.04,1,1,1,1.0,Low Value
CUST00583,Ayaan Gupta,2024-03-08,3,90919.12,299,30306.37,1,1,4,2.0,Medium Value
CUST00584,Vivaan Malhotra,2024-09-20,5,274879.36,103,54975.87,2,3,4,3.0,High Value
CUST00585,Arjun Sharma,2024-12-30,2,7834.32,2,3917.16,4,1,1,2.0,Medium Value
CUST00586,Vihaan Malhotra,2024-10-16,5,74093.27,77,14818.65,3,3,4,3.3333333333333335,High Value
CUST00587,Isha Pillai,2024-11-11,5,76501.69,51,15300.34,3,3,4,3.3333333333333335,High Value
CUST00588,Aditya Menon,2024-11-14,7,244028.44,48,34861.21,3,4,4,3.6666666666666665,High Value
CUST00589,Ananya Joshi,2024-10-12,4,30594.42,81,7648.6,3,2,2,2.3333333333333335,Medium Value
CUST00590,Saanvi Chopra,2023-01-30,1,3316.87,702,3316.87,1,1,1,1.0,Low Value
CUST00591,Vivaan Iyer,2024-11-15,5,59556.28999999999,47,11911.26,3,3,3,3.0,High Value
CUST00592,Vivaan Iyer,2024-11-06,2,9311.47,56,4655.73,3,1,1,1.6666666666666667,Low Value
CUST00593,Krishna Nair,2024-10-30,3,4279.15,63,1426.38,3,1,1,1.6666666666666667,Low Value
CUST00594,Anika Sharma,2024-10-10,5,534555.14,83,106911.03,3,3,4,3.3333333333333335,High Value
CUST00595,Ananya Nair,2024-10-06,1,56682.28,87,56682.28,2,1,3,2.0,Medium Value
CUST00596,Ishaan Reddy,2024-12-17,5,21057.65,15,4211.53,4,3,2,3.0,High Value
CUST00597,Aditya Gupta,2024-07-23,1,331.29,162,331.29,2,1,1,1.3333333333333333,Low Value
CUST00598,Navya Kumar,2024-06-25,4,71193.23,190,17798.31,2,2,3,2.3333333333333335,Medium Value
CUST00599,Diya Bose,2024-07-01,3,126666.18000000001,184,42222.06,2,1,4,2.3333333333333335,Medium Value
CUST00600,Riya Patel,2024-06-10,4,22794.879999999997,205,5698.72,2,2,2,2.0,Medium Value
CUST00601,Vivaan Bose,2024-09-01,2,33911.95,122,16955.97,2,1,2,1.6666666666666667,Low Value
CUST00602,Riya Kumar,2024-07-13,4,100083.72,172,25020.93,2,2,4,2.6666666666666665,Medium Value
CUST00603,Diya Joshi,2024-10-16,2,8376.01,77,4188.0,3,1,1,1.6666666666666667,Low Value
CUST00604,Anika Mehta,2024-09-04,2,9371.97,119,4685.98,2,1,1,1.3333333333333333,Low Value
CUST00605,Anika Malhotra,2024-08-29,7,37636.53,125,5376.65,2,4,3,3.0,High Value
CUST00606,Diya Kapoor,2024-10-21,4,9632.56,72,2408.14,3,2,1,2.0,Medium Value
CUST00607,Riya Nair,2024-12-29,7,241484.55,3,34497.79,4,4,4,4.0,High Value
CUST00608,Anika Kumar,2024-12-23,5,74571.84,9,14914.37,4,3,4,3.6666666666666665,High Value
CUST00609,Myra Patel,2024-12-24,8,221675.96000000002,8,27709.5,4,4,4,4.0,High Value
CUST00610,Ayaan Agarwal,2024-11-07,4,284391.29,55,71097.82,3,2,4,3.0,High Value
CUST00611,Diya Malhotra,2024-10-08,3,4382.5,85,1460.83,2,1,1,1.3333333333333333,Low Value
CUST00612,Krishna Das,2024-11-26,4,8702.67,36,2175.67,3,2,1,2.0,Medium Value
CUST00613,Kiara Mehta,2023-08-23,1,8280.47,497,8280.47,1,1,1,1.0,Low Value
CUST00614,Myra Reddy,2024-01-28,2,10122.11,339,5061.06,1,1,1,1.0,Low Value
CUST00615,Anika Reddy,2024-08-26,4,23151.35,128,5787.84,2,2,2,2.0,Medium Value
CUST00616,Aadhya Malhotra,2024-10-04,6,53130.39,89,8855.06,2,4,3,3.0,High Value
CUST00617,Reyansh Iyer,2024-12-12,5,16117.91,20,3223.58,4,3,2,3.0,High Value
CUST00618,Riya Kapoor,2024-12-07,5,204775.09,25,40955.02,4,3,4,3.6666666666666665,High Value
CUST00619,Ayaan Agarwal,2024-10-28,4,94803.42,65,23700.86,3,2,4,3.0,High Value
CUST00621,Reyansh Gupta,2024-11-14,5,118515.92,48,23703.18,3,3,4,3.3333333333333335,High Value
CUST00622,Navya Mehta,2024-04-22,1,2081.72,254,2081.72,1,1,1,1.0,Low Value
CUST00623,Reyansh Joshi,2024-12-26,4,15823.169999999998,6,3955.79,4,2,2,2.6666666666666665,Medium Value
CUST00624,Aadhya Gupta,2024-12-04,2,6310.26,28,3155.13,4,1,1,2.0,Medium Value
CUST00625,Diya Das,2024-11-16,6,38842.07,46,6473.68,3,4,3,3.3333333333333335,High Value
CUST00626,Vivaan Gupta,2024-12-16,6,186080.52,16,31013.42,4,4,4,4.0,High Value
CUST00627,Arjun Chopra,2024-06-13,1,5884.37,202,5884.37,2,1,1,1.3333333333333333,Low Value
CUST00628,Ayaan Bose,2024-01-04,2,53961.759999999995,363,26980.88,1,1,3,1.6666666666666667,Low Value
CUST00629,Reyansh Malhotra,2024-11-30,2,32905.3,32,16452.65,4,1,2,2.3333333333333335,Medium Value
CUST00630,Unknown,2024-02-27,4,76028.04000000001,309,19007.01,1,2,4,2.3333333333333335,Medium Value
CUST00631,Saanvi Agarwal,2024-11-16,4,20334.579999999998,46,5083.64,3,2,2,2.3333333333333335,Medium Value
CUST00632,Aarav Kapoor,2023-06-21,1,3005.33,560,3005.33,1,1,1,1.0,Low Value
CUST00633,Saanvi Mehta,2024-10-22,4,25391.95,71,6347.99,3,2,2,2.3333333333333335,Medium Value
CUST00634,Diya Verma,2024-12-20,3,37545.4,12,12515.13,4,1,3,2.6666666666666665,Medium Value
CUST00635,Aditya Mehta,2024-04-14,4,62030.409999999996,262,15507.6,1,2,3,2.0,Medium Value
CUST00636,Vivaan Das,2024-06-15,5,33643.68,200,6728.74,2,3,2,2.3333333333333335,Medium Value
CUST00637,Saanvi Agarwal,2024-02-04,1,2088.35,332,2088.35,1,1,1,1.0,Low Value
CUST00638,Aditya Reddy,2024-12-11,4,24420.39,21,6105.1,4,2,2,2.6666666666666665,Medium Value
CUST00639,Aadhya Menon,2024-11-27,6,85367.85,35,14227.98,3,4,4,3.6666666666666665,High Value
CUST00640,Unknown,2024-10-18,3,18095.47,75,6031.82,3,1,2,2.0,Medium Value
CUST00641,Myra Bose,2024-07-13,5,14166.91,172,2833.38,2,3,1,2.0,Medium Value
CUST00642,Kiara Mehta,2024-08-15,6,12465.83,139,2077.64,2,4,1,2.3333333333333335,Medium Value
CUST00643,Reyansh Menon,2024-12-14,5,21616.44,18,4323.29,4,3,2,3.0,High Value
CUST00644,Arjun Sharma,2024-07-05,3,102048.28,180,34016.09,2,1,4,2.3333333333333335,Medium Value
CUST00645,Anika Gupta,2023-07-30,2,8934.07,521,4467.04,1,1,1,1.0,Low Value
CUST00646,Saanvi Rao,2024-11-08,6,22712.91,54,3785.48,3,4,2,3.0,High Value
CUST00647,Navya Singh,2024-09-22,6,87772.57999999999,101,14628.76,2,4,4,3.3333333333333335,High Value
CUST00648,Navya Kumar,2024-08-05,1,2600.94,149,2600.94,2,1,1,1.3333333333333333,Low Value
CUST00649,Myra Sharma,2024-12-02,4,2890.3,30,722.58,4,2,1,2.3333333333333335,Medium Value
CUST00650,Aadhya Malhotra,2024-10-20,5,57633.16,73,11526.63,3,3,3,3.0,High Value
CUST00651,Krishna Malhotra,2024-09-15,6,50251.97,108,8375.33,2,4,3,3.0,High Value
CUST00652,Anika Singh,2024-06-12,3,7233.08,203,2411.03,2,1,1,1.3333333333333333,Low Value
CUST00653,Diya Kumar,2024-11-16,5,25350.260000000002,46,5070.05,3,3,2,2.6666666666666665,Medium Value
CUST00654,Arjun Chopra,2024-12-12,3,41054.32,20,13684.77,4,1,3,2.6666666666666665,Medium Value
CUST00655,Sai Reddy,2024-12-11,5,38972.29,21,7794.46,4,3,3,3.3333333333333335,High Value
CUST00656,Aadhya Chopra,2024-09-12,7,56360.17,111,8051.45,2,4,3,3.0,High Value
CUST00657,Saanvi Verma,2024-11-04,2,42496.159999999996,58,21248.08,3,1,3,2.3333333333333335,Medium Value
CUST00658,Reyansh Menon,2024-10-29,3,3012.5,64,1004.17,3,1,1,1.6666666666666667,Low Value
CUST00659,Vihaan Nair,2024-01-22,4,12686.220000000001,345,3171.56,1,2,1,1.3333333333333333,Low Value
CUST00660,Isha Pillai,2024-10-29,2,12339.66,64,6169.83,3,1,1,1.6666666666666667,Low Value
CUST00661,Saanvi Rao,2024-08-19,4,87545.82,135,21886.46,2,2,4,2.6666666666666665,Medium Value
CUST00662,Ishaan Chopra,2024-12-26,8,17530.74,6,2191.34,4,4,2,3.3333333333333335,High Value
CUST00663,Unknown,2024-12-04,6,7492.3,28,1248.72,4,4,1,3.0,High Value
CUST00664,Anika Gupta,2024-02-27,2,34405.88,309,17202.94,1,1,2,1.3333333333333333,Low Value
CUST00665,Sai Kumar,2024-09-29,8,182957.0,94,22869.62,2,4,4,3.3333333333333335,High Value
CUST00666,Arjun Malhotra,2024-04-28,2,10312.630000000001,248,5156.32,1,1,1,1.0,Low Value
CUST00667,Anika Iyer,2024-01-19,4,12845.0,348,3211.25,1,2,1,1.3333333333333333,Low Value
CUST00668,Aditya Menon,2024-09-14,6,109221.86,109,18203.64,2,4,4,3.3333333333333335,High Value
CUST00669,Anika Mehta,2024-04-21,2,11660.24,255,5830.12,1,1,1,1.0,Low Value
CUST00670,Aditya Agarwal,2024-11-28,4,27774.180000000004,34,6943.55,3,2,2,2.3333333333333335,Medium Value
CUST00671,Navya Joshi,2024-10-01,3,3169.71,92,1056.57,2,1,1,1.3333333333333333,Low Value
CUST00672,Aditya Gupta,2024-11-01,4,18733.89,61,4683.47,3,2,2,2.3333333333333335,Medium Value
CUST00673,Sai Das,2024-10-01,4,50737.090000000004,92,12684.27,2,2,3,2.3333333333333335,Medium Value
CUST00674,Kiara Iyer,2024-06-10,2,48757.14,205,24378.57,2,1,3,2.0,Medium Value
CUST00675,Vihaan Rao,2023-07-02,1,728.2,549,728.2,1,1,1,1.0,Low Value
CUST00676,Arjun Verma,2024-11-25,4,26846.01,37,6711.5,3,2,2,2.3333333333333335,Medium Value
CUST00677,Ananya Iyer,2024-06-03,7,16820.24,212,2402.89,1,4,2,2.3333333333333335,Medium Value
CUST00678,Aditya Iyer,2024-11-10,4,37566.98,52,9391.75,3,2,3,2.6666666666666665,Medium Value
CUST00679,Aditya Verma,2024-11-20,3,52266.96000000001,42,17422.32,3,1,3,2.3333333333333335,Medium Value
CUST00680,Diya Mehta,2024-08-19,4,11975.67,135,2993.92,2,2,1,1.6666666666666667,Low Value
CUST00681,Krishna Malhotra,2024-05-04,5,73762.81,242,14752.56,1,3,4,2.6666666666666665,Medium Value
CUST00682,Ayaan Kumar,2024-12-21,5,38900.76,11,7780.15,4,3,3,3.3333333333333335,High Value
CUST00683,Ananya Verma,2024-10-23,6,42861.229999999996,70,7143.54,3,4,3,3.3333333333333335,High Value
CUST00684,Kiara Patel,2024-12-04,4,24827.98,28,6207.0,4,2,2,2.6666666666666665,Medium Value
CUST00685,Ayaan Kumar,2024-07-06,8,65788.47,179,8223.56,2,4,3,3.0,High Value
CUST00686,Myra Agarwal,2024-02-29,3,84912.01000000001,307,28304.0,1,1,4,2.0,Medium Value
CUST00687,Sai Kumar,2023-09-23,2,8804.42,466,4402.21,1,1,1,1.0,Low Value
CUST00688,Myra Das,2023-01-10,1,505.51,722,505.51,1,1,1,1.0,Low Value
CUST00689,Arjun Das,2024-09-10,9,130541.23,113,14504.58,2,4,4,3.3333333333333335,High Value
CUST00690,Anika Agarwal,2024-11-15,3,234070.25,47,78023.42,3,1,4,2.6666666666666665,Medium Value
CUST00691,Ayaan Das,2024-06-30,4,40443.38,185,10110.84,2,2,3,2.3333333333333335,Medium Value
CUST00692,Riya Gupta,2024-11-15,4,17328.13,47,4332.03,3,2,2,2.3333333333333335,Medium Value
CUST00693,Ayaan Verma,2023-08-12,3,7347.25,508,2449.08,1,1,1,1.0,Low Value
CUST00694,Ayaan Das,2023-07-19,1,6916.57,532,6916.57,1,1,1,1.0,Low Value
CUST00695,Saanvi Sharma,2024-02-08,3,25486.74,328,8495.58,1,1,2,1.3333333333333333,Low Value
CUST00696,Sai Pillai,2024-11-27,2,11104.77,35,5552.38,3,1,1,1.6666666666666667,Low Value
CUST00697,Myra Nair,2024-09-12,3,15583.18,111,5194.39,2,1,2,1.6666666666666667,Low Value
CUST00698,Aarav Kapoor,2024-10-23,10,392016.33,70,39201.63,3,4,4,3.6666666666666665,High Value
CUST00699,Krishna Das,2024-07-13,4,32030.449999999997,172,8007.61,2,2,2,2.0,Medium Value
CUST00700,Ananya Das,2024-12-04,6,168823.99,28,28137.33,4,4,4,4.0,High Value
CUST00701,Unknown,2024-01-12,6,10392.869999999999,355,1732.14,1,4,1,2.0,Medium Value
CUST00702,Sai Reddy,2024-04-07,2,34064.71,269,17032.36,1,1,2,1.3333333333333333,Low Value
CUST00703,Arjun Chopra,2024-11-18,6,114206.19,44,19034.37,3,4,4,3.6666666666666665,High Value
CUST00704,Saanvi Pillai,2024-02-23,2,11263.86,313,5631.93,1,1,1,1.0,Low Value
CUST00705,Ishaan Mehta,2024-11-23,3,13273.970000000001,39,4424.66,3,1,1,1.6666666666666667,Low Value
CUST00706,Ananya Reddy,2024-06-25,5,60236.15,190,12047.23,2,3,3,2.6666666666666665,Medium Value
CUST00707,Navya Singh,2024-09-06,4,141725.61,117,35431.4,2,2,4,2.6666666666666665,Medium Value
CUST00708,Vivaan Rao,2024-12-04,8,154024.2,28,19253.03,4,4,4,4.0,High Value
CUST00709,Saanvi Bose,2024-12-18,3,19116.690000000002,14,6372.23,4,1,2,2.3333333333333335,Medium Value
CUST00710,Reyansh Verma,2024-02-26,4,35267.23,310,8816.81,1,2,3,2.0,Medium Value
CUST00711,Saanvi Rao,2024-08-20,3,9291.23,134,3097.08,2,1,1,1.3333333333333333,Low Value
CUST00712,Anika Iyer,2024-12-25,5,42488.63,7,8497.73,4,3,3,3.3333333333333335,High Value
CUST00713,Anika Nair,2024-09-20,2,21159.66,103,10579.83,2,1,2,1.6666666666666667,Low Value
CUST00714,Vivaan Das,2024-12-12,5,91727.39,20,18345.48,4,3,4,3.6666666666666665,High Value
CUST00715,Aditya Kapoor,2024-12-15,4,20912.3,17,5228.08,4,2,2,2.6666666666666665,Medium Value
CUST00716,Sai Pillai,2024-09-24,8,91685.31,99,11460.66,2,4,4,3.3333333333333335,High Value
CUST00717,Reyansh Mehta,2024-05-24,1,26155.3,222,26155.3,1,1,2,1.3333333333333333,Low Value
CUST00718,Krishna Verma,2024-06-06,2,1986.89,209,993.44,2,1,1,1.3333333333333333,Low Value
CUST00719,Kiara Kumar,2023-11-22,2,11553.68,406,5776.84,1,1,1,1.0,Low Value
CUST00720,Vihaan Menon,2024-11-30,3,18416.14,32,6138.71,4,1,2,2.3333333333333335,Medium Value
CUST00721,Vihaan Agarwal,2024-01-31,3,3681.1,336,1227.03,1,1,1,1.0,Low Value
CUST00722,Vihaan Joshi,2023-09-01,2,7102.67,488,3551.34,1,1,1,1.0,Low Value
CUST00723,Diya Joshi,2024-10-22,3,7193.89,71,2397.96,3,1,1,1.6666666666666667,Low Value
CUST00724,Ishaan Sharma,2024-06-06,3,8399.58,209,2799.86,2,1,1,1.3333333333333333,Low Value
CUST00725,Navya Agarwal,2023-11-18,4,65908.08,410,16477.02,1,2,3,2.0,Medium Value
CUST00726,Aadhya Malhotra,2024-11-21,5,100184.47,41,20036.89,3,3,4,3.3333333333333335,High Value
CUST00727,Diya Singh,2024-12-04,6,252441.99,28,42073.66,4,4,4,4.0,High Value
CUST00728,Aditya Menon,2024-09-27,2,51453.26,96,25726.63,2,1,3,2.0,Medium Value
CUST00729,Diya Reddy,2023-09-14,2,4393.55,475,2196.78,1,1,1,1.0,Low Value
CUST00730,Ananya Sharma,2024-09-11,3,104601.27,112,34867.09,2,1,4,2.3333333333333335,Medium Value
CUST00731,Sai Malhotra,2024-09-15,5,8863.26,108,1772.65,2,3,1,2.0,Medium Value
CUST00732,Kiara Pillai,2024-12-28,5,8314.29,4,1662.86,4,3,1,2.6666666666666665,Medium Value
CUST00733,Ananya Verma,2024-11-21,3,19336.86,41,6445.62,3,1,2,2.0,Medium Value
CUST00734,Aadhya Verma,2024-12-17,7,107086.17,15,15298.02,4,4,4,4.0,High Value
CUST00735,Vihaan Joshi,2024-01-31,3,41800.95,336,13933.65,1,1,3,1.6666666666666667,Low Value
CUST00736,Aditya Das,2024-11-30,4,57201.40000000001,32,14300.35,4,2,3,3.0,High Value
CUST00737,Krishna Reddy,2024-11-18,1,26864.38,44,26864.38,3,1,2,2.0,Medium Value
CUST00738,Kiara Chopra,2024-04-09,5,78629.07,267,15725.81,1,3,4,2.6666666666666665,Medium Value
CUST00739,Isha Verma,2023-11-18,2,15469.029999999999,410,7734.52,1,1,2,1.3333333333333333,Low Value
CUST00740,Kiara Rao,2024-11-06,5,26710.859999999997,56,5342.17,3,3,2,2.6666666666666665,Medium Value
CUST00741,Isha Chopra,2024-06-07,3,16876.57,208,5625.52,2,1,2,1.6666666666666667,Low Value
CUST00742,Aditya Joshi,2024-07-25,4,17925.18,160,4481.3,2,2,2,2.0,Medium Value
CUST00743,Diya Malhotra,2024-09-05,6,22422.77,118,3737.13,2,4,2,2.6666666666666665,Medium Value
CUST00744,Myra Kumar,2023-01-29,1,204639.46,703,204639.46,1,1,4,2.0,Medium Value
CUST00745,Isha Patel,2024-06-06,3,49678.17,209,16559.39,2,1,3,2.0,Medium Value
CUST00746,Riya Kumar,2024-10-22,5,19975.350000000002,71,3995.07,3,3,2,2.6666666666666665,Medium Value
CUST00747,Aditya Sharma,2024-11-15,6,56172.63,47,9362.1,3,4,3,3.3333333333333335,High Value
CUST00748,Sai Malhotra,2023-09-09,3,50138.909999999996,480,16712.97,1,1,3,1.6666666666666667,Low Value
CUST00749,Vivaan Gupta,2023-12-10,3,34970.96,388,11656.99,1,1,3,1.6666666666666667,Low Value
CUST00751,Navya Malhotra,2024-04-25,5,104005.43000000001,251,20801.09,1,3,4,2.6666666666666665,Medium Value
CUST00752,Diya Kapoor,2024-03-30,1,26277.8,277,26277.8,1,1,2,1.3333333333333333,Low Value
CUST00753,Ayaan Rao,2024-11-22,6,15462.53,40,2577.09,3,4,2,3.0,High Value
CUST00754,Anika Nair,2024-11-11,7,78711.63,51,11244.52,3,4,4,3.6666666666666665,High Value
CUST00755,Kiara Rao,2023-08-15,2,103961.73999999999,505,51980.87,1,1,4,2.0,Medium Value
CUST00756,Navya Menon,2024-05-20,1,3637.98,226,3637.98,1,1,1,1.0,Low Value
CUST00757,Reyansh Gupta,2024-06-21,2,7111.7,194,3555.85,2,1,1,1.3333333333333333,Low Value
CUST00758,Diya Gupta,2024-12-25,5,50656.82,7,10131.36,4,3,3,3.3333333333333335,High Value
CUST00759,Isha Rao,2024-07-12,3,8584.3,173,2861.43,2,1,1,1.3333333333333333,Low Value
CUST00760,Kiara Rao,2024-09-03,6,123693.17,120,20615.53,2,4,4,3.3333333333333335,High Value
CUST00761,Reyansh Joshi,2023-12-12,4,19342.68,386,4835.67,1,2,2,1.6666666666666667,Low Value
CUST00762,Diya Menon,2024-05-06,2,80545.36,240,40272.68,1,1,4,2.0,Medium Value
CUST00763,Vihaan Iyer,2024-12-21,7,77117.28,11,11016.75,4,4,4,4.0,High Value
CUST00764,Sai Kapoor,2024-12-24,3,11200.480000000001,8,3733.49,4,1,1,2.0,Medium Value
CUST00765,Vivaan Nair,2024-11-01,6,24462.46,61,4077.08,3,4,2,3.0,High Value
CUST00766,Ananya Das,2024-04-27,3,68521.66,249,22840.55,1,1,3,1.6666666666666667,Low Value
CUST00767,Anika Nair,2023-05-26,2,13800.82,586,6900.41,1,1,1,1.0,Low Value
CUST00768,Navya Agarwal,2024-11-28,6,277734.78,34,46289.13,3,4,4,3.6666666666666665,High Value
CUST00769,Aadhya Malhotra,2024-12-23,6,22812.95,9,3802.16,4,4,2,3.3333333333333335,High Value
CUST00770,Sai Chopra,2024-11-22,3,17817.47,40,5939.16,3,1,2,2.0,Medium Value
CUST00771,Saanvi Sharma,2024-11-08,4,22575.760000000002,54,5643.94,3,2,2,2.3333333333333335,Medium Value
CUST00772,Sai Iyer,2024-02-22,4,14985.359999999999,314,3746.34,1,2,2,1.6666666666666667,Low Value
CUST00773,Ayaan Chopra,2023-02-19,1,380.86,682,380.86,1,1,1,1.0,Low Value
CUST00774,Riya Iyer,2024-08-03,1,4161.92,151,4161.92,2,1,1,1.3333333333333333,Low Value
CUST00776,Aadhya Malhotra,2024-05-20,6,78972.87,226,13162.14,1,4,4,3.0,High Value
CUST00777,Myra Menon,2024-06-05,5,14739.550000000001,210,2947.91,2,3,1,2.0,Medium Value
CUST00778,Aarav Mehta,2024-09-30,3,151726.78,93,50575.59,2,1,4,2.3333333333333335,Medium Value
CUST00779,Ayaan Agarwal,2024-12-22,3,36041.9,10,12013.97,4,1,3,2.6666666666666665,Medium Value
CUST00780,Aarav Verma,2024-01-10,2,1629.9499999999998,357,814.97,1,1,1,1.0,Low Value
CUST00781,Aarav Sharma,2024-10-28,3,8939.0,65,2979.67,3,1,1,1.6666666666666667,Low Value
CUST00782,Krishna Das,2024-07-12,5,51895.8,173,10379.16,2,3,3,2.6666666666666665,Medium Value
CUST00783,Aarav Das,2024-09-23,6,28926.17,100,4821.03,2,4,2,2.6666666666666665,Medium Value
CUST00784,Isha Reddy,2024-11-18,5,35748.1,44,7149.62,3,3,3,3.0,High Value
CUST00785,Vivaan Patel,2024-02-26,4,57417.72,310,14354.43,1,2,3,2.0,Medium Value
CUST00786,Reyansh Rao,2023-12-08,4,12830.34,390,3207.58,1,2,1,1.3333333333333333,Low Value
CUST00787,Navya Malhotra,2024-11-01,7,45762.57,61,6537.51,3,4,3,3.3333333333333335,High Value
CUST00788,Vivaan Mehta,2024-11-30,7,64155.53,32,9165.08,4,4,3,3.6666666666666665,High Value
CUST00789,Diya Joshi,2023-08-03,4,27131.63,517,6782.91,1,2,2,1.6666666666666667,Low Value
CUST00790,Ayaan Chopra,2024-04-28,1,393.39,248,393.39,1,1,1,1.0,Low Value
CUST00791,Aditya Patel,2023-03-26,3,7832.7,647,2610.9,1,1,1,1.0,Low Value
CUST00792,Krishna Patel,2023-12-27,4,49013.97,371,12253.49,1,2,3,2.0,Medium Value
CUST00793,Krishna Reddy,2024-10-15,5,16719.01,78,3343.8,3,3,2,2.6666666666666665,Medium Value
CUST00794,Krishna Agarwal,2023-11-11,4,54313.41,417,13578.35,1,2,3,2.0,Medium Value
CUST00795,Diya Nair,2024-12-23,7,20320.329999999998,9,2902.9,4,4,2,3.3333333333333335,High Value
CUST00796,Ayaan Agarwal,2024-03-02,5,16795.15,305,3359.03,1,3,2,2.0,Medium Value
CUST00797,Isha Malhotra,2023-12-12,2,9714.41,386,4857.2,1,1,1,1.0,Low Value
CUST00798,Reyansh Chopra,2024-11-08,2,6563.49,54,3281.74,3,1,1,1.6666666666666667,Low Value
CUST00799,Isha Kapoor,2024-08-26,2,1477.12,128,738.56,2,1,1,1.3333333333333333,Low Value
CUST00800,Vihaan Patel,2024-11-12,2,87491.2,50,43745.6,3,1,4,2.6666666666666665,Medium Value
CUST00801,Aditya Iyer,2024-12-06,7,64044.619999999995,26,9149.23,4,4,3,3.6666666666666665,High Value
CUST00802,Ishaan Rao,2024-11-03,5,39063.13,59,7812.63,3,3,3,3.0,High Value
CUST00803,Ananya Agarwal,2024-11-13,3,121364.74,49,40454.91,3,1,4,2.6666666666666665,Medium Value
CUST00804,Diya Bose,2024-12-26,2,34297.35,6,17148.68,4,1,2,2.3333333333333335,Medium Value
CUST00805,Saanvi Das,2023-12-20,2,3666.6600000000003,378,1833.33,1,1,1,1.0,Low Value
CUST00806,Riya Pillai,2024-10-08,6,20901.64,85,3483.61,2,4,2,2.6666666666666665,Medium Value
CUST00807,Aadhya Singh,2023-10-08,2,57376.41,451,28688.2,1,1,3,1.6666666666666667,Low Value
CUST00808,Saanvi Nair,2024-11-04,5,16774.32,58,3354.86,3,3,2,2.6666666666666665,Medium Value
CUST00809,Riya Bose,2024-10-27,3,16071.039999999999,66,5357.01,3,1,2,2.0,Medium Value
CUST00810,Navya Patel,2024-11-10,5,20637.16,52,4127.43,3,3,2,2.6666666666666665,Medium Value
CUST00811,Navya Pillai,2024-11-30,5,123489.63,32,24697.93,4,3,4,3.6666666666666665,High Value
CUST00812,Arjun Iyer,2024-12-26,7,46958.8,6,6708.4,4,4,3,3.6666666666666665,High Value
CUST00813,Aditya Mehta,2024-12-23,3,31616.620000000003,9,10538.87,4,1,2,2.3333333333333335,Medium Value
CUST00814,Riya Gupta,2024-12-23,1,1053.4,9,1053.4,4,1,1,2.0,Medium Value
CUST00815,Kiara Sharma,2024-01-08,2,21559.62,359,10779.81,1,1,2,1.3333333333333333,Low Value
CUST00816,Reyansh Bose,2024-07-02,2,11557.320000000002,183,5778.66,2,1,1,1.3333333333333333,Low Value
CUST00817,Anika Menon,2024-09-21,3,77487.16,102,25829.05,2,1,4,2.3333333333333335,Medium Value
CUST00818,Arjun Singh,2024-07-06,4,18744.33,179,4686.08,2,2,2,2.0,Medium Value
CUST00819,Diya Menon,2024-10-13,6,202255.95,80,33709.33,3,4,4,3.6666666666666665,High Value
CUST00820,Navya Joshi,2024-12-01,3,48394.08,31,16131.36,4,1,3,2.6666666666666665,Medium Value
CUST00821,Riya Iyer,2024-11-22,3,23980.68,40,7993.56,3,1,2,2.0,Medium Value
CUST00822,Vihaan Verma,2024-10-06,4,69558.85,87,17389.71,2,2,3,2.3333333333333335,Medium Value
CUST00823,Vihaan Verma,2023-12-05,2,27210.25,393,13605.12,1,1,2,1.3333333333333333,Low Value
CUST00824,Kiara Verma,2024-10-23,5,84123.79,70,16824.76,3,3,4,3.3333333333333335,High Value
CUST00825,Vihaan Patel,2024-09-06,2,3615.55,117,1807.78,2,1,1,1.3333333333333333,Low Value
CUST00826,Reyansh Mehta,2024-09-29,3,9933.09,94,3311.03,2,1,1,1.3333333333333333,Low Value
CUST00827,Riya Pillai,2024-02-28,3,12404.380000000001,308,4134.79,1,1,1,1.0,Low Value
CUST00828,Diya Gupta,2024-12-13,4,23893.15,19,5973.29,4,2,2,2.6666666666666665,Medium Value
CUST00829,Saanvi Agarwal,2024-12-21,4,82572.70000000001,11,20643.18,4,2,4,3.3333333333333335,High Value
CUST00830,Ayaan Malhotra,2023-10-24,2,49013.97,435,24506.98,1,1,3,1.6666666666666667,Low Value
CUST00831,Aarav Gupta,2024-11-02,5,9932.710000000001,60,1986.54,3,3,1,2.3333333333333335,Medium Value
CUST00832,Ayaan Singh,2024-11-06,4,91707.07999999999,56,22926.77,3,2,4,3.0,High Value
CUST00833,Myra Mehta,2024-10-23,7,79275.76999999999,70,11325.11,3,4,4,3.6666666666666665,High Value
CUST00834,Diya Rao,2024-12-31,4,129539.5,1,32384.88,4,2,4,3.3333333333333335,High Value
CUST00835,Aadhya Verma,2024-09-30,5,95331.72,93,19066.34,2,3,4,3.0,High Value
CUST00836,Arjun Kumar,2024-11-26,8,63526.159999999996,36,7940.77,3,4,3,3.3333333333333335,High Value
CUST00837,Sai Das,2024-12-31,3,7396.27,1,2465.42,4,1,1,2.0,Medium Value
CUST00838,Unknown,2024-03-12,5,55322.21000000001,295,11064.44,1,3,3,2.3333333333333335,Medium Value
CUST00839,Aadhya Reddy,2023-05-12,2,9532.5,600,4766.25,1,1,1,1.0,Low Value
CUST00840,Isha Verma,2024-09-26,5,22571.41,97,4514.28,2,3,2,2.3333333333333335,Medium Value
CUST00841,Reyansh Patel,2024-11-23,4,41297.71,39,10324.43,3,2,3,2.6666666666666665,Medium Value
CUST00843,Aditya Kumar,2024-09-15,6,46689.34,108,7781.56,2,4,3,3.0,High Value
CUST00844,Arjun Sharma,2024-10-20,9,83056.18,73,9228.46,3,4,4,3.6666666666666665,High Value
CUST00845,Ayaan Bose,2024-10-31,3,14601.460000000001,62,4867.15,3,1,1,1.6666666666666667,Low Value
CUST00846,Vihaan Das,2024-10-06,8,136011.28,87,17001.41,2,4,4,3.3333333333333335,High Value
CUST00847,Kiara Chopra,2024-05-09,6,29378.059999999998,237,4896.34,1,4,2,2.3333333333333335,Medium Value
CUST00848,Ishaan Gupta,2024-12-21,3,21012.12,11,7004.04,4,1,2,2.3333333333333335,Medium Value
CUST00849,Aadhya Kapoor,2024-10-28,2,16693.18,65,8346.59,3,1,2,2.0,Medium Value
CUST00850,Ishaan Mehta,2023-11-06,4,44648.729999999996,422,11162.18,1,2,3,2.0,Medium Value
CUST00851,Diya Iyer,2024-08-31,5,50630.49,123,10126.1,2,3,3,2.6666666666666665,Medium Value
CUST00852,Aarav Kumar,2023-05-23,1,7961.64,589,7961.64,1,1,1,1.0,Low Value
CUST00853,Isha Nair,2024-09-12,6,28061.69,111,4676.95,2,4,2,2.6666666666666665,Medium Value
CUST00854,Ananya Bose,2024-05-01,5,5278.49,245,1055.7,1,3,1,1.6666666666666667,Low Value
CUST00855,Aarav Menon,2024-01-27,2,8201.28,340,4100.64,1,1,1,1.0,Low Value
CUST00856,Ananya Kumar,2024-02-19,2,54807.69,317,27403.84,1,1,3,1.6666666666666667,Low Value
CUST00857,Kiara Kumar,2024-12-18,7,56403.200000000004,14,8057.6,4,4,3,3.6666666666666665,High Value
CUST00858,Diya Kumar,2024-07-05,5,10892.93,180,2178.59,2,3,1,2.0,Medium Value
CUST00859,Anika Joshi,2024-12-05,8,110515.35,27,13814.42,4,4,4,4.0,High Value
CUST00860,Diya Malhotra,2023-09-05,4,21346.57,484,5336.64,1,2,2,1.6666666666666667,Low Value
CUST00861,Kiara Patel,2024-11-01,4,74803.24,61,18700.81,3,2,4,3.0,High Value
CUST00862,Diya Menon,2024-12-14,2,5351.740000000001,18,2675.87,4,1,1,2.0,Medium Value
CUST00863,Navya Rao,2024-12-23,8,11991.89,9,1498.99,4,4,1,3.0,High Value
CUST00864,Vivaan Iyer,2024-12-11,3,10908.95,21,3636.32,4,1,1,2.0,Medium Value
CUST00865,Arjun Menon,2024-11-11,3,10784.02,51,3594.67,3,1,1,1.6666666666666667,Low Value
CUST00866,Aarav Gupta,2024-11-27,7,93006.42,35,13286.63,3,4,4,3.6666666666666665,High Value
CUST00867,Sai Kumar,2024-09-24,3,70920.59,99,23640.2,2,1,3,2.0,Medium Value
CUST00868,Arjun Sharma,2024-09-28,4,43346.08,95,10836.52,2,2,3,2.3333333333333335,Medium Value
CUST00869,Anika Pillai,2024-08-26,4,28270.85,128,7067.71,2,2,2,2.0,Medium Value
CUST00870,Aadhya Bose,2023-11-04,1,24016.75,424,24016.75,1,1,2,1.3333333333333333,Low Value
CUST00871,Ishaan Menon,2024-06-30,5,63531.56,185,12706.31,2,3,3,2.6666666666666665,Medium Value
CUST00872,Navya Chopra,2023-12-26,4,23028.65,372,5757.16,1,2,2,1.6666666666666667,Low Value
CUST00873,Vivaan Agarwal,2024-12-11,4,6424.51,21,1606.13,4,2,1,2.3333333333333335,Medium Value
CUST00874,Reyansh Malhotra,2024-10-29,3,165086.21000000002,64,55028.74,3,1,4,2.6666666666666665,Medium Value
CUST00875,Ananya Agarwal,2024-10-17,3,36510.13,76,12170.04,3,1,3,2.3333333333333335,Medium Value
CUST00876,Diya Patel,2023-12-14,3,15063.169999999998,384,5021.06,1,1,2,1.3333333333333333,Low Value
CUST00877,Isha Das,2024-08-31,6,213907.07,123,35651.18,2,4,4,3.3333333333333335,High Value
CUST00878,Isha Kapoor,2024-02-02,4,9515.15,334,2378.79,1,2,1,1.3333333333333333,Low Value
CUST00879,Navya Mehta,2024-11-20,5,98263.64000000001,42,19652.73,3,3,4,3.3333333333333335,High Value
CUST00880,Ayaan Agarwal,2023-08-31,3,10693.300000000001,489,3564.43,1,1,1,1.0,Low Value
CUST00881,Aarav Nair,2024-10-29,7,37733.37,64,5390.48,3,4,3,3.3333333333333335,High Value
CUST00882,Sai Kumar,2024-05-17,3,16897.8,229,5632.6,1,1,2,1.3333333333333333,Low Value
CUST00883,Kiara Malhotra,2024-12-25,3,12283.47,7,4094.49,4,1,1,2.0,Medium Value
CUST00884,Vivaan Sharma,2024-03-01,4,41094.17,306,10273.54,1,2,3,2.0,Medium Value
CUST00885,Ananya Mehta,2024-10-03,4,133373.9,90,33343.48,2,2,4,2.6666666666666665,Medium Value
CUST00886,Navya Agarwal,2024-09-25,7,30230.57,98,4318.65,2,4,2,2.6666666666666665,Medium Value
CUST00887,Anika Nair,2024-01-17,6,16923.36,350,2820.56,1,4,2,2.3333333333333335,Medium Value
CUST00889,Anika Bose,2024-04-27,2,23922.02,249,11961.01,1,1,2,1.3333333333333333,Low Value
CUST00890,Ayaan Rao,2024-06-12,7,266224.34,203,38032.05,2,4,4,3.3333333333333335,High Value
CUST00891,Vihaan Sharma,2024-05-23,3,51305.92,223,17101.97,1,1,3,1.6666666666666667,Low Value
CUST00892,Aarav Pillai,2024-10-16,2,8839.85,77,4419.92,3,1,1,1.6666666666666667,Low Value
CUST00893,Myra Rao,2024-12-07,7,43127.51,25,6161.07,4,4,3,3.6666666666666665,High Value
CUST00894,Myra Kumar,2024-11-23,3,36778.31,39,12259.44,3,1,3,2.3333333333333335,Medium Value
CUST00895,Krishna Verma,2024-11-05,10,101849.69,57,10184.97,3,4,4,3.6666666666666665,High Value
CUST00896,Navya Patel,2024-10-19,5,101541.03,74,20308.21,3,3,4,3.3333333333333335,High Value
CUST00897,Krishna Sharma,2024-09-30,10,81415.63,93,8141.56,2,4,4,3.3333333333333335,High Value
CUST00898,Krishna Kapoor,2024-09-20,4,8274.83,103,2068.71,2,2,1,1.6666666666666667,Low Value
CUST00899,Saanvi Iyer,2024-02-09,4,16047.83,327,4011.96,1,2,2,1.6666666666666667,Low Value
CUST00900,Saanvi Iyer,2024-12-30,5,40176.68,2,8035.34,4,3,3,3.3333333333333335,High Value
CUST00901,Ananya Singh,2023-07-11,1,281.61,540,281.61,1,1,1,1.0,Low Value
CUST00902,Vivaan Patel,2024-11-22,5,153321.3,40,30664.26,3,3,4,3.3333333333333335,High Value
CUST00903,Aadhya Singh,2024-07-30,7,181925.63999999998,155,25989.38,2,4,4,3.3333333333333335,High Value
CUST00904,Sai Pillai,2024-09-19,2,8799.56,104,4399.78,2,1,1,1.3333333333333333,Low Value
CUST00905,Sai Verma,2024-03-10,4,13406.5,297,3351.62,1,2,1,1.3333333333333333,Low Value
CUST00906,Navya Das,2024-07-17,3,14695.71,168,4898.57,2,1,1,1.3333333333333333,Low Value
CUST00907,Krishna Pillai,2024-11-14,2,14003.85,48,7001.92,3,1,1,1.6666666666666667,Low Value
CUST00908,Saanvi Chopra,2024-09-26,3,55267.869999999995,97,18422.62,2,1,3,2.0,Medium Value
CUST00909,Aarav Reddy,2024-07-13,4,19880.670000000002,172,4970.17,2,2,2,2.0,Medium Value
CUST00910,Kiara Sharma,2024-08-15,2,8942.61,139,4471.3,2,1,1,1.3333333333333333,Low Value
CUST00911,Diya Reddy,2024-05-09,6,38535.1,237,6422.52,1,4,3,2.6666666666666665,Medium Value
CUST00912,Kiara Pillai,2024-03-02,3,3368.7200000000003,305,1122.91,1,1,1,1.0,Low Value
CUST00913,Aarav Joshi,2024-12-16,5,211980.86000000002,16,42396.17,4,3,4,3.6666666666666665,High Value
CUST00914,Anika Gupta,2024-12-14,4,39926.619999999995,18,9981.65,4,2,3,3.0,High Value
CUST00915,Diya Patel,2024-01-30,5,54544.11,337,10908.82,1,3,3,2.3333333333333335,Medium Value
CUST00916,Ananya Gupta,2024-07-20,4,37472.81,165,9368.2,2,2,3,2.3333333333333335,Medium Value
CUST00917,Ayaan Rao,2024-11-14,6,24951.81,48,4158.64,3,4,2,3.0,High Value
CUST00918,Aadhya Mehta,2024-12-21,12,145332.3,11,12111.02,4,4,4,4.0,High Value
CUST00919,Vivaan Rao,2023-10-01,3,67157.71,458,22385.9,1,1,3,1.6666666666666667,Low Value
CUST00920,Krishna Gupta,2024-12-20,5,33692.66,12,6738.53,4,3,2,3.0,High Value
CUST00921,Ayaan Kapoor,2024-12-07,4,35192.64,25,8798.16,4,2,3,3.0,High Value
CUST00922,Vivaan Patel,2024-12-11,6,131416.87,21,21902.81,4,4,4,4.0,High Value
CUST00923,Diya Kumar,2024-10-17,2,2666.41,76,1333.2,3,1,1,1.6666666666666667,Low Value
CUST00924,Vivaan Kapoor,2024-01-28,3,24793.13,339,8264.38,1,1,2,1.3333333333333333,Low Value
CUST00925,Arjun Malhotra,2024-11-21,3,44425.85,41,14808.62,3,1,3,2.3333333333333335,Medium Value
CUST00926,Diya Singh,2023-10-18,2,25533.22,441,12766.61,1,1,2,1.3333333333333333,Low Value
CUST00927,Kiara Chopra,2024-05-19,4,32123.55,227,8030.89,1,2,2,1.6666666666666667,Low Value
CUST00928,Myra Patel,2023-12-09,4,28603.56,389,7150.89,1,2,2,1.6666666666666667,Low Value
CUST00929,Aadhya Agarwal,2024-10-11,8,45773.6,82,5721.7,3,4,3,3.3333333333333335,High Value
CUST00930,Diya Chopra,2024-09-23,3,12401.74,100,4133.91,2,1,1,1.3333333333333333,Low Value
CUST00931,Saanvi Chopra,2024-09-27,7,44721.54,96,6388.79,2,4,3,3.0,High Value
CUST00932,Myra Malhotra,2024-09-08,7,23511.83,115,3358.83,2,4,2,2.6666666666666665,Medium Value
CUST00933,Kiara Singh,2024-09-13,3,30766.97,110,10255.66,2,1,2,1.6666666666666667,Low Value
CUST00934,Ananya Pillai,2024-03-08,3,39451.97,299,13150.66,1,1,3,1.6666666666666667,Low Value
CUST00935,Kiara Singh,2024-12-28,4,38537.93,4,9634.48,4,2,3,3.0,High Value
CUST00936,Saanvi Pillai,2023-12-03,5,60696.84,395,12139.37,1,3,3,2.3333333333333335,Medium Value
CUST00937,Vivaan Rao,2024-10-11,3,75240.09,82,25080.03,3,1,4,2.6666666666666665,Medium Value
CUST00938,Vihaan Kapoor,2024-10-30,5,72530.66,63,14506.13,3,3,3,3.0,High Value
CUST00939,Isha Rao,2024-09-09,4,72003.84,114,18000.96,2,2,3,2.3333333333333335,Medium Value
CUST00940,Kiara Gupta,2024-09-13,3,61836.78,110,20612.26,2,1,3,2.0,Medium Value
CUST00941,Ayaan Kapoor,2024-03-15,6,14204.09,292,2367.35,1,4,1,2.0,Medium Value
CUST00942,Ishaan Singh,2024-10-07,2,37817.39,86,18908.7,2,1,3,2.0,Medium Value
CUST00943,Navya Verma,2024-12-02,5,53707.71,30,10741.54,4,3,3,3.3333333333333335,High Value
CUST00944,Anika Das,2024-09-29,5,47777.09,94,9555.42,2,3,3,2.6666666666666665,Medium Value
CUST00945,Vihaan Chopra,2024-07-19,6,39341.55,166,6556.92,2,4,3,3.0,High Value
CUST00946,Reyansh Bose,2024-12-05,4,36624.92,27,9156.23,4,2,3,3.0,High Value
CUST00947,Ishaan Reddy,2024-12-22,7,25196.62,10,3599.52,4,4,2,3.3333333333333335,High Value
CUST00948,Saanvi Reddy,2024-10-18,7,35107.39,75,5015.34,3,4,3,3.3333333333333335,High Value
CUST00949,Anika Mehta,2024-04-08,4,5171.01,268,1292.75,1,2,1,1.3333333333333333,Low Value
CUST00950,Ishaan Singh,2024-06-28,3,90958.21,187,30319.4,2,1,4,2.3333333333333335,Medium Value
CUST00951,Isha Singh,2024-04-12,5,52678.97,264,10535.79,1,3,3,2.3333333333333335,Medium Value
CUST00952,Reyansh Sharma,2024-11-08,8,42198.72,54,5274.84,3,4,3,3.3333333333333335,High Value
CUST00953,Diya Das,2024-01-19,2,25080.660000000003,348,12540.33,1,1,2,1.3333333333333333,Low Value
CUST00954,Ishaan Malhotra,2024-09-08,3,282937.62,115,94312.54,2,1,4,2.3333333333333335,Medium Value
CUST00955,Saanvi Iyer,2024-01-21,4,54729.490000000005,346,13682.37,1,2,3,2.0,Medium Value
CUST00957,Ishaan Mehta,2024-10-09,8,149673.03,84,18709.13,2,4,4,3.3333333333333335,High Value
CUST00958,Ayaan Kapoor,2024-12-31,3,51977.79,1,17325.93,4,1,3,2.6666666666666665,Medium Value
CUST00959,Anika Kumar,2023-12-05,2,6938.72,393,3469.36,1,1,1,1.0,Low Value
CUST00960,Vihaan Agarwal,2024-09-28,5,156385.22,95,31277.04,2,3,4,3.0,High Value
CUST00961,Riya Singh,2023-11-20,5,64965.520000000004,408,12993.1,1,3,3,2.3333333333333335,Medium Value
CUST00962,Reyansh Mehta,2024-12-29,5,34633.23,3,6926.65,4,3,2,3.0,High Value
CUST00963,Navya Pillai,2024-07-06,3,2521.06,179,840.35,2,1,1,1.3333333333333333,Low Value
CUST00964,Vihaan Mehta,2023-12-16,7,24839.97,382,3548.57,1,4,2,2.3333333333333335,Medium Value
CUST00965,Aarav Agarwal,2024-12-13,5,119474.95,19,23894.99,4,3,4,3.6666666666666665,High Value
CUST00966,Arjun Malhotra,2023-05-16,3,61223.490000000005,596,20407.83,1,1,3,1.6666666666666667,Low Value
CUST00967,Anika Gupta,2024-11-04,4,15928.419999999998,58,3982.1,3,2,2,2.3333333333333335,Medium Value
CUST00968,Diya Verma,2024-11-07,7,19450.44,55,2778.63,3,4,2,3.0,High Value
CUST00969,Aarav Joshi,2024-11-11,5,8213.61,51,1642.72,3,3,1,2.3333333333333335,Medium Value
CUST00970,Myra Kumar,2024-12-15,3,20845.979999999996,17,6948.66,4,1,2,2.3333333333333335,Medium Value
CUST00971,Kiara Gupta,2024-10-09,6,90973.49,84,15162.25,2,4,4,3.3333333333333335,High Value
CUST00972,Reyansh Chopra,2024-11-13,3,59252.35,49,19750.78,3,1,3,2.3333333333333335,Medium Value
CUST00973,Ishaan Iyer,2024-11-03,4,123413.01000000001,59,30853.25,3,2,4,3.0,High Value
CUST00974,Aadhya Das,2024-10-20,3,15751.849999999999,73,5250.62,3,1,2,2.0,Medium Value
CUST00975,Vivaan Gupta,2024-08-19,6,31195.15,135,5199.19,2,4,2,2.6666666666666665,Medium Value
CUST00976,Reyansh Agarwal,2024-12-10,9,200958.62,22,22328.74,4,4,4,4.0,High Value
CUST00977,Aditya Mehta,2024-12-16,8,62019.54000000001,16,7752.44,4,4,3,3.6666666666666665,High Value
CUST00978,Reyansh Iyer,2024-12-06,7,184402.08,26,26343.15,4,4,4,4.0,High Value
CUST00979,Anika Chopra,2024-12-25,5,54326.72,7,10865.34,4,3,3,3.3333333333333335,High Value
CUST00980,Reyansh Rao,2024-03-13,6,246779.43,294,41129.9,1,4,4,3.0,High Value
CUST00981,Riya Singh,2024-09-10,9,50528.63,113,5614.29,2,4,3,3.0,High Value
CUST00982,Sai Mehta,2024-08-24,6,32902.05,130,5483.68,2,4,2,2.6666666666666665,Medium Value
CUST00983,Reyansh Das,2024-05-18,2,11035.080000000002,228,5517.54,1,1,1,1.0,Low Value
CUST00984,Aadhya Singh,2024-07-05,5,251090.33000000002,180,50218.07,2,3,4,3.0,High Value
CUST00985,Ayaan Kumar,2024-07-03,3,2854.92,182,951.64,2,1,1,1.3333333333333333,Low Value
CUST00986,Aarav Singh,2024-12-14,3,9682.86,18,3227.62,4,1,1,2.0,Medium Value
CUST00987,Aditya Iyer,2023-06-26,1,4738.78,555,4738.78,1,1,1,1.0,Low Value
CUST00988,Ayaan Sharma,2024-08-16,3,53505.56,138,17835.19,2,1,3,2.0,Medium Value
CUST00989,Sai Iyer,2024-08-17,3,38343.9,137,12781.3,2,1,3,2.0,Medium Value
CUST00990,Reyansh Singh,2024-09-01,4,24515.37,122,6128.84,2,2,2,2.0,Medium Value
CUST00991,Saanvi Joshi,2024-10-04,1,16726.7,89,16726.7,2,1,2,1.6666666666666667,Low Value
CUST00992,Vivaan Kumar,2023-12-21,4,6680.889999999999,377,1670.22,1,2,1,1.3333333333333333,Low Value
CUST00993,Diya Nair,2024-12-31,7,47122.61,1,6731.8,4,4,3,3.6666666666666665,High Value
CUST00994,Sai Nair,2024-11-15,6,45306.049999999996,47,7551.01,3,4,3,3.3333333333333335,High Value
CUST00995,Navya Gupta,2024-12-23,6,197438.46000000002,9,32906.41,4,4,4,4.0,High Value
CUST00996,Diya Gupta,2023-12-22,3,23258.24,376,7752.75,1,1,2,1.3333333333333333,Low Value
CUST00997,Sai Verma,2024-07-10,5,13314.07,175,2662.81,2,3,1,2.0,Medium Value
CUST00998,Diya Verma,2024-03-17,3,38760.57,290,12920.19,1,1,3,1.6666666666666667,Low Value
CUST00999,Sai Joshi,2024-12-05,5,6181.45,27,1236.29,4,3,1,2.6666666666666665,Medium Value
CUST01000,Aditya Verma,2023-04-29,3,52199.71000000001,613,17399.9,1,1,3,1.6666666666666667,Low Value
CUST01001,Isha Nair,2024-10-20,5,23105.1,73,4621.02,3,3,2,2.6666666666666665,Medium Value
CUST01002,Diya Singh,2024-02-21,3,3019.4500000000003,315,1006.48,1,1,1,1.0,Low Value
CUST01003,Arjun Das,2024-07-28,3,180492.62,157,60164.21,2,1,4,2.3333333333333335,Medium Value
CUST01004,Unknown,2024-02-07,6,128610.68,329,21435.11,1,4,4,3.0,High Value
CUST01005,Ishaan Kapoor,2024-12-17,6,22895.9,15,3815.98,4,4,2,3.3333333333333335,High Value
CUST01006,Diya Joshi,2024-12-12,6,33962.96,20,5660.49,4,4,2,3.3333333333333335,High Value
CUST01007,Myra Bose,2023-05-18,1,153.52,594,153.52,1,1,1,1.0,Low Value
CUST01008,Ayaan Menon,2024-11-15,4,154111.06,47,38527.76,3,2,4,3.0,High Value
CUST01009,Aditya Kapoor,2024-12-22,6,24959.76,10,4159.96,4,4,2,3.3333333333333335,High Value
CUST01010,Saanvi Pillai,2024-11-01,6,35200.19,61,5866.7,3,4,3,3.3333333333333335,High Value
CUST01011,Ayaan Kumar,2024-11-24,6,64004.87,38,10667.48,3,4,3,3.3333333333333335,High Value
CUST01012,Isha Nair,2024-12-19,8,125845.18000000001,13,15730.65,4,4,4,4.0,High Value
CUST01013,Diya Sharma,2024-03-25,2,2187.25,282,1093.62,1,1,1,1.0,Low Value
CUST01014,Isha Patel,2024-08-19,3,35825.159999999996,135,11941.72,2,1,3,2.0,Medium Value
CUST01015,Navya Nair,2024-11-28,4,33534.58,34,8383.64,3,2,2,2.3333333333333335,Medium Value
CUST01016,Reyansh Sharma,2024-11-10,7,24998.159999999996,52,3571.17,3,4,2,3.0,High Value
CUST01017,Myra Bose,2024-11-04,2,9554.66,58,4777.33,3,1,1,1.6666666666666667,Low Value
CUST01018,Unknown,2024-12-05,2,5772.38,27,2886.19,4,1,1,2.0,Medium Value
CUST01019,Vivaan Rao,2024-08-23,1,296.5,131,296.5,2,1,1,1.3333333333333333,Low Value
CUST01020,Vihaan Sharma,2024-12-06,3,144596.95,26,48198.98,4,1,4,3.0,High Value
CUST01021,Navya Das,2024-08-08,5,357671.63999999996,146,71534.33,2,3,4,3.0,High Value
CUST01022,Vivaan Iyer,2024-03-05,5,86276.92,302,17255.38,1,3,4,2.6666666666666665,Medium Value
CUST01023,Vivaan Iyer,2024-12-23,5,17973.93,9,3594.79,4,3,2,3.0,High Value
CUST01024,Aarav Chopra,2024-11-10,5,20489.52,52,4097.9,3,3,2,2.6666666666666665,Medium Value
CUST01025,Aditya Menon,2024-05-20,3,14106.279999999999,226,4702.09,1,1,1,1.0,Low Value
CUST01026,Vihaan Agarwal,2024-10-02,3,160246.55,91,53415.52,2,1,4,2.3333333333333335,Medium Value
CUST01027,Sai Gupta,2024-12-17,3,12980.45,15,4326.82,4,1,1,2.0,Medium Value
CUST01028,Ananya Malhotra,2024-12-09,5,66478.51,23,13295.7,4,3,3,3.3333333333333335,High Value
CUST01029,Arjun Menon,2023-11-05,5,84251.67,423,16850.33,1,3,4,2.6666666666666665,Medium Value
CUST01030,Ishaan Bose,2023-12-24,1,3639.62,374,3639.62,1,1,1,1.0,Low Value
CUST01031,Kiara Joshi,2024-12-12,7,91197.22,20,13028.17,4,4,4,4.0,High Value
CUST01032,Unknown,2024-11-19,3,15201.21,43,5067.07,3,1,2,2.0,Medium Value
CUST01033,Navya Das,2024-05-19,4,70656.33,227,17664.08,1,2,3,2.0,Medium Value
CUST01034,Aditya Mehta,2024-12-11,4,23132.41,21,5783.1,4,2,2,2.6666666666666665,Medium Value
CUST01035,Aadhya Patel,2024-11-27,2,6699.47,35,3349.74,3,1,1,1.6666666666666667,Low Value
CUST01036,Aditya Kapoor,2023-02-15,1,31136.35,686,31136.35,1,1,2,1.3333333333333333,Low Value
CUST01037,Reyansh Menon,2024-04-03,4,30742.64,273,7685.66,1,2,2,1.6666666666666667,Low Value
CUST01038,Aadhya Iyer,2024-06-12,4,13787.050000000001,203,3446.76,2,2,1,1.6666666666666667,Low Value
CUST01039,Kiara Gupta,2024-10-15,7,39591.87,78,5655.98,3,4,3,3.3333333333333335,High Value
CUST01040,Vivaan Verma,2024-11-17,5,35634.56,45,7126.91,3,3,3,3.0,High Value
CUST01041,Aditya Agarwal,2024-08-05,5,27180.82,149,5436.16,2,3,2,2.3333333333333335,Medium Value
CUST01042,Aadhya Menon,2024-01-27,1,40698.97,340,40698.97,1,1,3,1.6666666666666667,Low Value
CUST01043,Navya Mehta,2023-11-17,1,2209.94,411,2209.94,1,1,1,1.0,Low Value
CUST01044,Vivaan Sharma,2024-10-23,4,38619.86,70,9654.96,3,2,3,2.6666666666666665,Medium Value
CUST01045,Vihaan Rao,2024-12-25,7,31351.41,7,4478.77,4,4,2,3.3333333333333335,High Value
CUST01046,Aarav Rao,2024-12-25,7,23135.05,7,3305.01,4,4,2,3.3333333333333335,High Value
CUST01047,Myra Rao,2024-09-13,10,36906.6,110,3690.66,2,4,3,3.0,High Value
CUST01048,Isha Gupta,2024-12-24,3,14216.51,8,4738.84,4,1,1,2.0,Medium Value
CUST01049,Aditya Iyer,2024-08-15,3,114242.73000000001,139,38080.91,2,1,4,2.3333333333333335,Medium Value
CUST01050,Sai Das,2024-06-04,7,20065.170000000002,211,2866.45,2,4,2,2.6666666666666665,Medium Value
CUST01051,Vivaan Nair,2023-10-23,1,2644.73,436,2644.73,1,1,1,1.0,Low Value
CUST01052,Vivaan Singh,2024-02-03,2,31125.02,333,15562.51,1,1,2,1.3333333333333333,Low Value
CUST01053,Kiara Singh,2024-10-15,9,67216.28,78,7468.48,3,4,3,3.3333333333333335,High Value
CUST01054,Saanvi Bose,2024-11-13,10,123419.95000000001,49,12342.0,3,4,4,3.6666666666666665,High Value
CUST01055,Saanvi Rao,2024-03-17,2,57237.55,290,28618.78,1,1,3,1.6666666666666667,Low Value
CUST01056,Isha Agarwal,2024-07-22,2,10418.18,163,5209.09,2,1,1,1.3333333333333333,Low Value
CUST01057,Sai Chopra,2024-12-04,5,37158.729999999996,28,7431.75,4,3,3,3.3333333333333335,High Value
CUST01058,Vivaan Pillai,2024-12-29,9,74007.57,3,8223.06,4,4,4,4.0,High Value
CUST01059,Riya Kumar,2024-01-02,3,3968.1,365,1322.7,1,1,1,1.0,Low Value
CUST01060,Riya Verma,2024-07-19,5,5208.35,166,1041.67,2,3,1,2.0,Medium Value
CUST01061,Ishaan Verma,2024-10-30,3,7247.08,63,2415.69,3,1,1,1.6666666666666667,Low Value
CUST01062,Ananya Agarwal,2024-11-17,7,27295.16,45,3899.31,3,4,2,3.0,High Value
CUST01063,Kiara Iyer,2023-12-04,4,23514.93,394,5878.73,1,2,2,1.6666666666666667,Low Value
CUST01064,Riya Iyer,2024-07-24,2,10145.58,161,5072.79,2,1,1,1.3333333333333333,Low Value
CUST01065,Aditya Iyer,2024-04-30,12,145050.34,246,12087.53,1,4,4,3.0,High Value
CUST01066,Aadhya Pillai,2024-11-17,5,30030.989999999998,45,6006.2,3,3,2,2.6666666666666665,Medium Value
CUST01067,Reyansh Kapoor,2024-04-26,3,3930.12,250,1310.04,1,1,1,1.0,Low Value
CUST01068,Myra Sharma,2024-11-30,6,124324.99,32,20720.83,4,4,4,4.0,High Value
CUST01069,Vihaan Singh,2024-12-14,6,67493.69,18,11248.95,4,4,3,3.6666666666666665,High Value
CUST01070,Reyansh Nair,2024-07-25,4,26540.489999999998,160,6635.12,2,2,2,2.0,Medium Value
CUST01071,Anika Kumar,2024-08-24,4,30232.18,130,7558.04,2,2,2,2.0,Medium Value
CUST01072,Reyansh Menon,2024-02-10,1,1314.37,326,1314.37,1,1,1,1.0,Low Value
CUST01073,Isha Singh,2024-10-13,8,128476.90000000001,80,16059.61,3,4,4,3.6666666666666665,High Value
CUST01074,Sai Reddy,2024-09-26,3,10773.84,97,3591.28,2,1,1,1.3333333333333333,Low Value
CUST01075,Navya Kumar,2024-07-11,4,120855.32999999999,174,30213.83,2,2,4,2.6666666666666665,Medium Value
CUST01076,Isha Gupta,2024-08-10,2,10790.98,144,5395.49,2,1,1,1.3333333333333333,Low Value
CUST01077,Reyansh Rao,2024-07-29,5,26879.91,156,5375.98,2,3,2,2.3333333333333335,Medium Value
CUST01078,Reyansh Kumar,2024-06-06,3,56008.979999999996,209,18669.66,2,1,3,2.0,Medium Value
CUST01079,Arjun Verma,2023-12-26,4,331859.27,372,82964.82,1,2,4,2.3333333333333335,Medium Value
CUST01080,Sai Malhotra,2023-11-05,3,5714.63,423,1904.88,1,1,1,1.0,Low Value
CUST01081,Ishaan Reddy,2024-07-10,8,151606.11000000002,175,18950.76,2,4,4,3.3333333333333335,High Value
CUST01082,Arjun Sharma,2024-02-15,4,17901.33,321,4475.33,1,2,2,1.6666666666666667,Low Value
CUST01083,Saanvi Agarwal,2024-09-22,3,9137.61,101,3045.87,2,1,1,1.3333333333333333,Low Value
CUST01084,Saanvi Agarwal,2024-12-18,4,16970.15,14,4242.54,4,2,2,2.6666666666666665,Medium Value
CUST01085,Arjun Das,2024-11-06,4,32679.289999999997,56,8169.82,3,2,2,2.3333333333333335,Medium Value
CUST01086,Vihaan Joshi,2024-12-01,6,16157.27,31,2692.88,4,4,2,3.3333333333333335,High Value
CUST01087,Aditya Joshi,2024-12-14,6,33686.67,18,5614.44,4,4,2,3.3333333333333335,High Value
CUST01088,Ananya Menon,2024-12-23,7,61221.65,9,8745.95,4,4,3,3.6666666666666665,High Value
CUST01089,Vihaan Verma,2024-08-12,4,20081.21,142,5020.3,2,2,2,2.0,Medium Value
CUST01090,Isha Kapoor,2024-07-04,5,12352.58,181,2470.52,2,3,1,2.0,Medium Value
CUST01091,Navya Nair,2024-12-24,2,15732.33,8,7866.16,4,1,2,2.3333333333333335,Medium Value
CUST01092,Unknown,2023-12-04,5,219722.90999999997,394,43944.58,1,3,4,2.6666666666666665,Medium Value
CUST01093,Isha Patel,2024-12-28,4,100397.63,4,25099.41,4,2,4,3.3333333333333335,High Value
CUST01094,Ishaan Mehta,2024-09-23,4,13030.23,100,3257.56,2,2,1,1.6666666666666667,Low Value
CUST01095,Saanvi Joshi,2024-11-02,2,59780.33,60,29890.16,3,1,3,2.3333333333333335,Medium Value
CUST01096,Krishna Joshi,2024-06-23,2,6722.120000000001,192,3361.06,2,1,1,1.3333333333333333,Low Value
CUST01097,Krishna Iyer,2024-11-27,6,26950.690000000002,35,4491.78,3,4,2,3.0,High Value
CUST01098,Aarav Verma,2024-11-10,2,6049.16,52,3024.58,3,1,1,1.6666666666666667,Low Value
CUST01099,Myra Sharma,2024-07-29,4,21831.5,156,5457.88,2,2,2,2.0,Medium Value
CUST01100,Ishaan Agarwal,2024-11-03,6,7706.280000000001,59,1284.38,3,4,1,2.6666666666666665,Medium Value
CUST01101,Unknown,2024-07-20,3,15457.939999999999,165,5152.65,2,1,2,1.6666666666666667,Low Value
CUST01102,Vivaan Nair,2024-09-21,5,8148.990000000001,102,1629.8,2,3,1,2.0,Medium Value
CUST01103,Ayaan Joshi,2024-11-12,5,194717.52000000002,50,38943.5,3,3,4,3.3333333333333335,High Value
CUST01104,Kiara Joshi,2024-10-25,3,76612.1,68,25537.37,3,1,4,2.6666666666666665,Medium Value
CUST01105,Saanvi Pillai,2024-12-19,4,30812.590000000004,13,7703.15,4,2,2,2.6666666666666665,Medium Value
CUST01106,Arjun Bose,2024-08-30,3,36206.87,124,12068.96,2,1,3,2.0,Medium Value
CUST01107,Aarav Kumar,2024-10-06,4,23744.74,87,5936.18,2,2,2,2.0,Medium Value
CUST01108,Ayaan Das,2024-12-01,10,29898.39,31,2989.84,4,4,2,3.3333333333333335,High Value
CUST01109,Ayaan Chopra,2024-07-07,5,22128.54,178,4425.71,2,3,2,2.3333333333333335,Medium Value
CUST01110,Aarav Das,2024-12-17,4,257965.26,15,64491.32,4,2,4,3.3333333333333335,High Value
CUST01111,Riya Gupta,2024-12-05,4,94910.98,27,23727.74,4,2,4,3.3333333333333335,High Value
CUST01112,Anika Kumar,2024-11-16,4,111157.33,46,27789.33,3,2,4,3.0,High Value
CUST01113,Isha Nair,2024-08-04,7,57547.26,150,8221.04,2,4,3,3.0,High Value
CUST01114,Aadhya Singh,2024-10-14,2,11694.2,79,5847.1,3,1,1,1.6666666666666667,Low Value
CUST01115,Ananya Menon,2024-11-17,5,35509.41,45,7101.88,3,3,3,3.0,High Value
CUST01116,Kiara Pillai,2023-12-11,3,14467.06,387,4822.35,1,1,1,1.0,Low Value
CUST01117,Reyansh Pillai,2024-09-15,4,35361.91,108,8840.48,2,2,3,2.3333333333333335,Medium Value
CUST01118,Riya Chopra,2024-12-23,9,74713.45,9,8301.49,4,4,4,4.0,High Value
CUST01119,Arjun Kumar,2024-11-29,4,84080.56,33,21020.14,4,2,4,3.3333333333333335,High Value
CUST01120,Ayaan Mehta,2024-10-15,3,63651.72,78,21217.24,3,1,3,2.3333333333333335,Medium Value
CUST01121,Sai Malhotra,2024-11-07,6,50661.04,55,8443.51,3,4,3,3.3333333333333335,High Value
CUST01122,Unknown,2024-12-24,8,73630.64,8,9203.83,4,4,3,3.6666666666666665,High Value
CUST01123,Ayaan Nair,2024-11-01,6,94808.59,61,15801.43,3,4,4,3.6666666666666665,High Value
CUST01124,Krishna Verma,2024-11-29,5,60991.409999999996,33,12198.28,4,3,3,3.3333333333333335,High Value
CUST01125,Kiara Agarwal,2024-10-20,8,72516.20999999999,73,9064.53,3,4,3,3.3333333333333335,High Value
CUST01126,Aditya Joshi,2024-12-22,6,26100.05,10,4350.01,4,4,2,3.3333333333333335,High Value
CUST01127,Vihaan Singh,2024-03-08,6,93457.93,299,15576.32,1,4,4,3.0,High Value
CUST01128,Aadhya Iyer,2024-02-01,5,34185.58,335,6837.12,1,3,2,2.0,Medium Value
CUST01129,Krishna Agarwal,2023-12-04,1,1399.62,394,1399.62,1,1,1,1.0,Low Value
CUST01130,Ishaan Singh,2024-12-09,5,32913.99,23,6582.8,4,3,2,3.0,High Value
CUST01131,Diya Nair,2024-10-19,6,111303.92,74,18550.65,3,4,4,3.6666666666666665,High Value
CUST01132,Vivaan Das,2024-10-18,5,17477.65,75,3495.53,3,3,2,2.6666666666666665,Medium Value
CUST01133,Myra Verma,2024-12-02,3,105636.31999999999,30,35212.11,4,1,4,3.0,High Value
CUST01134,Ananya Mehta,2024-05-11,1,7820.37,235,7820.37,1,1,1,1.0,Low Value
CUST01135,Kiara Joshi,2024-11-15,2,1861.18,47,930.59,3,1,1,1.6666666666666667,Low Value
CUST01136,Ayaan Agarwal,2024-12-01,3,54713.42,31,18237.81,4,1,3,2.6666666666666665,Medium Value
CUST01137,Krishna Nair,2024-08-19,3,41571.89,135,13857.3,2,1,3,2.0,Medium Value
CUST01138,Aadhya Agarwal,2024-09-19,8,108743.36000000002,104,13592.92,2,4,4,3.3333333333333335,High Value
CUST01139,Isha Menon,2024-10-22,4,45737.81,71,11434.45,3,2,3,2.6666666666666665,Medium Value
CUST01140,Diya Pillai,2024-12-07,5,58829.560000000005,25,11765.91,4,3,3,3.3333333333333335,High Value
CUST01141,Aadhya Joshi,2023-06-20,1,3376.89,561,3376.89,1,1,1,1.0,Low Value
CUST01142,Aditya Reddy,2024-11-28,6,18191.04,34,3031.84,3,4,2,3.0,High Value
CUST01143,Anika Bose,2024-03-19,4,30618.670000000002,288,7654.67,1,2,2,1.6666666666666667,Low Value
CUST01144,Unknown,2024-12-26,4,215378.45,6,53844.61,4,2,4,3.3333333333333335,High Value
CUST01145,Navya Das,2024-10-24,6,77646.37,69,12941.06,3,4,4,3.6666666666666665,High Value
CUST01146,Ayaan Rao,2024-12-08,9,85915.37,24,9546.15,4,4,4,4.0,High Value
CUST01147,Ayaan Rao,2024-11-14,6,75974.12000000001,48,12662.35,3,4,4,3.6666666666666665,High Value
CUST01148,Reyansh Bose,2024-01-22,2,4019.94,345,2009.97,1,1,1,1.0,Low Value
CUST01149,Ananya Chopra,2024-09-15,2,4249.39,108,2124.7,2,1,1,1.3333333333333333,Low Value
CUST01150,Saanvi Agarwal,2024-10-16,4,18426.14,77,4606.54,3,2,2,2.3333333333333335,Medium Value
CUST01151,Vivaan Malhotra,2024-12-16,10,282739.76999999996,16,28273.98,4,4,4,4.0,High Value
CUST01152,Isha Agarwal,2024-11-15,5,55920.81,47,11184.16,3,3,3,3.0,High Value
CUST01153,Kiara Pillai,2024-12-13,6,19967.34,19,3327.89,4,4,2,3.3333333333333335,High Value
CUST01154,Diya Das,2024-07-30,4,19369.45,155,4842.36,2,2,2,2.0,Medium Value
CUST01155,Ananya Kumar,2024-04-29,4,11401.68,247,2850.42,1,2,1,1.3333333333333333,Low Value
CUST01156,Aarav Gupta,2024-09-16,5,85765.48,107,17153.1,2,3,4,3.0,High Value
CUST01157,Riya Reddy,2024-12-28,10,41780.58,4,4178.06,4,4,3,3.6666666666666665,High Value
CUST01158,Diya Malhotra,2024-01-06,5,3839.5199999999995,361,767.9,1,3,1,1.6666666666666667,Low Value
CUST01159,Arjun Malhotra,2024-12-29,4,23679.45,3,5919.86,4,2,2,2.6666666666666665,Medium Value
CUST01160,Ayaan Mehta,2024-12-20,5,191586.76,12,38317.35,4,3,4,3.6666666666666665,High Value
CUST01161,Myra Nair,2024-10-24,6,18204.4,69,3034.07,3,4,2,3.0,High Value
CUST01162,Aarav Bose,2024-11-07,4,28882.090000000004,55,7220.52,3,2,2,2.3333333333333335,Medium Value
CUST01163,Arjun Gupta,2023-10-26,1,9902.56,433,9902.56,1,1,1,1.0,Low Value
CUST01164,Aarav Singh,2024-10-06,3,8975.060000000001,87,2991.69,2,1,1,1.3333333333333333,Low Value
CUST01165,Ayaan Gupta,2024-11-22,3,25905.78,40,8635.26,3,1,2,2.0,Medium Value
CUST01166,Ishaan Verma,2024-10-17,4,28139.16,76,7034.79,3,2,2,2.3333333333333335,Medium Value
CUST01167,Ananya Mehta,2024-06-09,1,3111.06,206,3111.06,2,1,1,1.3333333333333333,Low Value
CUST01168,Aadhya Reddy,2024-02-05,4,32632.07,331,8158.02,1,2,2,1.6666666666666667,Low Value
CUST01169,Vivaan Iyer,2024-11-09,5,65153.52,53,13030.7,3,3,3,3.0,High Value
CUST01170,Myra Das,2024-11-09,5,223795.85,53,44759.17,3,3,4,3.3333333333333335,High Value
CUST01171,Krishna Menon,2024-11-12,2,1694.15,50,847.08,3,1,1,1.6666666666666667,Low Value
CUST01172,Vihaan Mehta,2024-09-11,4,79280.33,112,19820.08,2,2,4,2.6666666666666665,Medium Value
CUST01173,Diya Joshi,2024-07-31,7,167385.17,154,23912.17,2,4,4,3.3333333333333335,High Value
CUST01174,Aadhya Rao,2024-12-17,4,36444.89,15,9111.22,4,2,3,3.0,High Value
CUST01175,Vivaan Menon,2024-12-28,5,83869.41,4,16773.88,4,3,4,3.6666666666666665,High Value
CUST01176,Ananya Kapoor,2024-11-14,9,98435.68000000001,48,10937.3,3,4,4,3.6666666666666665,High Value
CUST01177,Riya Patel,2024-11-01,2,201988.15000000002,61,100994.08,3,1,4,2.6666666666666665,Medium Value
CUST01178,Riya Kumar,2024-10-23,4,25150.940000000002,70,6287.74,3,2,2,2.3333333333333335,Medium Value
CUST01179,Vihaan Malhotra,2024-10-04,3,4857.9,89,1619.3,2,1,1,1.3333333333333333,Low Value
CUST01180,Vihaan Menon,2024-03-17,4,24526.03,290,6131.51,1,2,2,1.6666666666666667,Low Value
CUST01181,Ishaan Gupta,2024-11-12,1,4002.29,50,4002.29,3,1,1,1.6666666666666667,Low Value
CUST01182,Arjun Patel,2024-12-22,9,62366.33,10,6929.59,4,4,3,3.6666666666666665,High Value
CUST01183,Ayaan Reddy,2024-12-30,5,67382.35,2,13476.47,4,3,3,3.3333333333333335,High Value
CUST01184,Ishaan Patel,2024-11-16,5,85009.53,46,17001.91,3,3,4,3.3333333333333335,High Value
CUST01185,Aadhya Singh,2024-11-09,8,128813.49,53,16101.69,3,4,4,3.6666666666666665,High Value
CUST01186,Saanvi Menon,2024-06-29,4,196140.52000000002,186,49035.13,2,2,4,2.6666666666666665,Medium Value
CUST01187,Anika Reddy,2024-10-28,3,8683.439999999999,65,2894.48,3,2,1,2.0,Medium Value
CUST01188,Vihaan Rao,2024-11-02,5,19370.61,60,3874.12,3,3,2,2.6666666666666665,Medium Value
CUST01189,Aditya Kumar,2024-11-25,4,11235.27,37,2808.82,3,2,1,2.0,Medium Value
CUST01190,Myra Menon,2024-12-05,3,8264.49,27,2754.83,4,2,1,2.3333333333333335,Medium Value
CUST01191,Vihaan Verma,2024-10-25,4,17805.42,68,4451.35,3,2,2,2.3333333333333335,Medium Value
CUST01192,Navya Pillai,2024-12-01,6,75213.79000000001,31,12535.63,4,4,4,4.0,High Value
CUST01193,Riya Joshi,2024-07-26,2,3279.65,159,1639.82,2,1,1,1.3333333333333333,Low Value
CUST01194,Aadhya Pillai,2024-06-30,3,78051.48999999999,185,26017.16,2,2,4,2.6666666666666665,Medium Value
CUST01195,Saanvi Bose,2024-11-22,7,130320.09,40,18617.16,3,4,4,3.6666666666666665,High Value
CUST01196,Sai Singh,2023-10-26,3,112590.6,433,37530.2,1,2,4,2.3333333333333335,Medium Value
CUST01197,Riya Kapoor,2024-03-16,4,73810.72,291,18452.68,1,2,4,2.3333333333333335,Medium Value
CUST01198,Saanvi Singh,2024-10-02,3,13718.86,91,4572.95,2,2,1,1.6666666666666667,Low Value
CUST01199,Anika Sharma,2024-11-22,4,54994.34,40,13748.58,3,2,3,2.6666666666666665,Medium Value
CUST01200,Navya Menon,2024-10-10,2,12678.4,83,6339.2,3,1,1,1.6666666666666667,Low Value
CUST01201,Anika Malhotra,2024-08-24,6,29793.18,130,4965.53,2,4,2,2.6666666666666665,Medium Value
CUST01202,Ananya Das,2024-12-01,3,25096.43,31,8365.48,4,2,2,2.6666666666666665,Medium Value
CUST01203,Aarav Joshi,2024-10-16,4,60517.50000000001,77,15129.38,3,2,3,2.6666666666666665,Medium Value
CUST01204,Sai Singh,2024-11-23,6,51746.509999999995,39,8624.42,3,4,3,3.3333333333333335,High Value
CUST01205,Isha Kapoor,2024-10-30,4,66631.06,63,16657.76,3,2,3,2.6666666666666665,Medium Value
CUST01206,Kiara Malhotra,2024-11-26,7,147251.21,36,21035.89,3,4,4,3.6666666666666665,High Value
CUST01207,Sai Malhotra,2024-05-12,7,78846.33,234,11263.76,1,4,4,3.0,High Value
CUST01208,Aadhya Chopra,2024-11-19,6,58544.78,43,9757.46,3,4,3,3.3333333333333335,High Value
CUST01209,Reyansh Iyer,2024-11-29,3,3293.74,33,1097.91,4,2,1,2.3333333333333335,Medium Value
CUST01210,Myra Kumar,2024-12-17,12,124883.79000000001,15,10406.98,4,4,4,4.0,High Value
CUST01211,Isha Mehta,2024-10-19,9,100819.87,74,11202.21,3,4,4,3.6666666666666665,High Value
CUST01212,Navya Gupta,2024-08-26,4,17905.95,128,4476.49,2,2,2,2.0,Medium Value
CUST01213,Saanvi Chopra,2024-11-10,10,51138.98,52,5113.9,3,4,3,3.3333333333333335,High Value
CUST01214,Anika Das,2024-11-25,6,41432.229999999996,37,6905.37,3,4,3,3.3333333333333335,High Value
CUST01215,Sai Joshi,2024-07-06,4,51129.43,179,12782.36,2,2,3,2.3333333333333335,Medium Value
CUST01216,Saanvi Pillai,2024-08-07,6,43278.380000000005,147,7213.06,2,4,3,3.0,High Value
CUST01217,Riya Mehta,2024-05-03,7,85222.54,243,12174.65,1,4,4,3.0,High Value
CUST01218,Aditya Rao,2024-11-14,4,29393.69,48,7348.42,3,2,2,2.3333333333333335,Medium Value
CUST01219,Riya Kumar,2024-07-05,4,29758.24,180,7439.56,2,2,2,2.0,Medium Value
CUST01220,Arjun Menon,2024-11-11,3,9116.77,51,3038.92,3,2,1,2.0,Medium Value
CUST01221,Anika Mehta,2024-05-05,5,32323.2,241,6464.64,1,3,2,2.0,Medium Value
CUST01222,Arjun Singh,2024-09-24,5,220051.75,99,44010.35,2,3,4,3.0,High Value
CUST01223,Sai Singh,2024-01-14,3,24740.85,353,8246.95,1,2,2,1.6666666666666667,Low Value
CUST01224,Reyansh Reddy,2024-06-23,5,59816.649999999994,192,11963.33,2,3,3,2.6666666666666665,Medium Value
CUST01225,Navya Gupta,2024-08-27,4,44415.299999999996,127,11103.82,2,2,3,2.3333333333333335,Medium Value
CUST01226,Aarav Singh,2024-07-09,3,40089.649999999994,176,13363.22,2,2,3,2.3333333333333335,Medium Value
CUST01227,Sai Iyer,2024-11-14,4,29285.9,48,7321.48,3,2,2,2.3333333333333335,Medium Value
CUST01228,Aadhya Bose,2024-11-23,1,56854.84,39,56854.84,3,1,3,2.3333333333333335,Medium Value
CUST01229,Isha Singh,2023-02-10,1,799.88,691,799.88,1,1,1,1.0,Low Value
CUST01230,Diya Mehta,2024-07-06,6,69999.0,179,11666.5,2,4,3,3.0,High Value
CUST01231,Reyansh Gupta,2024-11-15,4,12357.27,47,3089.32,3,2,1,2.0,Medium Value
CUST01232,Aadhya Mehta,2024-11-17,5,53825.990000000005,45,10765.2,3,3,3,3.0,High Value
CUST01233,Myra Kapoor,2024-12-13,6,20667.120000000003,19,3444.52,4,4,2,3.3333333333333335,High Value
CUST01234,Ishaan Das,2023-07-16,1,1643.24,535,1643.24,1,1,1,1.0,Low Value
CUST01235,Sai Bose,2024-08-28,2,5011.18,126,2505.59,2,1,1,1.3333333333333333,Low Value
CUST01236,Krishna Das,2024-05-20,4,76823.1,226,19205.78,1,2,4,2.3333333333333335,Medium Value
CUST01237,Vihaan Chopra,2024-12-20,3,32549.43,12,10849.81,4,2,2,2.6666666666666665,Medium Value
CUST01238,Isha Agarwal,2024-12-20,8,62835.59,12,7854.45,4,4,3,3.6666666666666665,High Value
CUST01239,Ananya Singh,2023-01-05,1,1159.31,727,1159.31,1,1,1,1.0,Low Value
CUST01240,Navya Sharma,2024-11-03,3,21900.51,59,7300.17,3,2,2,2.3333333333333335,Medium Value
CUST01241,Reyansh Patel,2024-02-15,5,10263.85,321,2052.77,1,3,1,1.6666666666666667,Low Value
CUST01242,Kiara Agarwal,2023-07-01,2,13853.009999999998,550,6926.5,1,1,1,1.0,Low Value
CUST01243,Ananya Menon,2024-11-04,2,113580.44,58,56790.22,3,1,4,2.6666666666666665,Medium Value
CUST01244,Kiara Kapoor,2024-10-12,4,108417.98999999999,81,27104.5,3,2,4,3.0,High Value
CUST01245,Reyansh Mehta,2024-07-04,4,54596.59,181,13649.15,2,2,3,2.3333333333333335,Medium Value
CUST01246,Diya Rao,2024-10-28,5,85931.77,65,17186.35,3,3,4,3.3333333333333335,High Value
CUST01247,Arjun Agarwal,2024-11-14,2,36712.9,48,18356.45,3,1,3,2.3333333333333335,Medium Value
CUST01248,Arjun Gupta,2024-01-16,2,208391.72,351,104195.86,1,1,4,2.0,Medium Value
CUST01249,Arjun Joshi,2024-12-11,6,18505.54,21,3084.26,4,4,2,3.3333333333333335,High Value
CUST01250,Riya Pillai,2023-12-25,3,29265.879999999997,373,9755.29,1,2,2,1.6666666666666667,Low Value
CUST01251,Diya Iyer,2024-10-23,8,67727.14,70,8465.89,3,4,3,3.3333333333333335,High Value
CUST01252,Aarav Agarwal,2024-12-14,6,12973.17,18,2162.2,4,4,1,3.0,High Value
CUST01253,Vihaan Mehta,2024-10-05,3,8012.96,88,2670.99,2,2,1,1.6666666666666667,Low Value
CUST01254,Reyansh Sharma,2024-12-22,3,8393.92,10,2797.97,4,2,1,2.3333333333333335,Medium Value
CUST01255,Anika Verma,2024-12-24,7,65883.39,8,9411.91,4,4,3,3.6666666666666665,High Value
CUST01256,Ananya Iyer,2024-11-27,10,106398.42,35,10639.84,3,4,4,3.6666666666666665,High Value
CUST01257,Reyansh Joshi,2024-08-06,3,5260.55,148,1753.52,2,2,1,1.6666666666666667,Low Value
CUST01258,Anika Verma,2023-11-07,4,69306.4,421,17326.6,1,2,3,2.0,Medium Value
CUST01259,Sai Rao,2024-07-22,2,31385.01,163,15692.5,2,1,2,1.6666666666666667,Low Value
CUST01260,Sai Verma,2023-08-13,2,21805.03,507,10902.52,1,1,2,1.3333333333333333,Low Value
CUST01261,Aarav Mehta,2024-11-24,4,31523.47,38,7880.87,3,2,2,2.3333333333333335,Medium Value
CUST01262,Arjun Verma,2024-05-16,2,29692.0,230,14846.0,1,1,2,1.3333333333333333,Low Value
CUST01263,Myra Verma,2024-10-30,3,16729.02,63,5576.34,3,2,2,2.3333333333333335,Medium Value
CUST01264,Ishaan Verma,2024-10-20,5,31553.26,73,6310.65,3,3,2,2.6666666666666665,Medium Value
CUST01265,Myra Kapoor,2024-10-19,3,52670.29,74,17556.76,3,2,3,2.6666666666666665,Medium Value
CUST01266,Riya Reddy,2024-09-15,4,49898.42,108,12474.6,2,2,3,2.3333333333333335,Medium Value
CUST01267,Diya Malhotra,2024-03-06,4,24425.149999999998,301,6106.29,1,2,2,1.6666666666666667,Low Value
CUST01268,Ayaan Patel,2024-09-21,2,6856.23,102,3428.12,2,1,1,1.3333333333333333,Low Value
CUST01269,Ishaan Gupta,2024-12-11,10,54423.0,21,5442.3,4,4,3,3.6666666666666665,High Value
CUST01270,Riya Joshi,2024-06-18,7,148147.7,197,21163.96,2,4,4,3.3333333333333335,High Value
CUST01271,Reyansh Menon,2024-10-06,7,18492.1,87,2641.73,2,4,2,2.6666666666666665,Medium Value
CUST01272,Vihaan Rao,2024-12-09,5,244329.38,23,48865.88,4,3,4,3.6666666666666665,High Value
CUST01273,Isha Malhotra,2024-01-12,3,111895.72,355,37298.57,1,2,4,2.3333333333333335,Medium Value
CUST01274,Ayaan Malhotra,2023-11-28,3,10452.66,400,3484.22,1,2,1,1.3333333333333333,Low Value
CUST01275,Isha Rao,2024-11-30,7,170281.46,32,24325.92,4,4,4,4.0,High Value
CUST01276,Krishna Nair,2024-01-30,5,22670.23,337,4534.05,1,3,2,2.0,Medium Value
CUST01277,Anika Verma,2024-08-18,5,78226.05,136,15645.21,2,3,4,3.0,High Value
CUST01278,Aditya Nair,2024-09-28,4,12681.94,95,3170.48,2,2,1,1.6666666666666667,Low Value
CUST01279,Diya Sharma,2024-08-21,5,86850.62,133,17370.12,2,3,4,3.0,High Value
CUST01280,Ishaan Menon,2024-06-20,5,11973.16,195,2394.63,2,3,1,2.0,Medium Value
CUST01281,Aditya Patel,2024-11-23,3,8469.82,39,2823.27,3,2,1,2.0,Medium Value
CUST01282,Reyansh Menon,2024-12-23,6,17288.28,9,2881.38,4,4,2,3.3333333333333335,High Value
CUST01283,Navya Chopra,2024-04-27,3,6982.94,249,2327.65,1,2,1,1.3333333333333333,Low Value
CUST01284,Riya Kumar,2024-11-19,1,4358.04,43,4358.04,3,1,1,1.6666666666666667,Low Value
CUST01285,Riya Chopra,2024-08-02,1,552.23,152,552.23,2,1,1,1.3333333333333333,Low Value
CUST01286,Diya Mehta,2024-11-23,6,60773.3,39,10128.88,3,4,3,3.3333333333333335,High Value
CUST01287,Ayaan Iyer,2024-12-08,6,99886.59,24,16647.76,4,4,4,4.0,High Value
CUST01288,Vihaan Kumar,2023-12-04,5,97345.95999999999,394,19469.19,1,3,4,2.6666666666666665,Medium Value
CUST01289,Ayaan Iyer,2024-12-06,4,31246.96,26,7811.74,4,2,2,2.6666666666666665,Medium Value
CUST01290,Kiara Malhotra,2024-09-17,5,104133.73000000001,106,20826.75,2,3,4,3.0,High Value
CUST01291,Myra Rao,2024-09-07,6,109857.01,116,18309.5,2,4,4,3.3333333333333335,High Value
CUST01292,Ayaan Agarwal,2024-02-11,5,15348.26,325,3069.65,1,3,2,2.0,Medium Value
CUST01293,Ishaan Menon,2024-10-15,2,9649.95,78,4824.98,3,1,1,1.6666666666666667,Low Value
CUST01294,Sai Bose,2024-12-05,5,15055.14,27,3011.03,4,3,2,3.0,High Value
CUST01295,Vivaan Reddy,2024-10-31,3,8779.15,62,2926.38,3,2,1,2.0,Medium Value
CUST01296,Myra Gupta,2024-12-29,8,238385.57,3,29798.2,4,4,4,4.0,High Value
CUST01297,Saanvi Gupta,2024-10-17,6,37275.87,76,6212.64,3,4,3,3.3333333333333335,High Value
CUST01298,Unknown,2024-04-05,3,36056.03,271,12018.68,1,2,3,2.0,Medium Value
CUST01299,Ayaan Patel,2024-09-05,7,121499.86,118,17357.12,2,4,4,3.3333333333333335,High Value
CUST01300,Aarav Sharma,2024-11-14,3,59121.479999999996,48,19707.16,3,2,3,2.6666666666666665,Medium Value
CUST01301,Ayaan Kumar,2024-04-14,2,6368.9,262,3184.45,1,1,1,1.0,Low Value
CUST01302,Myra Chopra,2024-04-13,3,13599.2,263,4533.07,1,2,1,1.3333333333333333,Low Value
CUST01303,Arjun Singh,2024-12-29,6,31028.79,3,5171.46,4,4,2,3.3333333333333335,High Value
CUST01304,Sai Rao,2024-07-28,2,2272.33,157,1136.16,2,1,1,1.3333333333333333,Low Value
CUST01305,Unknown,2024-10-28,7,24961.84,65,3565.98,3,4,2,3.0,High Value
CUST01306,Diya Chopra,2024-12-09,2,4309.8,23,2154.9,4,1,1,2.0,Medium Value
CUST01307,Aadhya Kapoor,2024-11-01,6,311118.56,61,51853.09,3,4,4,3.6666666666666665,High Value
CUST01308,Aarav Das,2023-12-24,3,20380.38,374,6793.46,1,2,2,1.6666666666666667,Low Value
CUST01310,Vihaan Patel,2024-01-09,1,3681.44,358,3681.44,1,1,1,1.0,Low Value
CUST01311,Arjun Gupta,2024-03-30,2,4863.389999999999,277,2431.69,1,1,1,1.0,Low Value
CUST01312,Aarav Singh,2024-11-16,8,239768.38999999998,46,29971.05,3,4,4,3.6666666666666665,High Value
CUST01313,Isha Verma,2024-07-01,4,22463.71,184,5615.93,2,2,2,2.0,Medium Value
CUST01314,Arjun Gupta,2024-09-13,3,10337.34,110,3445.78,2,2,1,1.6666666666666667,Low Value
CUST01315,Krishna Menon,2024-11-05,4,15037.470000000001,57,3759.37,3,2,2,2.3333333333333335,Medium Value
CUST01317,Sai Pillai,2024-02-20,1,1442.61,316,1442.61,1,1,1,1.0,Low Value
CUST01318,Diya Chopra,2024-05-10,2,5617.49,236,2808.74,1,1,1,1.0,Low Value
CUST01319,Vivaan Malhotra,2024-09-28,7,55532.83,95,7933.26,2,4,3,3.0,High Value
CUST01320,Diya Bose,2024-07-04,2,28272.199999999997,181,14136.1,2,1,2,1.6666666666666667,Low Value
CUST01321,Krishna Verma,2024-08-09,5,12670.88,145,2534.18,2,3,1,2.0,Medium Value
CUST01322,Aditya Bose,2023-11-02,3,32539.1,426,10846.37,1,2,2,1.6666666666666667,Low Value
CUST01323,Myra Sharma,2024-11-10,2,11908.54,52,5954.27,3,1,1,1.6666666666666667,Low Value
CUST01324,Aditya Menon,2023-09-20,1,7500.61,469,7500.61,1,1,1,1.0,Low Value
CUST01325,Vivaan Iyer,2023-08-22,4,19103.9,498,4775.98,1,2,2,1.6666666666666667,Low Value
CUST01326,Riya Malhotra,2023-03-14,1,20544.99,659,20544.99,1,1,2,1.3333333333333333,Low Value
CUST01327,Navya Chopra,2023-05-16,3,317286.52,596,105762.17,1,2,4,2.3333333333333335,Medium Value
CUST01328,Myra Joshi,2024-12-02,9,86065.19,30,9562.8,4,4,4,4.0,High Value
CUST01329,Arjun Bose,2024-12-21,2,3785.47,11,1892.74,4,1,1,2.0,Medium Value
CUST01330,Ananya Malhotra,2024-12-12,8,57552.15,20,7194.02,4,4,3,3.6666666666666665,High Value
CUST01331,Aditya Sharma,2024-12-17,5,101140.17,15,20228.03,4,3,4,3.6666666666666665,High Value
CUST01332,Isha Kapoor,2024-11-17,4,172727.3,45,43181.82,3,2,4,3.0,High Value
CUST01333,Vivaan Verma,2024-05-04,3,11144.740000000002,242,3714.91,1,2,1,1.3333333333333333,Low Value
CUST01334,Aditya Nair,2024-12-04,5,10155.09,28,2031.02,4,3,1,2.6666666666666665,Medium Value
CUST01335,Kiara Reddy,2024-01-05,4,196668.94,362,49167.24,1,2,4,2.3333333333333335,Medium Value
CUST01336,Sai Iyer,2023-11-17,3,220796.21,411,73598.74,1,2,4,2.3333333333333335,Medium Value
CUST01337,Isha Sharma,2024-12-11,2,26933.690000000002,21,13466.84,4,1,2,2.3333333333333335,Medium Value
CUST01338,Ayaan Gupta,2024-08-10,3,53822.36,144,17940.79,2,2,3,2.3333333333333335,Medium Value
CUST01339,Vihaan Malhotra,2024-12-16,7,77882.25,16,11126.04,4,4,4,4.0,High Value
CUST01340,Sai Malhotra,2024-12-25,5,56672.93,7,11334.59,4,3,3,3.3333333333333335,High Value
CUST01341,Aditya Rao,2023-12-24,5,106578.66,374,21315.73,1,3,4,2.6666666666666665,Medium Value
CUST01342,Isha Rao,2024-12-14,8,162153.46,18,20269.18,4,4,4,4.0,High Value
CUST01343,Vihaan Bose,2024-10-08,5,122851.92,85,24570.38,2,3,4,3.0,High Value
CUST01344,Anika Reddy,2024-12-03,5,20180.739999999998,29,4036.15,4,3,2,3.0,High Value
CUST01345,Krishna Gupta,2024-11-12,2,125783.66,50,62891.83,3,1,4,2.6666666666666665,Medium Value
CUST01346,Saanvi Malhotra,2024-10-24,6,108268.91,69,18044.82,3,4,4,3.6666666666666665,High Value
CUST01347,Navya Pillai,2024-11-09,5,75059.39000000001,53,15011.88,3,3,4,3.3333333333333335,High Value
CUST01348,Aarav Patel,2024-11-06,4,73637.1,56,18409.28,3,2,3,2.6666666666666665,Medium Value
CUST01349,Vivaan Rao,2024-12-27,6,22650.31,5,3775.05,4,4,2,3.3333333333333335,High Value
CUST01350,Sai Rao,2023-04-15,1,575.32,627,575.32,1,1,1,1.0,Low Value
CUST01351,Vihaan Nair,2024-03-28,3,62319.850000000006,279,20773.28,1,2,3,2.0,Medium Value
CUST01352,Aditya Pillai,2024-11-14,1,6846.29,48,6846.29,3,1,1,1.6666666666666667,Low Value
CUST01353,Aadhya Menon,2024-12-28,3,39020.51,4,13006.84,4,2,3,3.0,High Value
CUST01354,Anika Nair,2024-12-16,8,73876.63,16,9234.58,4,4,4,4.0,High Value
CUST01355,Aadhya Patel,2024-10-23,2,25142.870000000003,70,12571.44,3,1,2,2.0,Medium Value
CUST01356,Myra Pillai,2023-12-08,5,235808.85,390,47161.77,1,3,4,2.6666666666666665,Medium Value
CUST01357,Aadhya Pillai,2024-10-26,8,36849.42,67,4606.18,3,4,3,3.3333333333333335,High Value
CUST01358,Aditya Mehta,2024-11-23,6,21487.12,39,3581.19,3,4,2,3.0,High Value
CUST01359,Riya Iyer,2024-12-28,6,131375.44,4,21895.91,4,4,4,4.0,High Value
CUST01360,Isha Das,2024-10-05,5,13586.45,88,2717.29,2,3,1,2.0,Medium Value
CUST01361,Reyansh Rao,2024-12-31,4,9676.65,1,2419.16,4,2,1,2.3333333333333335,Medium Value
CUST01362,Krishna Pillai,2023-12-25,4,16616.23,373,4154.06,1,2,2,1.6666666666666667,Low Value
CUST01363,Kiara Menon,2024-09-08,4,94903.56,115,23725.89,2,2,4,2.6666666666666665,Medium Value
CUST01364,Aadhya Patel,2024-11-29,4,152855.41,33,38213.85,4,2,4,3.3333333333333335,High Value
CUST01365,Vihaan Nair,2024-09-20,6,132846.83,103,22141.14,2,4,4,3.3333333333333335,High Value
CUST01366,Anika Iyer,2024-10-23,2,5009.88,70,2504.94,3,1,1,1.6666666666666667,Low Value
CUST01367,Aarav Menon,2024-11-13,7,98887.73999999999,49,14126.82,3,4,4,3.6666666666666665,High Value
CUST01368,Aadhya Chopra,2024-12-29,6,148095.4,3,24682.57,4,4,4,4.0,High Value
CUST01369,Aditya Iyer,2024-05-09,2,2148.9,237,1074.45,1,1,1,1.0,Low Value
CUST01370,Aadhya Iyer,2024-12-19,7,36647.93,13,5235.42,4,4,3,3.6666666666666665,High Value
CUST01371,Vihaan Singh,2024-12-23,6,26653.770000000004,9,4442.3,4,4,2,3.3333333333333335,High Value
CUST01372,Ayaan Verma,2024-04-21,2,2816.91,255,1408.46,1,1,1,1.0,Low Value
CUST01373,Krishna Rao,2023-01-19,3,14919.12,713,4973.04,1,2,2,1.6666666666666667,Low Value
CUST01374,Krishna Kapoor,2024-11-22,7,110037.87000000001,40,15719.7,3,4,4,3.6666666666666665,High Value
CUST01375,Anika Kapoor,2024-12-12,8,99662.25,20,12457.78,4,4,4,4.0,High Value
CUST01376,Diya Gupta,2023-11-26,6,74710.4,402,12451.73,1,4,4,3.0,High Value
CUST01377,Ananya Rao,2024-03-08,4,58203.630000000005,299,14550.91,1,2,3,2.0,Medium Value
CUST01378,Navya Kumar,2024-05-31,5,59763.47,215,11952.69,1,3,3,2.3333333333333335,Medium Value
CUST01379,Myra Menon,2024-11-10,4,297617.95999999996,52,74404.49,3,2,4,3.0,High Value
CUST01380,Arjun Gupta,2024-02-13,3,274858.37,323,91619.46,1,2,4,2.3333333333333335,Medium Value
CUST01381,Diya Sharma,2024-08-05,6,59596.770000000004,149,9932.8,2,4,3,3.0,High Value
CUST01382,Krishna Iyer,2024-05-19,5,26106.92,227,5221.38,1,3,2,2.0,Medium Value
CUST01383,Vihaan Gupta,2024-11-23,10,191827.43,39,19182.74,3,4,4,3.6666666666666665,High Value
CUST01384,Anika Verma,2024-09-28,3,103328.89,95,34442.96,2,2,4,2.6666666666666665,Medium Value
CUST01385,Aarav Nair,2024-12-30,9,87481.21,2,9720.13,4,4,4,4.0,High Value
CUST01386,Saanvi Malhotra,2024-06-13,6,20201.95,202,3366.99,2,4,2,2.6666666666666665,Medium Value
CUST01387,Ayaan Bose,2023-12-03,3,283614.42,395,94538.14,1,2,4,2.3333333333333335,Medium Value
CUST01388,Diya Rao,2024-12-18,5,91842.8,14,18368.56,4,3,4,3.6666666666666665,High Value
CUST01389,Kiara Malhotra,2024-12-28,5,88973.85,4,17794.77,4,3,4,3.6666666666666665,High Value
CUST01390,Krishna Pillai,2024-11-06,5,46033.619999999995,56,9206.72,3,3,3,3.0,High Value
CUST01391,Isha Nair,2024-09-16,5,47353.29,107,9470.66,2,3,3,2.6666666666666665,Medium Value
CUST01392,Riya Patel,2023-01-18,1,17513.6,714,17513.6,1,1,2,1.3333333333333333,Low Value
CUST01393,Isha Pillai,2024-08-23,3,56739.850000000006,131,18913.28,2,2,3,2.3333333333333335,Medium Value
CUST01394,Vihaan Reddy,2024-04-10,2,8907.460000000001,266,4453.73,1,1,1,1.0,Low Value
CUST01395,Vihaan Bose,2024-08-26,4,25051.98,128,6263.0,2,2,2,2.0,Medium Value
CUST01396,Saanvi Gupta,2023-10-04,2,87343.7,455,43671.85,1,1,4,2.0,Medium Value
CUST01397,Diya Verma,2024-02-22,6,67098.15,314,11183.02,1,4,3,2.6666666666666665,Medium Value
CUST01398,Vivaan Iyer,2024-05-04,2,19411.64,242,9705.82,1,1,2,1.3333333333333333,Low Value
CUST01399,Aarav Nair,2024-10-12,9,29466.92,81,3274.1,3,4,2,3.0,High Value
CUST01400,Sai Patel,2024-11-23,6,82839.83,39,13806.64,3,4,4,3.6666666666666665,High Value
CUST01401,Navya Joshi,2024-08-22,5,63026.78,132,12605.36,2,3,3,2.6666666666666665,Medium Value
CUST01402,Diya Patel,2024-07-12,4,39808.81,173,9952.2,2,2,3,2.3333333333333335,Medium Value
CUST01403,Ayaan Pillai,2024-12-17,11,342416.51,15,31128.77,4,4,4,4.0,High Value
CUST01404,Unknown,2024-09-11,3,16969.34,112,5656.45,2,2,2,2.0,Medium Value
CUST01405,Saanvi Joshi,2024-02-20,1,485.51,316,485.51,1,1,1,1.0,Low Value
CUST01406,Aditya Nair,2024-02-09,4,117939.32999999999,327,29484.83,1,2,4,2.3333333333333335,Medium Value
CUST01407,Aadhya Gupta,2024-12-22,6,57948.36,10,9658.06,4,4,3,3.6666666666666665,High Value
CUST01408,Myra Das,2024-10-08,3,16964.190000000002,85,5654.73,2,2,2,2.0,Medium Value
CUST01409,Isha Joshi,2024-11-04,4,13775.419999999998,58,3443.85,3,2,1,2.0,Medium Value
CUST01410,Saanvi Patel,2024-12-07,7,341846.75,25,48835.25,4,4,4,4.0,High Value
CUST01411,Anika Rao,2024-11-24,3,68949.86,38,22983.29,3,2,3,2.6666666666666665,Medium Value
CUST01412,Anika Nair,2024-12-08,6,90253.23999999999,24,15042.21,4,4,4,4.0,High Value
CUST01413,Ananya Menon,2024-07-11,1,42937.44,174,42937.44,2,1,3,2.0,Medium Value
CUST01414,Aarav Reddy,2024-10-03,3,9391.81,90,3130.6,2,2,1,1.6666666666666667,Low Value
CUST01415,Anika Mehta,2024-12-24,2,1556.92,8,778.46,4,1,1,2.0,Medium Value
CUST01416,Ananya Iyer,2024-08-16,4,16756.58,138,4189.15,2,2,2,2.0,Medium Value
CUST01417,Krishna Kumar,2023-12-31,4,65072.729999999996,367,16268.18,1,2,3,2.0,Medium Value
CUST01418,Anika Iyer,2024-09-20,2,64847.479999999996,103,32423.74,2,1,3,2.0,Medium Value
CUST01419,Anika Pillai,2024-09-23,4,135346.52000000002,100,33836.63,2,2,4,2.6666666666666665,Medium Value
CUST01420,Reyansh Iyer,2024-12-23,8,47313.03,9,5914.13,4,4,3,3.6666666666666665,High Value
CUST01421,Reyansh Das,2024-12-16,2,9231.699999999999,16,4615.85,4,1,1,2.0,Medium Value
CUST01422,Ananya Rao,2024-08-01,5,72329.68,153,14465.94,2,3,3,2.6666666666666665,Medium Value
CUST01423,Riya Chopra,2024-05-24,5,59932.89,222,11986.58,1,3,3,2.3333333333333335,Medium Value
CUST01424,Saanvi Rao,2024-12-20,6,56495.920000000006,12,9415.99,4,4,3,3.6666666666666665,High Value
CUST01425,Saanvi Sharma,2024-12-21,2,5302.96,11,2651.48,4,1,1,2.0,Medium Value
CUST01426,Ayaan Bose,2024-11-18,6,19823.32,44,3303.89,3,4,2,3.0,High Value
CUST01427,Riya Bose,2024-01-15,5,104640.54,352,20928.11,1,3,4,2.6666666666666665,Medium Value
CUST01428,Ayaan Nair,2024-08-28,6,53440.119999999995,126,8906.69,2,4,3,3.0,High Value
CUST01429,Saanvi Bose,2024-06-08,6,21034.37,207,3505.73,2,4,2,2.6666666666666665,Medium Value
CUST01430,Myra Sharma,2024-12-29,5,194956.92,3,38991.38,4,3,4,3.6666666666666665,High Value
CUST01431,Saanvi Reddy,2024-11-12,4,31460.06,50,7865.02,3,2,2,2.3333333333333335,Medium Value
CUST01432,Arjun Nair,2024-11-02,6,49141.05,60,8190.18,3,4,3,3.3333333333333335,High Value
CUST01433,Aadhya Das,2024-09-23,7,139971.66999999998,100,19995.95,2,4,4,3.3333333333333335,High Value
CUST01434,Kiara Joshi,2024-03-15,2,9528.75,292,4764.38,1,1,1,1.0,Low Value
CUST01435,Kiara Menon,2024-11-22,6,181036.68,40,30172.78,3,4,4,3.6666666666666665,High Value
CUST01436,Navya Agarwal,2024-04-13,4,11576.69,263,2894.17,1,2,1,1.3333333333333333,Low Value
CUST01437,Vivaan Singh,2024-12-19,6,22221.49,13,3703.58,4,4,2,3.3333333333333335,High Value
CUST01438,Aarav Singh,2024-01-09,5,90984.78,358,18196.96,1,3,4,2.6666666666666665,Medium Value
CUST01439,Navya Kumar,2024-12-31,3,15922.3,1,5307.43,4,2,2,2.6666666666666665,Medium Value
CUST01440,Riya Malhotra,2023-01-20,1,53717.65,712,53717.65,1,1,3,1.6666666666666667,Low Value
CUST01441,Ayaan Menon,2024-12-30,7,21414.22,2,3059.17,4,4,2,3.3333333333333335,High Value
CUST01442,Anika Sharma,2024-12-17,5,328160.42,15,65632.08,4,3,4,3.6666666666666665,High Value
CUST01443,Diya Pillai,2024-12-29,6,51651.399999999994,3,8608.57,4,4,3,3.6666666666666665,High Value
CUST01444,Kiara Iyer,2024-10-05,4,134390.69,88,33597.67,2,2,4,2.6666666666666665,Medium Value
CUST01445,Reyansh Verma,2024-08-01,4,6424.23,153,1606.06,2,2,1,1.6666666666666667,Low Value
CUST01446,Krishna Mehta,2024-11-11,2,16727.45,51,8363.72,3,1,2,2.0,Medium Value
CUST01447,Vivaan Pillai,2024-08-13,6,98145.39,141,16357.56,2,4,4,3.3333333333333335,High Value
CUST01448,Ananya Das,2024-10-04,6,11768.45,89,1961.41,2,4,1,2.3333333333333335,Medium Value
CUST01449,Ishaan Rao,2024-11-10,5,13514.939999999999,52,2702.99,3,3,1,2.3333333333333335,Medium Value
CUST01450,Navya Pillai,2024-10-05,2,14488.43,88,7244.22,2,1,1,1.3333333333333333,Low Value
CUST01451,Krishna Reddy,2024-12-13,2,27089.14,19,13544.57,4,1,2,2.3333333333333335,Medium Value
CUST01452,Aditya Menon,2024-11-18,4,58188.22,44,14547.06,3,2,3,2.6666666666666665,Medium Value
CUST01453,Sai Verma,2024-12-10,3,65742.32999999999,22,21914.11,4,2,3,3.0,High Value
CUST01455,Myra Nair,2024-04-27,3,11228.92,249,3742.97,1,2,1,1.3333333333333333,Low Value
CUST01456,Vivaan Joshi,2024-11-13,5,89547.76000000001,49,17909.55,3,3,4,3.3333333333333335,High Value
CUST01457,Krishna Bose,2024-10-06,4,24491.22,87,6122.8,2,2,2,2.0,Medium Value
CUST01458,Aditya Chopra,2024-02-12,3,1227.35,324,409.12,1,2,1,1.3333333333333333,Low Value
CUST01459,Aarav Das,2023-10-14,2,16472.18,445,8236.09,1,1,2,1.3333333333333333,Low Value
CUST01460,Kiara Kumar,2024-08-17,1,115482.74,137,115482.74,2,1,4,2.3333333333333335,Medium Value
CUST01461,Anika Patel,2024-06-09,8,24327.079999999998,206,3040.88,2,4,2,2.6666666666666665,Medium Value
CUST01462,Ananya Agarwal,2024-10-08,2,10304.02,85,5152.01,2,1,1,1.3333333333333333,Low Value
CUST01463,Vihaan Gupta,2024-12-22,3,54045.71000000001,10,18015.24,4,2,3,3.0,High Value
CUST01464,Saanvi Iyer,2024-11-06,2,11458.82,56,5729.41,3,1,1,1.6666666666666667,Low Value
CUST01465,Sai Bose,2023-12-06,2,4367.66,392,2183.83,1,1,1,1.0,Low Value
CUST01466,Vivaan Gupta,2024-11-08,4,24417.37,54,6104.34,3,2,2,2.3333333333333335,Medium Value
CUST01467,Aditya Bose,2024-11-29,2,29593.98,33,14796.99,4,1,2,2.3333333333333335,Medium Value
CUST01468,Kiara Iyer,2024-07-08,3,10019.07,177,3339.69,2,2,1,1.6666666666666667,Low Value
CUST01469,Ayaan Chopra,2024-05-08,2,34992.24,238,17496.12,1,1,3,1.6666666666666667,Low Value
CUST01470,Myra Singh,2024-07-05,4,27388.89,180,6847.22,2,2,2,2.0,Medium Value
CUST01471,Aarav Reddy,2024-05-22,5,195101.92,224,39020.38,1,3,4,2.6666666666666665,Medium Value
CUST01472,Vivaan Kumar,2023-11-28,3,8260.029999999999,400,2753.34,1,2,1,1.3333333333333333,Low Value
CUST01473,Reyansh Singh,2024-07-11,6,112455.59999999999,174,18742.6,2,4,4,3.3333333333333335,High Value
CUST01474,Arjun Sharma,2024-01-01,7,157364.82,366,22480.69,1,4,4,3.0,High Value
CUST01475,Aarav Malhotra,2024-05-24,5,7986.73,222,1597.35,1,3,1,1.6666666666666667,Low Value
CUST01476,Isha Pillai,2024-11-09,3,61032.11,53,20344.04,3,2,3,2.6666666666666665,Medium Value
CUST01477,Ishaan Agarwal,2024-08-18,10,171272.72,136,17127.27,2,4,4,3.3333333333333335,High Value
CUST01478,Aditya Chopra,2023-12-10,4,26636.12,388,6659.03,1,2,2,1.6666666666666667,Low Value
CUST01479,Kiara Chopra,2023-11-03,2,44887.979999999996,425,22443.99,1,1,3,1.6666666666666667,Low Value
CUST01480,Anika Joshi,2024-10-20,5,8819.46,73,1763.89,3,3,1,2.3333333333333335,Medium Value
CUST01481,Sai Kumar,2024-08-13,5,27809.79,141,5561.96,2,3,2,2.3333333333333335,Medium Value
CUST01482,Ayaan Verma,2024-06-08,4,19053.5,207,4763.38,2,2,2,2.0,Medium Value
CUST01483,Myra Menon,2024-09-01,5,15736.359999999999,122,3147.27,2,3,2,2.3333333333333335,Medium Value
CUST01484,Diya Patel,2024-12-31,5,76377.56999999999,1,15275.51,4,3,4,3.6666666666666665,High Value
CUST01485,Aarav Singh,2024-12-25,5,57329.03,7,11465.81,4,3,3,3.3333333333333335,High Value
CUST01486,Anika Das,2023-12-06,2,4435.4,392,2217.7,1,1,1,1.0,Low Value
CUST01487,Navya Kumar,2024-11-08,3,146395.19999999998,54,48798.4,3,2,4,3.0,High Value
CUST01488,Aditya Chopra,2023-09-19,2,4862.91,470,2431.46,1,1,1,1.0,Low Value
CUST01489,Saanvi Singh,2024-12-27,6,114338.32,5,19056.39,4,4,4,4.0,High Value
CUST01490,Unknown,2024-12-26,1,1003.73,6,1003.73,4,1,1,2.0,Medium Value
CUST01491,Ishaan Pillai,2024-11-15,3,15637.890000000001,47,5212.63,3,2,2,2.3333333333333335,Medium Value
CUST01493,Kiara Mehta,2024-12-28,5,27849.6,4,5569.92,4,3,2,3.0,High Value
CUST01494,Arjun Kumar,2024-12-02,5,25069.47,30,5013.89,4,3,2,3.0,High Value
CUST01495,Ishaan Kumar,2024-11-30,7,265586.71,32,37940.96,4,4,4,4.0,High Value
CUST01496,Aditya Patel,2023-03-26,1,2069.22,647,2069.22,1,1,1,1.0,Low Value
CUST01497,Vihaan Agarwal,2024-01-15,4,154470.99,352,38617.75,1,2,4,2.3333333333333335,Medium Value
CUST01498,Krishna Joshi,2024-11-03,5,274382.46,59,54876.49,3,3,4,3.3333333333333335,High Value
CUST01499,Saanvi Malhotra,2024-12-30,2,2495.3199999999997,2,1247.66,4,1,1,2.0,Medium Value
CUST01500,Isha Joshi,2024-12-28,6,45471.759999999995,4,7578.63,4,4,3,3.6666666666666665,High Value
CUST01501,Saanvi Kapoor,2024-09-09,2,6335.87,114,3167.94,2,1,1,1.3333333333333333,Low Value
CUST01502,Vihaan Kumar,2024-10-08,6,163984.25,85,27330.71,2,4,4,3.3333333333333335,High Value
CUST01503,Arjun Iyer,2024-01-20,6,95634.93,347,15939.16,1,4,4,3.0,High Value
CUST01504,Anika Das,2024-12-28,6,66369.17,4,11061.53,4,4,3,3.6666666666666665,High Value
CUST01505,Vivaan Das,2024-06-27,4,45860.18,188,11465.04,2,2,3,2.3333333333333335,Medium Value
CUST01506,Riya Gupta,2024-12-18,3,4397.9400000000005,14,1465.98,4,2,1,2.3333333333333335,Medium Value
CUST01507,Ishaan Verma,2024-03-21,5,37278.53,286,7455.71,1,3,3,2.3333333333333335,Medium Value
CUST01508,Saanvi Pillai,2024-02-23,4,248534.80000000002,313,62133.7,1,2,4,2.3333333333333335,Medium Value
CUST01509,Anika Rao,2024-08-24,1,16956.89,130,16956.89,2,1,2,1.6666666666666667,Low Value
CUST01510,Diya Bose,2024-12-30,4,10258.26,2,2564.56,4,2,1,2.3333333333333335,Medium Value
CUST01511,Ananya Reddy,2023-11-19,2,1374.0700000000002,409,687.04,1,1,1,1.0,Low Value
CUST01512,Vihaan Pillai,2024-11-30,3,12024.58,32,4008.19,4,2,1,2.3333333333333335,Medium Value
CUST01513,Aarav Gupta,2023-12-12,5,27066.74,386,5413.35,1,3,2,2.0,Medium Value
CUST01514,Saanvi Malhotra,2024-12-13,8,60442.409999999996,19,7555.3,4,4,3,3.6666666666666665,High Value
CUST01515,Vivaan Chopra,2024-02-27,3,11734.800000000001,309,3911.6,1,2,1,1.3333333333333333,Low Value
CUST01516,Vihaan Pillai,2024-10-16,3,3174.83,77,1058.28,3,2,1,2.0,Medium Value
CUST01517,Anika Gupta,2023-09-21,2,59969.67,468,29984.84,1,1,3,1.6666666666666667,Low Value
CUST01518,Navya Nair,2023-10-12,2,16704.14,447,8352.07,1,1,2,1.3333333333333333,Low Value
CUST01519,Riya Kumar,2024-10-16,7,99301.0,77,14185.86,3,4,4,3.6666666666666665,High Value
CUST01520,Reyansh Nair,2024-10-17,2,6054.65,76,3027.32,3,1,1,1.6666666666666667,Low Value
CUST01521,Arjun Joshi,2024-12-02,4,22269.63,30,5567.41,4,2,2,2.6666666666666665,Medium Value
CUST01522,Arjun Singh,2024-12-25,3,200560.98,7,66853.66,4,2,4,3.3333333333333335,High Value
CUST01523,Riya Verma,2023-08-22,2,11978.13,498,5989.06,1,1,1,1.0,Low Value
CUST01524,Ananya Das,2024-12-19,4,11126.58,13,2781.64,4,2,1,2.3333333333333335,Medium Value
CUST01525,Kiara Bose,2024-09-02,3,20801.61,121,6933.87,2,2,2,2.0,Medium Value
CUST01526,Ananya Reddy,2024-05-31,7,209211.15,215,29887.31,1,4,4,3.0,High Value
CUST01527,Arjun Joshi,2023-04-03,1,844.13,639,844.13,1,1,1,1.0,Low Value
CUST01528,Isha Iyer,2023-07-16,1,60277.31,535,60277.31,1,1,3,1.6666666666666667,Low Value
CUST01529,Aadhya Bose,2024-12-23,4,9877.84,9,2469.46,4,2,1,2.3333333333333335,Medium Value
CUST01530,Sai Joshi,2023-07-19,1,16132.81,532,16132.81,1,1,2,1.3333333333333333,Low Value
CUST01531,Riya Pillai,2024-10-29,4,102371.84,64,25592.96,3,2,4,3.0,High Value
CUST01532,Myra Bose,2024-12-19,4,64111.810000000005,13,16027.95,4,2,3,3.0,High Value
CUST01533,Diya Menon,2024-11-26,8,24670.49,36,3083.81,3,4,2,3.0,High Value
CUST01534,Sai Singh,2024-11-10,4,30054.510000000002,52,7513.63,3,2,2,2.3333333333333335,Medium Value
CUST01535,Sai Chopra,2023-03-23,1,1621.72,650,1621.72,1,1,1,1.0,Low Value
CUST01536,Aarav Malhotra,2024-10-31,4,11741.189999999999,62,2935.3,3,2,1,2.0,Medium Value
CUST01537,Ananya Pillai,2023-10-24,2,14231.56,435,7115.78,1,1,1,1.0,Low Value
CUST01538,Navya Joshi,2023-08-20,2,9743.279999999999,500,4871.64,1,1,1,1.0,Low Value
CUST01539,Riya Rao,2024-11-08,5,159348.41999999998,54,31869.68,3,3,4,3.3333333333333335,High Value
CUST01540,Navya Pillai,2024-12-13,10,247140.48,19,24714.05,4,4,4,4.0,High Value
CUST01541,Kiara Malhotra,2024-10-24,2,5345.54,69,2672.77,3,1,1,1.6666666666666667,Low Value
CUST01542,Vihaan Reddy,2024-11-07,1,1589.31,55,1589.31,3,1,1,1.6666666666666667,Low Value
CUST01543,Saanvi Gupta,2024-10-12,1,910.96,81,910.96,3,1,1,1.6666666666666667,Low Value
CUST01544,Myra Iyer,2024-12-19,7,57298.7,13,8185.53,4,4,3,3.6666666666666665,High Value
CUST01545,Ayaan Menon,2024-11-18,4,19910.030000000002,44,4977.51,3,2,2,2.3333333333333335,Medium Value
CUST01546,Saanvi Joshi,2024-12-04,8,102384.74,28,12798.09,4,4,4,4.0,High Value
CUST01547,Anika Joshi,2024-09-30,5,56147.79000000001,93,11229.56,2,3,3,2.6666666666666665,Medium Value
CUST01548,Aarav Nair,2024-09-29,5,54797.4,94,10959.48,2,3,3,2.6666666666666665,Medium Value
CUST01549,Riya Patel,2024-12-30,5,27732.28,2,5546.46,4,3,2,3.0,High Value
CUST01550,Aditya Kumar,2024-09-16,9,39132.09,107,4348.01,2,4,3,3.0,High Value
CUST01552,Aadhya Kapoor,2024-09-04,6,98949.09,119,16491.52,2,4,4,3.3333333333333335,High Value
CUST01553,Navya Chopra,2024-11-17,6,42586.869999999995,45,7097.81,3,4,3,3.3333333333333335,High Value
CUST01554,Aditya Mehta,2024-07-01,4,125347.37,184,31336.84,2,2,4,2.6666666666666665,Medium Value
CUST01555,Ishaan Kapoor,2024-11-11,2,8783.18,51,4391.59,3,1,1,1.6666666666666667,Low Value
CUST01556,Diya Verma,2024-10-21,3,15414.359999999999,72,5138.12,3,2,2,2.3333333333333335,Medium Value
CUST01557,Krishna Gupta,2024-12-19,8,35155.84,13,4394.48,4,4,3,3.6666666666666665,High Value
CUST01558,Kiara Gupta,2023-03-03,1,377.84,670,377.84,1,1,1,1.0,Low Value
CUST01559,Riya Agarwal,2024-03-20,3,31144.07,287,10381.36,1,2,2,1.6666666666666667,Low Value
CUST01560,Ayaan Joshi,2024-03-22,2,5176.5,285,2588.25,1,1,1,1.0,Low Value
CUST01561,Ayaan Reddy,2024-08-23,3,27447.82,131,9149.27,2,2,2,2.0,Medium Value
CUST01562,Reyansh Gupta,2024-09-11,6,76406.26,112,12734.38,2,4,4,3.3333333333333335,High Value
CUST01563,Aarav Singh,2024-06-11,5,20549.68,204,4109.94,2,3,2,2.3333333333333335,Medium Value
CUST01564,Arjun Sharma,2024-11-30,4,16574.66,32,4143.66,4,2,2,2.6666666666666665,Medium Value
CUST01565,Kiara Kumar,2023-10-01,2,90458.86,458,45229.43,1,1,4,2.0,Medium Value
CUST01566,Saanvi Nair,2024-09-27,3,23866.48,96,7955.49,2,2,2,2.0,Medium Value
CUST01567,Ayaan Kumar,2024-02-02,2,33862.84,334,16931.42,1,1,2,1.3333333333333333,Low Value
CUST01568,Krishna Sharma,2024-06-20,2,8786.13,195,4393.06,2,1,1,1.3333333333333333,Low Value
CUST01569,Vihaan Gupta,2024-05-20,3,18257.54,226,6085.85,1,2,2,1.6666666666666667,Low Value
CUST01570,Vivaan Nair,2024-01-22,3,2330.67,345,776.89,1,2,1,1.3333333333333333,Low Value
CUST01571,Krishna Verma,2024-12-22,5,38414.26,10,7682.85,4,3,3,3.3333333333333335,High Value
CUST01572,Aadhya Rao,2024-12-28,7,35928.86,4,5132.69,4,4,3,3.6666666666666665,High Value
CUST01573,Vihaan Patel,2024-10-27,2,23778.34,66,11889.17,3,1,2,2.0,Medium Value
CUST01574,Ananya Gupta,2023-04-13,1,3677.43,629,3677.43,1,1,1,1.0,Low Value
CUST01575,Ayaan Gupta,2024-09-21,2,62050.31,102,31025.16,2,1,3,2.0,Medium Value
CUST01576,Aadhya Das,2024-09-25,2,43652.93,98,21826.46,2,1,3,2.0,Medium Value
CUST01577,Saanvi Verma,2024-03-30,2,101633.01,277,50816.5,1,1,4,2.0,Medium Value
CUST01578,Saanvi Pillai,2024-10-25,2,11544.029999999999,68,5772.02,3,1,1,1.6666666666666667,Low Value
CUST01579,Sai Kapoor,2024-10-31,4,12735.03,62,3183.76,3,2,1,2.0,Medium Value
CUST01580,Vivaan Nair,2023-11-16,2,45468.46,412,22734.23,1,1,3,1.6666666666666667,Low Value
CUST01581,Anika Verma,2024-12-24,1,2088.56,8,2088.56,4,1,1,2.0,Medium Value
CUST01582,Ishaan Kapoor,2024-11-05,4,9535.619999999999,57,2383.9,3,2,1,2.0,Medium Value
CUST01583,Sai Verma,2024-11-05,4,14571.93,57,3642.98,3,2,1,2.0,Medium Value
CUST01584,Vivaan Das,2024-02-22,3,134801.59,314,44933.86,1,2,4,2.3333333333333335,Medium Value
CUST01585,Kiara Verma,2024-10-05,7,40900.71,88,5842.96,2,4,3,3.0,High Value
CUST01586,Reyansh Gupta,2024-03-18,5,53883.600000000006,289,10776.72,1,3,3,2.3333333333333335,Medium Value
CUST01587,Ayaan Rao,2024-11-04,8,43563.17,58,5445.4,3,4,3,3.3333333333333335,High Value
CUST01588,Reyansh Reddy,2024-07-14,2,6696.9800000000005,171,3348.49,2,1,1,1.3333333333333333,Low Value
CUST01589,Aarav Joshi,2023-11-14,1,6288.79,414,6288.79,1,1,1,1.0,Low Value
CUST01590,Krishna Das,2024-11-01,3,15801.220000000001,61,5267.07,3,2,2,2.3333333333333335,Medium Value
CUST01591,Riya Pillai,2024-12-30,6,31149.11,2,5191.52,4,4,2,3.3333333333333335,High Value
CUST01592,Anika Mehta,2024-08-19,4,28995.09,135,7248.77,2,2,2,2.0,Medium Value
CUST01593,Ishaan Singh,2024-12-02,8,75298.45000000001,30,9412.31,4,4,4,4.0,High Value
CUST01594,Ayaan Menon,2024-12-05,6,32673.21,27,5445.54,4,4,2,3.3333333333333335,High Value
CUST01595,Isha Agarwal,2024-04-26,6,24761.25,250,4126.88,1,4,2,2.3333333333333335,Medium Value
CUST01596,Aadhya Agarwal,2024-07-26,3,87359.9,159,29119.97,2,2,4,2.6666666666666665,Medium Value
CUST01597,Aadhya Menon,2024-02-09,2,49964.62,327,24982.31,1,1,3,1.6666666666666667,Low Value
CUST01598,Kiara Singh,2024-12-25,6,44029.92,7,7338.32,4,4,3,3.6666666666666665,High Value
CUST01599,Saanvi Nair,2024-10-25,9,193164.87000000002,68,21462.76,3,4,4,3.6666666666666665,High Value
CUST01600,Navya Bose,2024-12-25,4,60934.28,7,15233.57,4,2,3,3.0,High Value
CUST01601,Aadhya Verma,2024-12-15,5,37817.61,17,7563.52,4,3,3,3.3333333333333335,High Value
CUST01602,Navya Verma,2024-12-08,2,5184.83,24,2592.42,4,1,1,2.0,Medium Value
CUST01603,Ananya Iyer,2024-11-11,5,58365.97,51,11673.19,3,3,3,3.0,High Value
CUST01604,Diya Joshi,2024-11-21,7,117610.64,41,16801.52,3,4,4,3.6666666666666665,High Value
CUST01605,Kiara Joshi,2024-12-21,3,15879.46,11,5293.15,4,2,2,2.6666666666666665,Medium Value
CUST01606,Navya Patel,2023-04-02,1,130547.85,640,130547.85,1,1,4,2.0,Medium Value
CUST01607,Anika Agarwal,2024-05-01,3,49007.07,245,16335.69,1,2,3,2.0,Medium Value
CUST01608,Ayaan Iyer,2024-05-25,3,144769.19,221,48256.4,1,2,4,2.3333333333333335,Medium Value
CUST01609,Sai Kumar,2024-12-22,7,109291.67,10,15613.1,4,4,4,4.0,High Value
CUST01610,Diya Chopra,2024-09-21,4,14177.31,102,3544.33,2,2,1,1.6666666666666667,Low Value
CUST01611,Aarav Chopra,2024-11-14,1,730.4,48,730.4,3,1,1,1.6666666666666667,Low Value
CUST01612,Riya Iyer,2024-09-23,6,38412.83,100,6402.14,2,4,3,3.0,High Value
CUST01613,Vivaan Bose,2023-11-19,3,125307.70999999999,409,41769.24,1,2,4,2.3333333333333335,Medium Value
CUST01614,Vihaan Singh,2024-12-22,3,7812.110000000001,10,2604.04,4,2,1,2.3333333333333335,Medium Value
CUST01615,Navya Malhotra,2024-07-16,1,9934.77,169,9934.77,2,1,1,1.3333333333333333,Low Value
CUST01616,Riya Das,2024-10-28,3,110345.56999999999,65,36781.86,3,2,4,3.0,High Value
CUST01617,Riya Joshi,2024-10-17,5,29311.590000000004,76,5862.32,3,3,2,2.6666666666666665,Medium Value
CUST01618,Sai Kapoor,2024-10-15,4,330048.81,78,82512.2,3,2,4,3.0,High Value
CUST01619,Unknown,2024-07-26,2,28059.65,159,14029.82,2,1,2,1.6666666666666667,Low Value
CUST01620,Arjun Joshi,2024-10-03,3,2500.5,90,833.5,2,2,1,1.6666666666666667,Low Value
CUST01621,Aarav Mehta,2024-12-18,11,241510.27000000002,14,21955.48,4,4,4,4.0,High Value
CUST01622,Kiara Chopra,2024-12-02,1,46201.02,30,46201.02,4,1,3,2.6666666666666665,Medium Value
CUST01623,Saanvi Kumar,2023-04-10,1,15573.64,632,15573.64,1,1,2,1.3333333333333333,Low Value
CUST01624,Aarav Bose,2024-09-21,4,22185.190000000002,102,5546.3,2,2,2,2.0,Medium Value
CUST01625,Ananya Joshi,2024-12-14,4,12253.51,18,3063.38,4,2,1,2.3333333333333335,Medium Value
CUST01626,Vihaan Malhotra,2024-10-22,9,64406.77,71,7156.31,3,4,3,3.3333333333333335,High Value
CUST01627,Krishna Menon,2024-10-12,6,15225.92,81,2537.65,3,4,2,3.0,High Value
CUST01628,Riya Pillai,2024-12-28,4,14087.36,4,3521.84,4,2,1,2.3333333333333335,Medium Value
CUST01629,Diya Kumar,2024-09-09,2,68190.16,114,34095.08,2,1,3,2.0,Medium Value
CUST01630,Ishaan Joshi,2023-05-30,2,33686.95,582,16843.47,1,1,2,1.3333333333333333,Low Value
CUST01631,Arjun Kapoor,2024-11-09,5,9578.21,53,1915.64,3,3,1,2.3333333333333335,Medium Value
CUST01632,Reyansh Iyer,2024-11-30,6,81880.2,32,13646.7,4,4,4,4.0,High Value
CUST01633,Aditya Malhotra,2024-06-27,5,68984.49,188,13796.9,2,3,3,2.6666666666666665,Medium Value
CUST01634,Myra Agarwal,2024-12-29,3,10691.810000000001,3,3563.94,4,2,1,2.3333333333333335,Medium Value
CUST01635,Aadhya Gupta,2024-11-11,1,3376.36,51,3376.36,3,1,1,1.6666666666666667,Low Value
CUST01636,Diya Iyer,2024-11-05,1,13527.61,57,13527.61,3,1,1,1.6666666666666667,Low Value
CUST01637,Reyansh Iyer,2024-09-07,4,36301.1,116,9075.28,2,2,3,2.3333333333333335,Medium Value
CUST01638,Saanvi Agarwal,2024-12-31,7,89147.46,1,12735.35,4,4,4,4.0,High Value
CUST01639,Unknown,2024-06-07,4,12539.66,208,3134.92,2,2,1,1.6666666666666667,Low Value
CUST01640,Vihaan Verma,2023-01-05,1,155.28,727,155.28,1,1,1,1.0,Low Value
CUST01641,Myra Iyer,2023-12-08,2,2731.07,390,1365.54,1,1,1,1.0,Low Value
CUST01642,Krishna Patel,2023-12-28,2,10787.73,370,5393.86,1,1,1,1.0,Low Value
CUST01643,Ananya Sharma,2024-10-05,5,25113.42,88,5022.68,2,3,2,2.3333333333333335,Medium Value
CUST01644,Vihaan Das,2024-07-09,1,4184.35,176,4184.35,2,1,1,1.3333333333333333,Low Value
CUST01645,Saanvi Das,2024-12-02,2,54713.64,30,27356.82,4,1,3,2.6666666666666665,Medium Value
CUST01646,Vivaan Iyer,2024-10-12,4,32061.98,81,8015.5,3,2,2,2.3333333333333335,Medium Value
CUST01647,Ayaan Reddy,2024-10-23,1,22458.37,70,22458.37,3,1,2,2.0,Medium Value
CUST01648,Vihaan Agarwal,2023-04-22,1,19051.8,620,19051.8,1,1,2,1.3333333333333333,Low Value
CUST01649,Aditya Patel,2023-12-31,6,274222.79,367,45703.8,1,4,4,3.0,High Value
CUST01650,Diya Bose,2024-07-31,6,32197.410000000003,154,5366.24,2,4,2,2.6666666666666665,Medium Value
CUST01651,Ayaan Sharma,2024-08-25,5,26419.94,129,5283.99,2,3,2,2.3333333333333335,Medium Value
CUST01652,Vihaan Chopra,2024-12-06,6,22699.15,26,3783.19,4,4,2,3.3333333333333335,High Value
CUST01653,Aditya Das,2024-08-02,5,24085.760000000002,152,4817.15,2,3,2,2.3333333333333335,Medium Value
CUST01654,Anika Mehta,2024-12-08,6,43968.46,24,7328.08,4,4,3,3.6666666666666665,High Value
CUST01655,Diya Malhotra,2024-12-05,5,28952.420000000002,27,5790.48,4,3,2,3.0,High Value
CUST01656,Ishaan Rao,2023-06-01,1,2565.92,580,2565.92,1,1,1,1.0,Low Value
CUST01657,Saanvi Kumar,2023-08-17,1,1012.7,503,1012.7,1,1,1,1.0,Low Value
CUST01658,Sai Verma,2024-07-01,6,59172.07,184,9862.01,2,4,3,3.0,High Value
CUST01659,Anika Singh,2024-08-15,7,108005.29000000001,139,15429.33,2,4,4,3.3333333333333335,High Value
CUST01660,Aadhya Mehta,2023-07-19,4,30617.17,532,7654.29,1,2,2,1.6666666666666667,Low Value
CUST01661,Aditya Gupta,2024-10-22,6,30856.78,71,5142.8,3,4,2,3.0,High Value
CUST01662,Kiara Patel,2024-12-26,2,21837.5,6,10918.75,4,1,2,2.3333333333333335,Medium Value
CUST01663,Anika Bose,2024-11-06,6,116248.85999999999,56,19374.81,3,4,4,3.6666666666666665,High Value
CUST01664,Isha Chopra,2024-09-08,4,227317.37,115,56829.34,2,2,4,2.6666666666666665,Medium Value
CUST01665,Vihaan Patel,2024-08-23,7,127911.96,131,18273.14,2,4,4,3.3333333333333335,High Value
CUST01666,Aarav Menon,2024-09-16,3,30183.41,107,10061.14,2,2,2,2.0,Medium Value
CUST01667,Myra Malhotra,2023-11-02,5,122595.02,426,24519.0,1,3,4,2.6666666666666665,Medium Value
CUST01668,Anika Nair,2024-11-20,3,7187.65,42,2395.88,3,2,1,2.0,Medium Value
CUST01669,Diya Mehta,2024-11-27,4,16475.19,35,4118.8,3,2,2,2.3333333333333335,Medium Value
CUST01670,Kiara Iyer,2024-12-27,4,21280.31,5,5320.08,4,2,2,2.6666666666666665,Medium Value
CUST01671,Vivaan Kumar,2024-11-22,6,70919.87999999999,40,11819.98,3,4,3,3.3333333333333335,High Value
CUST01672,Sai Reddy,2023-05-15,2,8388.04,597,4194.02,1,1,1,1.0,Low Value
CUST01673,Aarav Reddy,2024-12-02,4,94514.39,30,23628.6,4,2,4,3.3333333333333335,High Value
CUST01674,Isha Bose,2023-12-30,2,4482.21,368,2241.1,1,1,1,1.0,Low Value
CUST01675,Myra Kapoor,2024-08-22,3,5817.55,132,1939.18,2,2,1,1.6666666666666667,Low Value
CUST01676,Ananya Singh,2024-12-26,7,117086.19,6,16726.6,4,4,4,4.0,High Value
CUST01677,Saanvi Reddy,2024-12-24,6,50594.55,8,8432.43,4,4,3,3.6666666666666665,High Value
CUST01678,Vihaan Malhotra,2024-01-26,5,78630.75,341,15726.15,1,3,4,2.6666666666666665,Medium Value
CUST01679,Riya Iyer,2024-01-15,4,76515.32,352,19128.83,1,2,4,2.3333333333333335,Medium Value
CUST01680,Ananya Nair,2024-07-04,5,142024.07,181,28404.81,2,3,4,3.0,High Value
CUST01681,Aarav Nair,2024-12-07,5,68232.7,25,13646.54,4,3,3,3.3333333333333335,High Value
CUST01682,Saanvi Singh,2024-03-04,4,20027.309999999998,303,5006.83,1,2,2,1.6666666666666667,Low Value
CUST01684,Krishna Verma,2024-12-06,4,19757.34,26,4939.34,4,2,2,2.6666666666666665,Medium Value
CUST01685,Vivaan Das,2024-12-14,6,146535.09999999998,18,24422.52,4,4,4,4.0,High Value
CUST01686,Kiara Bose,2024-10-22,8,113886.36,71,14235.8,3,4,4,3.6666666666666665,High Value
CUST01687,Vihaan Nair,2024-12-01,6,33540.85,31,5590.14,4,4,2,3.3333333333333335,High Value
CUST01688,Krishna Kumar,2024-11-13,7,96006.12,49,13715.16,3,4,4,3.6666666666666665,High Value
CUST01689,Isha Agarwal,2024-11-21,3,9863.380000000001,41,3287.79,3,2,1,2.0,Medium Value
CUST01690,Ananya Malhotra,2024-12-17,2,2292.65,15,1146.32,4,1,1,2.0,Medium Value
CUST01691,Krishna Joshi,2024-11-20,2,2652.8199999999997,42,1326.41,3,1,1,1.6666666666666667,Low Value
CUST01692,Diya Reddy,2024-11-13,5,123905.44,49,24781.09,3,3,4,3.3333333333333335,High Value
CUST01693,Ishaan Mehta,2024-10-15,6,59781.3,78,9963.55,3,4,3,3.3333333333333335,High Value
CUST01694,Saanvi Pillai,2024-04-19,4,29248.57,257,7312.14,1,2,2,1.6666666666666667,Low Value
CUST01695,Ananya Das,2024-01-31,3,14092.81,336,4697.6,1,2,1,1.3333333333333333,Low Value
CUST01696,Ayaan Nair,2024-10-01,2,21253.58,92,10626.79,2,1,2,1.6666666666666667,Low Value
CUST01697,Vihaan Malhotra,2024-12-30,6,129205.54999999999,2,21534.26,4,4,4,4.0,High Value
CUST01698,Ananya Chopra,2024-11-11,4,56128.96,51,14032.24,3,2,3,2.6666666666666665,Medium Value
CUST01699,Aarav Joshi,2024-05-29,4,68631.63,217,17157.91,1,2,3,2.0,Medium Value
CUST01700,Kiara Menon,2023-09-04,3,40924.770000000004,485,13641.59,1,2,3,2.0,Medium Value
CUST01701,Sai Malhotra,2023-10-21,3,34681.2,438,11560.4,1,2,2,1.6666666666666667,Low Value
CUST01702,Krishna Rao,2024-11-10,3,19288.829999999998,52,6429.61,3,2,2,2.3333333333333335,Medium Value
CUST01703,Navya Joshi,2024-08-23,3,17105.66,131,5701.89,2,2,2,2.0,Medium Value
CUST01704,Navya Kumar,2023-11-05,3,4538.34,423,1512.78,1,2,1,1.3333333333333333,Low Value
CUST01705,Isha Menon,2024-10-19,4,7300.12,74,1825.03,3,2,1,2.0,Medium Value
CUST01706,Krishna Chopra,2024-10-07,8,63571.32,86,7946.42,2,4,3,3.0,High Value
CUST01707,Aarav Agarwal,2024-08-20,4,31529.800000000003,134,7882.45,2,2,2,2.0,Medium Value
CUST01708,Sai Verma,2024-04-19,4,54445.799999999996,257,13611.45,1,2,3,2.0,Medium Value
CUST01709,Kiara Rao,2024-08-28,5,24703.18,126,4940.64,2,3,2,2.3333333333333335,Medium Value
CUST01710,Arjun Patel,2023-12-31,2,17450.66,367,8725.33,1,1,2,1.3333333333333333,Low Value
CUST01711,Sai Agarwal,2024-12-25,3,44160.549999999996,7,14720.18,4,2,3,3.0,High Value
CUST01712,Aadhya Mehta,2024-11-11,7,81236.22,51,11605.17,3,4,4,3.6666666666666665,High Value
CUST01713,Aadhya Das,2024-04-29,2,3248.1099999999997,247,1624.05,1,1,1,1.0,Low Value
CUST01714,Aditya Patel,2024-07-09,3,3551.31,176,1183.77,2,2,1,1.6666666666666667,Low Value
CUST01715,Ayaan Bose,2024-12-25,6,67583.86,7,11263.98,4,4,3,3.6666666666666665,High Value
CUST01716,Saanvi Chopra,2024-11-05,2,254706.34999999998,57,127353.17,3,1,4,2.6666666666666665,Medium Value
CUST01717,Diya Sharma,2024-05-21,3,8439.38,225,2813.13,1,2,1,1.3333333333333333,Low Value
CUST01718,Anika Kapoor,2024-12-28,4,24814.29,4,6203.57,4,2,2,2.6666666666666665,Medium Value
CUST01719,Ananya Das,2024-11-20,4,12155.25,42,3038.81,3,2,1,2.0,Medium Value
CUST01720,Navya Chopra,2024-11-01,9,72532.61,61,8059.18,3,4,3,3.3333333333333335,High Value
CUST01721,Diya Patel,2024-11-08,5,221736.09999999998,54,44347.22,3,3,4,3.3333333333333335,High Value
CUST01722,Krishna Kapoor,2024-10-07,3,36204.72,86,12068.24,2,2,3,2.3333333333333335,Medium Value
CUST01723,Vihaan Gupta,2024-04-13,1,6999.12,263,6999.12,1,1,1,1.0,Low Value
CUST01724,Myra Bose,2024-12-18,3,128314.37000000001,14,42771.46,4,2,4,3.3333333333333335,High Value
CUST01725,Ananya Kumar,2024-02-16,4,54487.39,320,13621.85,1,2,3,2.0,Medium Value
CUST01726,Navya Pillai,2024-11-24,4,46470.68,38,11617.67,3,2,3,2.6666666666666665,Medium Value
CUST01727,Sai Agarwal,2023-09-23,2,3493.5499999999997,466,1746.78,1,1,1,1.0,Low Value
CUST01728,Unknown,2024-11-27,5,22573.620000000003,35,4514.72,3,3,2,2.6666666666666665,Medium Value
CUST01729,Diya Pillai,2024-07-02,4,11642.04,183,2910.51,2,2,1,1.6666666666666667,Low Value
CUST01730,Vivaan Joshi,2023-11-21,2,41686.47,407,20843.24,1,1,3,1.6666666666666667,Low Value
CUST01731,Ananya Chopra,2024-12-17,9,99362.54,15,11040.28,4,4,4,4.0,High Value
CUST01732,Myra Verma,2024-09-07,4,71462.87,116,17865.72,2,2,3,2.3333333333333335,Medium Value
CUST01733,Vivaan Nair,2024-09-05,3,14613.64,118,4871.21,2,2,1,1.6666666666666667,Low Value
CUST01734,Saanvi Mehta,2023-12-22,3,6968.88,376,2322.96,1,2,1,1.3333333333333333,Low Value
CUST01735,Ayaan Singh,2024-09-16,5,108888.97,107,21777.79,2,3,4,3.0,High Value
CUST01736,Kiara Sharma,2024-03-18,2,53059.5,289,26529.75,1,1,3,1.6666666666666667,Low Value
CUST01737,Ananya Reddy,2024-12-22,8,144647.83000000002,10,18080.98,4,4,4,4.0,High Value
CUST01738,Anika Menon,2024-10-30,5,30025.39,63,6005.08,3,3,2,2.6666666666666665,Medium Value
CUST01739,Navya Bose,2024-02-26,4,48164.01,310,12041.0,1,2,3,2.0,Medium Value
CUST01740,Krishna Kumar,2024-08-11,3,14876.74,143,4958.91,2,2,2,2.0,Medium Value
CUST01741,Ishaan Singh,2024-09-18,1,22215.82,105,22215.82,2,1,2,1.6666666666666667,Low Value
CUST01742,Arjun Mehta,2024-09-11,4,13649.51,112,3412.38,2,2,1,1.6666666666666667,Low Value
CUST01743,Ananya Mehta,2024-12-27,6,232780.58,5,38796.76,4,4,4,4.0,High Value
CUST01744,Ayaan Verma,2024-10-15,7,191933.19,78,27419.03,3,4,4,3.6666666666666665,High Value
CUST01745,Ayaan Kapoor,2024-11-08,5,79148.82,54,15829.76,3,3,4,3.3333333333333335,High Value
CUST01746,Arjun Gupta,2023-11-30,2,5483.2,398,2741.6,1,1,1,1.0,Low Value
CUST01747,Diya Das,2024-11-10,6,34244.380000000005,52,5707.4,3,4,2,3.0,High Value
CUST01748,Saanvi Mehta,2024-12-25,5,22694.350000000002,7,4538.87,4,3,2,3.0,High Value
CUST01749,Vihaan Iyer,2024-08-23,4,28171.98,131,7043.0,2,2,2,2.0,Medium Value
CUST01750,Vivaan Pillai,2024-10-26,5,23679.41,67,4735.88,3,3,2,2.6666666666666665,Medium Value
CUST01751,Aarav Reddy,2024-12-03,7,126471.02,29,18067.29,4,4,4,4.0,High Value
CUST01752,Anika Gupta,2023-11-11,3,6295.960000000001,417,2098.65,1,2,1,1.3333333333333333,Low Value
CUST01753,Isha Menon,2024-12-24,6,64765.35,8,10794.22,4,4,3,3.6666666666666665,High Value
CUST01754,Aditya Gupta,2024-08-28,6,19833.5,126,3305.58,2,4,2,2.6666666666666665,Medium Value
CUST01755,Anika Reddy,2023-07-17,2,3455.51,534,1727.76,1,1,1,1.0,Low Value
CUST01756,Aadhya Joshi,2024-07-22,3,30677.93,163,10225.98,2,2,2,2.0,Medium Value
CUST01757,Navya Das,2024-10-15,5,70155.43,78,14031.09,3,3,3,3.0,High Value
CUST01758,Isha Menon,2023-05-25,2,37160.46,587,18580.23,1,1,3,1.6666666666666667,Low Value
CUST01759,Navya Singh,2024-09-24,3,69333.01000000001,99,23111.0,2,2,3,2.3333333333333335,Medium Value
CUST01760,Aarav Agarwal,2024-09-01,5,32615.079999999998,122,6523.02,2,3,2,2.3333333333333335,Medium Value
CUST01761,Aarav Das,2024-11-27,5,135843.13,35,27168.63,3,3,4,3.3333333333333335,High Value
CUST01762,Isha Menon,2024-12-30,9,323135.56,2,35903.95,4,4,4,4.0,High Value
CUST01763,Ishaan Chopra,2023-07-28,2,18515.87,523,9257.94,1,1,2,1.3333333333333333,Low Value
CUST01764,Krishna Iyer,2024-11-08,6,45918.439999999995,54,7653.07,3,4,3,3.3333333333333335,High Value
CUST01765,Arjun Sharma,2024-07-29,4,113561.79,156,28390.45,2,2,4,2.6666666666666665,Medium Value
CUST01766,Anika Verma,2024-11-20,7,154062.95,42,22008.99,3,4,4,3.6666666666666665,High Value
CUST01767,Saanvi Iyer,2024-07-14,7,106851.12,171,15264.45,2,4,4,3.3333333333333335,High Value
CUST01768,Vihaan Kumar,2023-02-13,1,46767.14,688,46767.14,1,1,3,1.6666666666666667,Low Value
CUST01769,Ananya Pillai,2024-02-24,2,73849.24,312,36924.62,1,1,4,2.0,Medium Value
CUST01770,Aditya Bose,2024-07-24,5,144329.21,161,28865.84,2,3,4,3.0,High Value
CUST01771,Riya Pillai,2024-12-02,6,207905.15,30,34650.86,4,4,4,4.0,High Value
CUST01772,Saanvi Reddy,2024-06-08,6,40489.93,207,6748.32,2,4,3,3.0,High Value
CUST01773,Kiara Reddy,2023-12-28,2,29307.44,370,14653.72,1,1,2,1.3333333333333333,Low Value
CUST01774,Ayaan Kumar,2024-12-19,4,11355.619999999999,13,2838.9,4,2,1,2.3333333333333335,Medium Value
CUST01775,Aadhya Singh,2024-12-25,4,40376.409999999996,7,10094.1,4,2,3,3.0,High Value
CUST01776,Ishaan Menon,2024-10-26,2,8042.7300000000005,67,4021.36,3,1,1,1.6666666666666667,Low Value
CUST01777,Kiara Agarwal,2023-09-12,2,5287.55,477,2643.78,1,1,1,1.0,Low Value
CUST01778,Isha Das,2024-08-23,1,129445.56,131,129445.56,2,1,4,2.3333333333333335,Medium Value
CUST01779,Ayaan Iyer,2024-07-21,3,15862.86,164,5287.62,2,2,2,2.0,Medium Value
CUST01780,Myra Pillai,2024-09-04,4,83027.53,119,20756.88,2,2,4,2.6666666666666665,Medium Value
CUST01781,Myra Reddy,2023-12-08,2,53621.07,390,26810.54,1,1,3,1.6666666666666667,Low Value
CUST01782,Aadhya Rao,2024-12-18,5,62010.47,14,12402.09,4,3,3,3.3333333333333335,High Value
CUST01783,Vihaan Malhotra,2024-11-09,4,37108.77,53,9277.19,3,2,3,2.6666666666666665,Medium Value
CUST01784,Aditya Kumar,2024-08-23,2,20703.52,131,10351.76,2,1,2,1.6666666666666667,Low Value
CUST01785,Aarav Gupta,2023-05-11,1,6633.18,601,6633.18,1,1,1,1.0,Low Value
CUST01786,Kiara Nair,2024-10-14,4,44920.2,79,11230.05,3,2,3,2.6666666666666665,Medium Value
CUST01787,Vihaan Verma,2024-12-07,7,45009.25,25,6429.89,4,4,3,3.6666666666666665,High Value
CUST01788,Ishaan Singh,2024-11-29,6,24640.13,33,4106.69,4,4,2,3.3333333333333335,High Value
CUST01790,Anika Menon,2024-11-19,6,45437.030000000006,43,7572.84,3,4,3,3.3333333333333335,High Value
CUST01791,Saanvi Kumar,2024-11-27,5,62466.79,35,12493.36,3,3,3,3.0,High Value
CUST01792,Krishna Patel,2024-11-30,4,29421.320000000003,32,7355.33,4,2,2,2.6666666666666665,Medium Value
CUST01793,Arjun Mehta,2024-03-19,7,36758.03,288,5251.15,1,4,3,2.6666666666666665,Medium Value
CUST01794,Ayaan Reddy,2024-09-02,7,46390.619999999995,121,6627.23,2,4,3,3.0,High Value
CUST01795,Reyansh Patel,2024-12-11,5,45192.21,21,9038.44,4,3,3,3.3333333333333335,High Value
CUST01796,Isha Gupta,2024-10-29,8,51431.840000000004,64,6428.98,3,4,3,3.3333333333333335,High Value
CUST01797,Riya Malhotra,2023-04-01,1,3548.96,641,3548.96,1,1,1,1.0,Low Value
CUST01798,Vihaan Bose,2024-11-01,4,59594.74,61,14898.68,3,2,3,2.6666666666666665,Medium Value
CUST01799,Sai Pillai,2024-12-14,4,7169.4800000000005,18,1792.37,4,2,1,2.3333333333333335,Medium Value
CUST01800,Vihaan Malhotra,2024-10-28,4,161561.63999999998,65,40390.41,3,2,4,3.0,High Value
CUST01801,Krishna Kumar,2024-12-23,7,62208.29,9,8886.9,4,4,3,3.6666666666666665,High Value
CUST01802,Saanvi Agarwal,2023-12-22,3,38976.94,376,12992.31,1,2,3,2.0,Medium Value
CUST01803,Arjun Kapoor,2024-12-09,4,13549.75,23,3387.44,4,2,1,2.3333333333333335,Medium Value
CUST01804,Riya Rao,2024-12-31,5,24029.64,1,4805.93,4,3,2,3.0,High Value
CUST01805,Myra Malhotra,2024-07-25,8,99644.43000000001,160,12455.55,2,4,4,3.3333333333333335,High Value
CUST01806,Vihaan Reddy,2024-11-05,5,13399.35,57,2679.87,3,3,1,2.3333333333333335,Medium Value
CUST01807,Myra Nair,2024-10-08,4,101926.47,85,25481.62,2,2,4,2.6666666666666665,Medium Value
CUST01808,Anika Kapoor,2024-12-17,3,36531.17,15,12177.06,4,2,3,3.0,High Value
CUST01809,Ishaan Mehta,2024-07-21,1,9252.52,164,9252.52,2,1,1,1.3333333333333333,Low Value
CUST01810,Vivaan Iyer,2024-12-15,5,19481.44,17,3896.29,4,3,2,3.0,High Value
CUST01811,Anika Chopra,2024-06-01,3,40138.880000000005,214,13379.63,1,2,3,2.0,Medium Value
CUST01812,Ishaan Joshi,2024-01-27,2,16736.64,340,8368.32,1,1,2,1.3333333333333333,Low Value
CUST01813,Vihaan Kapoor,2024-12-12,4,7414.789999999999,20,1853.7,4,2,1,2.3333333333333335,Medium Value
CUST01814,Isha Malhotra,2024-11-02,4,12140.39,60,3035.1,3,2,1,2.0,Medium Value
CUST01815,Arjun Patel,2024-10-29,3,17473.38,64,5824.46,3,2,2,2.3333333333333335,Medium Value
CUST01816,Anika Sharma,2024-11-25,7,91398.6,37,13056.94,3,4,4,3.6666666666666665,High Value
CUST01817,Riya Singh,2024-10-09,6,69969.44,84,11661.57,2,4,3,3.0,High Value
CUST01818,Anika Iyer,2024-11-28,9,371530.31,34,41281.15,3,4,4,3.6666666666666665,High Value
CUST01819,Vivaan Nair,2024-10-13,5,47586.39,80,9517.28,3,3,3,3.0,High Value
CUST01820,Kiara Reddy,2024-11-27,4,10374.8,35,2593.7,3,2,1,2.0,Medium Value
CUST01821,Sai Sharma,2024-06-09,3,101008.22,206,33669.41,2,2,4,2.6666666666666665,Medium Value
CUST01822,Kiara Reddy,2024-12-13,5,106196.98,19,21239.4,4,3,4,3.6666666666666665,High Value
CUST01823,Anika Verma,2024-10-23,4,39604.350000000006,70,9901.09,3,2,3,2.6666666666666665,Medium Value
CUST01824,Krishna Iyer,2024-12-14,4,87233.45999999999,18,21808.36,4,2,4,3.3333333333333335,High Value
CUST01825,Saanvi Patel,2024-02-15,2,2938.2,321,1469.1,1,1,1,1.0,Low Value
CUST01826,Sai Menon,2024-09-21,4,18825.16,102,4706.29,2,2,2,2.0,Medium Value
CUST01827,Isha Gupta,2024-08-25,4,24219.22,129,6054.8,2,2,2,2.0,Medium Value
CUST01828,Anika Joshi,2024-12-28,8,78364.31999999999,4,9795.54,4,4,4,4.0,High Value
CUST01829,Diya Kapoor,2024-04-30,4,13313.210000000001,246,3328.3,1,2,1,1.3333333333333333,Low Value
CUST01830,Kiara Das,2024-07-10,4,17123.93,175,4280.98,2,2,2,2.0,Medium Value
CUST01831,Aarav Joshi,2024-12-18,5,57883.600000000006,14,11576.72,4,3,3,3.3333333333333335,High Value
CUST01832,Aditya Malhotra,2023-08-24,1,17244.04,496,17244.04,1,1,2,1.3333333333333333,Low Value
CUST01833,Vihaan Singh,2024-12-18,6,36053.13,14,6008.86,4,4,3,3.6666666666666665,High Value
CUST01834,Navya Joshi,2024-11-08,6,53297.560000000005,54,8882.93,3,4,3,3.3333333333333335,High Value
CUST01835,Riya Chopra,2024-03-25,2,7348.889999999999,282,3674.44,1,1,1,1.0,Low Value
CUST01836,Isha Gupta,2024-12-02,6,24023.78,30,4003.96,4,4,2,3.3333333333333335,High Value
CUST01837,Ayaan Rao,2024-06-13,2,8035.95,202,4017.98,2,1,1,1.3333333333333333,Low Value
CUST01838,Aarav Rao,2024-05-11,5,15635.369999999999,235,3127.07,1,3,2,2.0,Medium Value
CUST01839,Vivaan Singh,2023-11-20,4,25675.67,408,6418.92,1,2,2,1.6666666666666667,Low Value
CUST01840,Riya Patel,2023-10-21,2,21879.57,438,10939.78,1,1,2,1.3333333333333333,Low Value
CUST01841,Aarav Joshi,2024-12-20,5,35294.16,12,7058.83,4,3,3,3.3333333333333335,High Value
CUST01842,Ayaan Pillai,2024-08-27,3,56835.520000000004,127,18945.17,2,2,3,2.3333333333333335,Medium Value
CUST01843,Aarav Kumar,2024-11-23,4,13883.81,39,3470.95,3,2,1,2.0,Medium Value
CUST01844,Myra Patel,2024-12-07,6,18400.010000000002,25,3066.67,4,4,2,3.3333333333333335,High Value
CUST01845,Ayaan Das,2024-05-30,3,10538.369999999999,216,3512.79,1,2,1,1.3333333333333333,Low Value
CUST01846,Myra Gupta,2024-07-23,3,22124.47,162,7374.82,2,2,2,2.0,Medium Value
CUST01847,Riya Bose,2024-12-28,4,162217.89,4,40554.47,4,2,4,3.3333333333333335,High Value
CUST01848,Myra Chopra,2024-12-20,2,11277.8,12,5638.9,4,1,1,2.0,Medium Value
CUST01849,Ishaan Menon,2024-06-18,5,96198.43,197,19239.69,2,3,4,3.0,High Value
CUST01850,Vihaan Bose,2024-06-22,3,25423.7,193,8474.57,2,2,2,2.0,Medium Value
CUST01851,Vivaan Pillai,2024-11-24,4,35352.16,38,8838.04,3,2,3,2.6666666666666665,Medium Value
CUST01852,Arjun Nair,2024-10-03,4,44111.01,90,11027.75,2,2,3,2.3333333333333335,Medium Value
CUST01853,Reyansh Rao,2024-12-25,4,11596.070000000002,7,2899.02,4,2,1,2.3333333333333335,Medium Value
CUST01854,Aditya Agarwal,2024-07-24,4,22107.04,161,5526.76,2,2,2,2.0,Medium Value
CUST01855,Myra Pillai,2024-02-11,2,3799.1800000000003,325,1899.59,1,1,1,1.0,Low Value
CUST01856,Riya Agarwal,2024-03-13,1,6665.9,294,6665.9,1,1,1,1.0,Low Value
CUST01857,Isha Kapoor,2023-12-07,1,17104.56,391,17104.56,1,1,2,1.3333333333333333,Low Value
CUST01858,Ayaan Sharma,2024-11-10,8,62785.05,52,7848.13,3,4,3,3.3333333333333335,High Value
CUST01859,Anika Bose,2024-11-05,4,17710.7,57,4427.68,3,2,2,2.3333333333333335,Medium Value
CUST01860,Ananya Kumar,2024-12-16,3,11366.21,16,3788.74,4,2,1,2.3333333333333335,Medium Value
CUST01861,Diya Joshi,2024-11-24,5,114086.87,38,22817.37,3,3,4,3.3333333333333335,High Value
CUST01862,Sai Sharma,2024-10-27,4,11386.01,66,2846.5,3,2,1,2.0,Medium Value
CUST01863,Arjun Rao,2024-12-27,6,219377.25999999998,5,36562.88,4,4,4,4.0,High Value
CUST01864,Arjun Sharma,2024-11-22,4,17638.879999999997,40,4409.72,3,2,2,2.3333333333333335,Medium Value
CUST01865,Navya Kapoor,2024-12-04,4,81380.48,28,20345.12,4,2,4,3.3333333333333335,High Value
CUST01866,Krishna Pillai,2024-08-29,3,18028.6,125,6009.53,2,2,2,2.0,Medium Value
CUST01867,Arjun Verma,2023-12-20,4,16082.69,378,4020.67,1,2,2,1.6666666666666667,Low Value
CUST01868,Kiara Reddy,2024-09-20,5,65162.26,103,13032.45,2,3,3,2.6666666666666665,Medium Value
CUST01869,Vihaan Sharma,2023-12-15,3,5960.17,383,1986.72,1,2,1,1.3333333333333333,Low Value
CUST01870,Saanvi Menon,2024-03-05,5,14824.689999999999,302,2964.94,1,3,1,1.6666666666666667,Low Value
CUST01871,Reyansh Malhotra,2024-12-13,4,10048.470000000001,19,2512.12,4,2,1,2.3333333333333335,Medium Value
CUST01872,Aadhya Pillai,2024-12-30,5,211588.0,2,42317.6,4,3,4,3.6666666666666665,High Value
CUST01873,Isha Agarwal,2024-07-01,4,13722.95,184,3430.74,2,2,1,1.6666666666666667,Low Value
CUST01874,Ishaan Iyer,2024-08-19,2,29317.6,135,14658.8,2,1,2,1.6666666666666667,Low Value
CUST01875,Ayaan Mehta,2023-12-31,4,16081.36,367,4020.34,1,2,2,1.6666666666666667,Low Value
CUST01876,Anika Verma,2024-12-24,3,9225.52,8,3075.17,4,2,1,2.3333333333333335,Medium Value
CUST01877,Sai Kumar,2024-12-10,4,25329.829999999998,22,6332.46,4,2,2,2.6666666666666665,Medium Value
CUST01878,Krishna Kumar,2024-09-01,6,23616.71,122,3936.12,2,4,2,2.6666666666666665,Medium Value
CUST01879,Navya Menon,2024-05-14,2,17664.600000000002,232,8832.3,1,1,2,1.3333333333333333,Low Value
CUST01880,Krishna Joshi,2023-05-09,3,39979.84,603,13326.61,1,2,3,2.0,Medium Value
CUST01881,Anika Bose,2024-12-07,5,46696.74,25,9339.35,4,3,3,3.3333333333333335,High Value
CUST01882,Reyansh Gupta,2024-10-10,5,64692.14000000001,83,12938.43,3,3,3,3.0,High Value
CUST01883,Ishaan Verma,2024-09-26,3,52857.2,97,17619.07,2,2,3,2.3333333333333335,Medium Value
CUST01884,Aditya Kapoor,2024-12-20,8,91221.92,12,11402.74,4,4,4,4.0,High Value
CUST01885,Vivaan Mehta,2024-02-25,2,152496.3,311,76248.15,1,1,4,2.0,Medium Value
CUST01886,Sai Chopra,2024-12-23,6,147527.43,9,24587.9,4,4,4,4.0,High Value
CUST01887,Reyansh Malhotra,2024-03-23,5,21688.94,284,4337.79,1,3,2,2.0,Medium Value
CUST01888,Sai Menon,2024-10-12,2,79784.09,81,39892.04,3,1,4,2.6666666666666665,Medium Value
CUST01889,Krishna Menon,2024-11-24,1,9640.72,38,9640.72,3,1,1,1.6666666666666667,Low Value
CUST01890,Diya Pillai,2024-07-07,5,121668.57999999999,178,24333.72,2,3,4,3.0,High Value
CUST01891,Isha Gupta,2024-12-30,6,11899.83,2,1983.3,4,4,1,3.0,High Value
CUST01892,Kiara Verma,2024-12-29,5,68116.31,3,13623.26,4,3,3,3.3333333333333335,High Value
CUST01893,Vivaan Gupta,2024-07-18,5,15830.949999999999,167,3166.19,2,3,2,2.3333333333333335,Medium Value
CUST01894,Sai Malhotra,2023-11-04,3,95524.1,424,31841.37,1,2,4,2.3333333333333335,Medium Value
CUST01895,Ishaan Iyer,2023-10-20,2,24954.9,439,12477.45,1,1,2,1.3333333333333333,Low Value
CUST01896,Aarav Kapoor,2024-09-13,6,13414.43,110,2235.74,2,4,1,2.3333333333333335,Medium Value
CUST01897,Sai Iyer,2024-11-03,1,4901.33,59,4901.33,3,1,1,1.6666666666666667,Low Value
CUST01898,Vihaan Verma,2024-09-10,3,49792.380000000005,113,16597.46,2,2,3,2.3333333333333335,Medium Value
CUST01899,Vihaan Sharma,2024-11-29,5,63007.350000000006,33,12601.47,4,3,3,3.3333333333333335,High Value
CUST01900,Riya Mehta,2024-12-13,5,26053.75,19,5210.75,4,3,2,3.0,High Value
CUST01901,Unknown,2024-10-14,6,31884.46,79,5314.08,3,4,2,3.0,High Value
CUST01902,Myra Singh,2023-10-30,6,129215.97,429,21536.0,1,4,4,3.0,High Value
CUST01903,Vivaan Das,2024-11-16,3,23121.96,46,7707.32,3,2,2,2.3333333333333335,Medium Value
CUST01904,Aarav Joshi,2024-11-06,5,28985.379999999997,56,5797.08,3,3,2,2.6666666666666665,Medium Value
CUST01905,Saanvi Singh,2023-11-25,2,96575.58,403,48287.79,1,1,4,2.0,Medium Value
CUST01906,Reyansh Joshi,2024-12-25,3,61837.299999999996,7,20612.43,4,2,3,3.0,High Value
CUST01907,Krishna Singh,2024-12-28,4,11137.33,4,2784.33,4,2,1,2.3333333333333335,Medium Value
CUST01908,Riya Sharma,2024-09-22,4,12963.829999999998,101,3240.96,2,2,1,1.6666666666666667,Low Value
CUST01909,Ishaan Singh,2024-12-08,4,7423.18,24,1855.8,4,2,1,2.3333333333333335,Medium Value
CUST01910,Krishna Das,2024-09-28,6,97083.56000000001,95,16180.59,2,4,4,3.3333333333333335,High Value
CUST01911,Aadhya Mehta,2024-07-23,2,53509.950000000004,162,26754.98,2,1,3,2.0,Medium Value
CUST01912,Sai Kapoor,2024-08-27,6,53185.94,127,8864.32,2,4,3,3.0,High Value
CUST01913,Sai Joshi,2024-09-22,3,12235.93,101,4078.64,2,2,1,1.6666666666666667,Low Value
CUST01914,Ishaan Agarwal,2024-12-10,5,29098.29,22,5819.66,4,3,2,3.0,High Value
CUST01915,Navya Gupta,2024-12-30,7,220004.15,2,31429.16,4,4,4,4.0,High Value
CUST01916,Isha Malhotra,2023-12-09,3,30337.96,389,10112.65,1,2,2,1.6666666666666667,Low Value
CUST01917,Unknown,2024-11-17,4,33774.950000000004,45,8443.74,3,2,2,2.3333333333333335,Medium Value
CUST01918,Krishna Pillai,2024-11-18,2,10219.439999999999,44,5109.72,3,1,1,1.6666666666666667,Low Value
CUST01919,Anika Chopra,2024-12-04,3,62537.810000000005,28,20845.94,4,2,3,3.0,High Value
CUST01920,Krishna Mehta,2024-10-02,7,68038.04999999999,91,9719.72,2,4,3,3.0,High Value
CUST01921,Navya Menon,2024-09-13,1,823.96,110,823.96,2,1,1,1.3333333333333333,Low Value
CUST01922,Saanvi Nair,2024-12-22,5,44162.259999999995,10,8832.45,4,3,3,3.3333333333333335,High Value
CUST01923,Reyansh Joshi,2024-08-31,4,5581.07,123,1395.27,2,2,1,1.6666666666666667,Low Value
CUST01924,Kiara Menon,2024-12-11,7,31885.96,21,4555.14,4,4,2,3.3333333333333335,High Value
CUST01925,Kiara Sharma,2024-12-16,3,5475.88,16,1825.29,4,2,1,2.3333333333333335,Medium Value
CUST01926,Aadhya Kumar,2024-11-13,4,40109.22,49,10027.3,3,2,3,2.6666666666666665,Medium Value
CUST01927,Unknown,2024-10-28,2,12789.539999999999,65,6394.77,3,1,1,1.6666666666666667,Low Value
CUST01928,Vivaan Nair,2024-07-08,1,2086.53,177,2086.53,2,1,1,1.3333333333333333,Low Value
CUST01929,Ananya Agarwal,2024-09-28,4,36135.95,95,9033.99,2,2,3,2.3333333333333335,Medium Value
CUST01930,Aditya Sharma,2024-12-19,3,16500.649999999998,13,5500.22,4,2,2,2.6666666666666665,Medium Value
CUST01931,Ananya Kapoor,2024-04-26,5,16807.18,250,3361.44,1,3,2,2.0,Medium Value
CUST01932,Navya Kapoor,2024-06-08,3,33899.82,207,11299.94,2,2,2,2.0,Medium Value
CUST01933,Ishaan Agarwal,2024-12-28,7,25577.38,4,3653.91,4,4,2,3.3333333333333335,High Value
CUST01934,Sai Pillai,2024-07-08,4,95837.14,177,23959.28,2,2,4,2.6666666666666665,Medium Value
CUST01936,Aadhya Gupta,2024-12-03,8,168056.06,29,21007.01,4,4,4,4.0,High Value
CUST01937,Ishaan Patel,2023-10-11,4,147933.55000000002,448,36983.39,1,2,4,2.3333333333333335,Medium Value
CUST01938,Aarav Rao,2023-12-09,3,8618.15,389,2872.72,1,2,1,1.3333333333333333,Low Value
CUST01939,Ayaan Pillai,2023-11-22,3,32319.8,406,10773.27,1,2,2,1.6666666666666667,Low Value
CUST01940,Aadhya Mehta,2024-10-21,8,55793.44,72,6974.18,3,4,3,3.3333333333333335,High Value
CUST01941,Anika Iyer,2024-04-27,3,6812.67,249,2270.89,1,2,1,1.3333333333333333,Low Value
CUST01942,Sai Chopra,2023-10-13,4,47683.13,446,11920.78,1,2,3,2.0,Medium Value
CUST01943,Reyansh Joshi,2023-10-15,6,145684.90999999997,444,24280.82,1,4,4,3.0,High Value
CUST01944,Aarav Kumar,2024-12-28,3,279525.73000000004,4,93175.24,4,2,4,3.3333333333333335,High Value
CUST01945,Krishna Agarwal,2024-12-13,2,12065.529999999999,19,6032.76,4,1,1,2.0,Medium Value
CUST01946,Vivaan Chopra,2024-03-28,3,11726.44,279,3908.81,1,2,1,1.3333333333333333,Low Value
CUST01947,Sai Nair,2024-12-16,3,6689.17,16,2229.72,4,2,1,2.3333333333333335,Medium Value
CUST01948,Vihaan Agarwal,2024-12-18,10,284156.58,14,28415.66,4,4,4,4.0,High Value
CUST01949,Ananya Kumar,2024-08-16,8,104464.98999999999,138,13058.12,2,4,4,3.3333333333333335,High Value
CUST01950,Kiara Agarwal,2024-10-17,3,13531.09,76,4510.36,3,2,1,2.0,Medium Value
CUST01951,Vivaan Chopra,2024-09-07,6,24547.120000000003,116,4091.19,2,4,2,2.6666666666666665,Medium Value
CUST01952,Saanvi Singh,2024-12-30,4,117294.45999999999,2,29323.62,4,2,4,3.3333333333333335,High Value
CUST01953,Reyansh Chopra,2024-01-11,2,30179.19,356,15089.6,1,1,2,1.3333333333333333,Low Value
CUST01955,Aarav Gupta,2024-05-21,3,28920.61,225,9640.2,1,2,2,1.6666666666666667,Low Value
CUST01956,Aadhya Patel,2023-09-10,2,69846.66,479,34923.33,1,1,3,1.6666666666666667,Low Value
CUST01957,Navya Sharma,2024-11-01,3,32999.65,61,10999.88,3,2,2,2.3333333333333335,Medium Value
CUST01958,Sai Patel,2024-10-29,1,3074.49,64,3074.49,3,1,1,1.6666666666666667,Low Value
CUST01959,Myra Kumar,2024-09-22,2,9630.85,101,4815.42,2,1,1,1.3333333333333333,Low Value
CUST01960,Anika Mehta,2024-12-11,8,85989.58,21,10748.7,4,4,4,4.0,High Value
CUST01961,Navya Reddy,2024-12-02,6,27298.07,30,4549.68,4,4,2,3.3333333333333335,High Value
CUST01962,Aditya Das,2024-12-08,5,188824.42,24,37764.88,4,3,4,3.6666666666666665,High Value
CUST01963,Unknown,2024-01-13,1,485.61,354,485.61,1,1,1,1.0,Low Value
CUST01964,Riya Gupta,2024-12-06,5,15782.59,26,3156.52,4,3,2,3.0,High Value
CUST01965,Vihaan Kumar,2024-10-17,4,16379.52,76,4094.88,3,2,2,2.3333333333333335,Medium Value
CUST01966,Aarav Singh,2024-11-25,6,80702.31999999999,37,13450.39,3,4,4,3.6666666666666665,High Value
CUST01967,Diya Mehta,2024-12-06,5,19224.82,26,3844.96,4,3,2,3.0,High Value
CUST01968,Isha Das,2024-12-17,4,42072.81,15,10518.2,4,2,3,3.0,High Value
CUST01969,Aadhya Kumar,2024-11-30,3,16469.07,32,5489.69,4,2,2,2.6666666666666665,Medium Value
CUST01970,Vihaan Rao,2024-05-27,2,46420.89,219,23210.44,1,1,3,1.6666666666666667,Low Value
CUST01971,Ishaan Joshi,2024-12-30,3,14586.61,2,4862.2,4,2,1,2.3333333333333335,Medium Value
CUST01972,Ishaan Reddy,2024-12-13,4,27267.78,19,6816.94,4,2,2,2.6666666666666665,Medium Value
CUST01973,Myra Sharma,2024-06-04,4,47452.07,211,11863.02,2,2,3,2.3333333333333335,Medium Value
CUST01974,Anika Iyer,2024-12-04,5,30110.510000000002,28,6022.1,4,3,2,3.0,High Value
CUST01975,Sai Pillai,2024-06-06,9,113806.31999999999,209,12645.15,2,4,4,3.3333333333333335,High Value
CUST01976,Saanvi Gupta,2023-11-17,5,29812.72,411,5962.54,1,3,2,2.0,Medium Value
CUST01977,Reyansh Iyer,2024-10-29,3,12363.810000000001,64,4121.27,3,2,1,2.0,Medium Value
CUST01978,Arjun Mehta,2024-06-27,5,34645.61,188,6929.12,2,3,2,2.3333333333333335,Medium Value
CUST01979,Anika Bose,2024-05-02,2,859.1,244,429.55,1,1,1,1.0,Low Value
CUST01980,Myra Gupta,2024-11-02,4,22973.36,60,5743.34,3,2,2,2.3333333333333335,Medium Value
CUST01981,Krishna Malhotra,2024-10-10,8,41799.869999999995,83,5224.98,3,4,3,3.3333333333333335,High Value
CUST01982,Arjun Das,2024-12-08,5,29831.43,24,5966.29,4,3,2,3.0,High Value
CUST01983,Aadhya Menon,2024-01-29,6,49480.09,338,8246.68,1,4,3,2.6666666666666665,Medium Value
CUST01984,Kiara Kapoor,2024-09-15,4,82387.96,108,20596.99,2,2,4,2.6666666666666665,Medium Value
CUST01985,Saanvi Joshi,2024-10-15,3,10595.939999999999,78,3531.98,3,2,1,2.0,Medium Value
CUST01986,Ayaan Verma,2024-06-22,4,106836.88,193,26709.22,2,2,4,2.6666666666666665,Medium Value
CUST01987,Arjun Patel,2024-08-25,5,9192.84,129,1838.57,2,3,1,2.0,Medium Value
CUST01988,Diya Agarwal,2023-08-29,3,5677.26,491,1892.42,1,2,1,1.3333333333333333,Low Value
CUST01989,Aarav Joshi,2024-12-16,2,2481.45,16,1240.72,4,1,1,2.0,Medium Value
CUST01990,Ananya Mehta,2023-09-27,3,72527.11,462,24175.7,1,2,3,2.0,Medium Value
CUST01991,Riya Rao,2024-10-07,4,23779.25,86,5944.81,2,2,2,2.0,Medium Value
CUST01992,Ishaan Malhotra,2023-02-22,2,3737.68,679,1868.84,1,1,1,1.0,Low Value
CUST01993,Riya Singh,2024-07-14,3,8752.029999999999,171,2917.34,2,2,1,1.6666666666666667,Low Value
CUST01994,Vivaan Iyer,2024-04-29,5,18621.27,247,3724.25,1,3,2,2.0,Medium Value
CUST01995,Ishaan Chopra,2024-06-27,2,2434.35,188,1217.18,2,1,1,1.3333333333333333,Low Value
CUST01996,Aadhya Reddy,2023-11-26,2,42136.67,402,21068.34,1,1,3,1.6666666666666667,Low Value
CUST01997,Kiara Pillai,2024-04-29,4,64804.86,247,16201.22,1,2,3,2.0,Medium Value
CUST01998,Kiara Nair,2024-11-22,4,6669.35,40,1667.34,3,2,1,2.0,Medium Value
CUST01999,Ananya Iyer,2024-05-18,4,13171.4,228,3292.85,1,2,1,1.3333333333333333,Low Value
CUST02000,Kiara Sharma,2024-11-22,5,55628.33,40,11125.67,3,3,3,3.0,High Value
CUST02001,Aarav Pillai,2024-12-28,7,106250.51999999999,4,15178.65,4,4,4,4.0,High Value
CUST02002,Aditya Mehta,2024-11-29,5,119864.77,33,23972.95,4,3,4,3.6666666666666665,High Value
CUST02003,Ayaan Malhotra,2024-05-21,3,114705.45999999999,225,38235.15,1,2,4,2.3333333333333335,Medium Value
CUST02004,Ishaan Sharma,2024-12-01,4,19792.87,31,4948.22,4,2,2,2.6666666666666665,Medium Value
CUST02005,Navya Verma,2024-11-28,4,108061.54000000001,34,27015.38,3,2,4,3.0,High Value
CUST02006,Riya Das,2024-09-09,5,129537.36,114,25907.47,2,3,4,3.0,High Value
CUST02007,Aarav Verma,2024-11-21,6,51957.87,41,8659.64,3,4,3,3.3333333333333335,High Value
CUST02008,Myra Malhotra,2023-04-27,2,18578.79,615,9289.4,1,1,2,1.3333333333333333,Low Value
CUST02009,Saanvi Kapoor,2024-12-07,11,45861.47,25,4169.22,4,4,3,3.6666666666666665,High Value
CUST02011,Anika Reddy,2024-12-24,8,107831.06,8,13478.88,4,4,4,4.0,High Value
CUST02012,Saanvi Kumar,2024-10-10,4,131566.53,83,32891.63,3,2,4,3.0,High Value
CUST02013,Anika Gupta,2024-09-03,3,17253.149999999998,120,5751.05,2,2,2,2.0,Medium Value
CUST02014,Unknown,2023-09-25,1,1511.2,464,1511.2,1,1,1,1.0,Low Value
CUST02015,Reyansh Sharma,2024-08-07,4,9573.94,147,2393.48,2,2,1,1.6666666666666667,Low Value
CUST02016,Anika Joshi,2024-12-17,6,10948.28,15,1824.71,4,4,1,3.0,High Value
CUST02017,Ananya Gupta,2024-11-07,6,41376.34,55,6896.06,3,4,3,3.3333333333333335,High Value
CUST02018,Kiara Chopra,2023-11-22,3,4388.74,406,1462.91,1,2,1,1.3333333333333333,Low Value
CUST02019,Myra Iyer,2023-11-22,2,32978.09,406,16489.04,1,1,2,1.3333333333333333,Low Value
CUST02020,Aarav Kapoor,2024-11-27,5,186242.62,35,37248.52,3,3,4,3.3333333333333335,High Value
CUST02021,Krishna Pillai,2024-09-23,1,14116.08,100,14116.08,2,1,1,1.3333333333333333,Low Value
CUST02022,Diya Pillai,2024-09-08,4,67570.06999999999,115,16892.52,2,2,3,2.3333333333333335,Medium Value
CUST02023,Krishna Reddy,2024-12-15,5,73144.04,17,14628.81,4,3,3,3.3333333333333335,High Value
CUST02024,Aadhya Pillai,2024-06-15,6,97101.14,200,16183.52,2,4,4,3.3333333333333335,High Value
CUST02025,Riya Verma,2024-12-27,3,29048.91,5,9682.97,4,2,2,2.6666666666666665,Medium Value
CUST02026,Krishna Das,2024-10-31,9,268887.27,62,29876.36,3,4,4,3.6666666666666665,High Value
CUST02027,Kiara Gupta,2024-12-30,4,55776.53,2,13944.13,4,2,3,3.0,High Value
CUST02028,Ananya Rao,2024-07-17,7,87938.08,168,12562.58,2,4,4,3.3333333333333335,High Value
CUST02029,Ayaan Agarwal,2024-09-02,4,183065.55,121,45766.39,2,2,4,2.6666666666666665,Medium Value
CUST02030,Riya Kapoor,2023-12-23,3,111161.76000000001,375,37053.92,1,2,4,2.3333333333333335,Medium Value
CUST02031,Vivaan Nair,2024-11-20,6,25740.14,42,4290.02,3,4,2,3.0,High Value
CUST02032,Sai Bose,2024-03-26,4,246162.47,281,61540.62,1,2,4,2.3333333333333335,Medium Value
CUST02033,Kiara Nair,2024-08-30,4,12775.86,124,3193.96,2,2,1,1.6666666666666667,Low Value
CUST02034,Vihaan Malhotra,2023-09-15,3,59419.93000000001,474,19806.64,1,2,3,2.0,Medium Value
CUST02035,Isha Joshi,2024-08-08,3,29146.54,146,9715.51,2,2,2,2.0,Medium Value
CUST02036,Saanvi Agarwal,2024-12-20,4,36809.630000000005,12,9202.41,4,2,3,3.0,High Value
CUST02037,Vivaan Das,2024-06-05,5,51948.17,210,10389.63,2,3,3,2.6666666666666665,Medium Value
CUST02038,Saanvi Malhotra,2024-08-24,2,5363.46,130,2681.73,2,1,1,1.3333333333333333,Low Value
CUST02039,Isha Mehta,2024-12-06,6,45903.65,26,7650.61,4,4,3,3.6666666666666665,High Value
CUST02040,Aditya Pillai,2024-05-30,4,20853.68,216,5213.42,1,2,2,1.6666666666666667,Low Value
CUST02041,Unknown,2024-01-08,4,36292.43,359,9073.11,1,2,3,2.0,Medium Value
CUST02042,Ayaan Singh,2024-07-05,2,10107.11,180,5053.56,2,1,1,1.3333333333333333,Low Value
CUST02043,Isha Chopra,2024-01-14,2,1146.26,353,573.13,1,1,1,1.0,Low Value
CUST02044,Ananya Chopra,2024-01-11,6,167029.9,356,27838.32,1,4,4,3.0,High Value
CUST02045,Vivaan Joshi,2024-09-03,8,105825.52,120,13228.19,2,4,4,3.3333333333333335,High Value
CUST02046,Krishna Verma,2024-12-14,3,15017.04,18,5005.68,4,2,2,2.6666666666666665,Medium Value
CUST02047,Kiara Kapoor,2024-12-14,5,23524.37,18,4704.87,4,3,2,3.0,High Value
CUST02048,Vihaan Nair,2024-11-11,3,69243.05,51,23081.02,3,2,3,2.6666666666666665,Medium Value
CUST02049,Krishna Kumar,2024-12-31,4,14650.03,1,3662.51,4,2,1,2.3333333333333335,Medium Value
CUST02050,Myra Das,2024-11-17,5,63744.369999999995,45,12748.87,3,3,3,3.0,High Value
CUST02051,Reyansh Menon,2024-07-03,6,115777.82,182,19296.3,2,4,4,3.3333333333333335,High Value
CUST02052,Anika Gupta,2024-08-09,6,24881.43,145,4146.9,2,4,2,2.6666666666666665,Medium Value
CUST02053,Arjun Pillai,2023-01-16,1,2047.19,716,2047.19,1,1,1,1.0,Low Value
CUST02054,Diya Reddy,2024-06-18,7,23677.48,197,3382.5,2,4,2,2.6666666666666665,Medium Value
CUST02055,Krishna Patel,2024-12-01,5,38998.0,31,7799.6,4,3,3,3.3333333333333335,High Value
CUST02056,Anika Kapoor,2024-12-21,8,112175.40999999999,11,14021.93,4,4,4,4.0,High Value
CUST02057,Aditya Singh,2024-12-29,5,201314.25,3,40262.85,4,3,4,3.6666666666666665,High Value
CUST02058,Ishaan Kumar,2024-11-29,5,13546.740000000002,33,2709.35,4,3,1,2.6666666666666665,Medium Value
CUST02059,Ishaan Bose,2024-12-19,7,39039.509999999995,13,5577.07,4,4,3,3.6666666666666665,High Value
CUST02060,Ishaan Das,2023-11-29,3,14813.38,399,4937.79,1,2,1,1.3333333333333333,Low Value
CUST02061,Ananya Kapoor,2024-12-20,7,55936.3,12,7990.9,4,4,3,3.6666666666666665,High Value
CUST02062,Ayaan Nair,2024-02-11,2,9028.63,325,4514.31,1,1,1,1.0,Low Value
CUST02063,Ayaan Das,2024-06-16,3,108108.88999999998,199,36036.3,2,2,4,2.6666666666666665,Medium Value
CUST02064,Vivaan Bose,2024-11-21,4,13792.230000000001,41,3448.06,3,2,1,2.0,Medium Value
CUST02065,Ishaan Bose,2024-12-12,6,118936.23,20,19822.7,4,4,4,4.0,High Value
CUST02066,Ananya Malhotra,2024-09-15,2,108779.98000000001,108,54389.99,2,1,4,2.3333333333333335,Medium Value
CUST02067,Myra Joshi,2024-07-22,3,7413.25,163,2471.08,2,2,1,1.6666666666666667,Low Value
CUST02068,Vivaan Agarwal,2024-10-18,5,35717.68,75,7143.54,3,3,3,3.0,High Value
CUST02069,Diya Pillai,2023-08-27,1,3816.97,493,3816.97,1,1,1,1.0,Low Value
CUST02070,Navya Joshi,2024-12-02,3,50172.700000000004,30,16724.23,4,2,3,3.0,High Value
CUST02071,Sai Malhotra,2024-12-05,4,34396.159999999996,27,8599.04,4,2,2,2.6666666666666665,Medium Value
CUST02072,Aditya Patel,2024-10-21,3,21249.97,72,7083.32,3,2,2,2.3333333333333335,Medium Value
CUST02073,Aditya Sharma,2024-12-23,2,6630.98,9,3315.49,4,1,1,2.0,Medium Value
CUST02074,Saanvi Rao,2024-12-26,7,49793.38,6,7113.34,4,4,3,3.6666666666666665,High Value
CUST02075,Saanvi Singh,2024-10-11,2,1004.41,82,502.2,3,1,1,1.6666666666666667,Low Value
CUST02076,Reyansh Mehta,2024-11-19,6,111966.53,43,18661.09,3,4,4,3.6666666666666665,High Value
CUST02077,Reyansh Malhotra,2024-12-10,4,23970.93,22,5992.73,4,2,2,2.6666666666666665,Medium Value
CUST02078,Kiara Singh,2024-11-20,2,148407.93,42,74203.96,3,1,4,2.6666666666666665,Medium Value
CUST02079,Sai Menon,2024-12-06,4,63558.52,26,15889.63,4,2,3,3.0,High Value
CUST02080,Arjun Menon,2023-09-12,3,10748.69,477,3582.9,1,2,1,1.3333333333333333,Low Value
CUST02081,Diya Sharma,2023-10-27,1,4264.43,432,4264.43,1,1,1,1.0,Low Value
CUST02082,Ayaan Sharma,2024-02-13,2,39476.0,323,19738.0,1,1,3,1.6666666666666667,Low Value
CUST02083,Arjun Patel,2024-12-30,8,113680.54999999999,2,14210.07,4,4,4,4.0,High Value
CUST02084,Aditya Malhotra,2024-09-17,4,44712.9,106,11178.22,2,2,3,2.3333333333333335,Medium Value
CUST02085,Arjun Rao,2024-11-25,8,39768.380000000005,37,4971.05,3,4,3,3.3333333333333335,High Value
CUST02086,Navya Kapoor,2024-08-01,3,252117.38999999998,153,84039.13,2,2,4,2.6666666666666665,Medium Value
CUST02087,Sai Rao,2024-11-14,5,66446.98,48,13289.4,3,3,3,3.0,High Value
CUST02088,Ayaan Reddy,2024-12-28,4,22460.16,4,5615.04,4,2,2,2.6666666666666665,Medium Value
CUST02089,Ayaan Das,2024-12-29,7,67299.89,3,9614.27,4,4,3,3.6666666666666665,High Value
CUST02090,Sai Agarwal,2024-04-11,5,11400.65,265,2280.13,1,3,1,1.6666666666666667,Low Value
CUST02091,Vivaan Nair,2024-12-28,3,23495.04,4,7831.68,4,2,2,2.6666666666666665,Medium Value
CUST02092,Ananya Sharma,2024-10-08,3,17207.05,85,5735.68,2,2,2,2.0,Medium Value
CUST02093,Sai Kapoor,2024-10-10,5,22404.39,83,4480.88,3,3,2,2.6666666666666665,Medium Value
CUST02094,Isha Bose,2023-12-28,4,18667.39,370,4666.85,1,2,2,1.6666666666666667,Low Value
CUST02095,Ananya Mehta,2024-11-06,4,173033.54,56,43258.38,3,2,4,3.0,High Value
CUST02096,Aditya Das,2024-09-07,3,73112.5,116,24370.83,2,2,3,2.3333333333333335,Medium Value
CUST02097,Aditya Malhotra,2024-06-09,3,11458.939999999999,206,3819.65,2,2,1,1.6666666666666667,Low Value
CUST02098,Myra Das,2024-06-16,3,13791.59,199,4597.2,2,2,1,1.6666666666666667,Low Value
CUST02099,Anika Gupta,2023-11-23,2,8167.65,405,4083.82,1,1,1,1.0,Low Value
CUST02100,Isha Chopra,2024-12-22,4,49585.44,10,12396.36,4,2,3,3.0,High Value
CUST02101,Riya Chopra,2024-12-17,6,81700.61,15,13616.77,4,4,4,4.0,High Value
CUST02102,Myra Gupta,2024-04-06,5,32412.8,270,6482.56,1,3,2,2.0,Medium Value
CUST02103,Sai Rao,2024-03-20,4,30737.7,287,7684.42,1,2,2,1.6666666666666667,Low Value
CUST02104,Navya Joshi,2024-02-28,4,30220.29,308,7555.07,1,2,2,1.6666666666666667,Low Value
CUST02105,Vihaan Malhotra,2024-11-14,7,143325.49,48,20475.07,3,4,4,3.6666666666666665,High Value
CUST02106,Ananya Gupta,2024-09-11,4,8571.69,112,2142.92,2,2,1,1.6666666666666667,Low Value
CUST02107,Aditya Kapoor,2024-07-12,4,96649.65,173,24162.41,2,2,4,2.6666666666666665,Medium Value
CUST02108,Arjun Mehta,2024-12-10,4,7743.5,22,1935.88,4,2,1,2.3333333333333335,Medium Value
CUST02109,Riya Singh,2023-11-01,3,13258.94,427,4419.65,1,2,1,1.3333333333333333,Low Value
CUST02110,Riya Chopra,2024-11-26,4,69667.95,36,17416.99,3,2,3,2.6666666666666665,Medium Value
CUST02111,Vivaan Mehta,2024-07-22,4,116073.67,163,29018.42,2,2,4,2.6666666666666665,Medium Value
CUST02112,Ananya Menon,2024-11-19,2,8857.74,43,4428.87,3,1,1,1.6666666666666667,Low Value
CUST02113,Myra Pillai,2024-12-08,6,45781.74,24,7630.29,4,4,3,3.6666666666666665,High Value
CUST02114,Ananya Rao,2023-10-19,2,37143.15,440,18571.58,1,1,3,1.6666666666666667,Low Value
CUST02115,Vivaan Kumar,2024-10-04,4,8385.869999999999,89,2096.47,2,2,1,1.6666666666666667,Low Value
CUST02116,Arjun Pillai,2024-03-27,2,11996.35,280,5998.18,1,1,1,1.0,Low Value
CUST02117,Diya Agarwal,2024-10-13,4,5086.72,80,1271.68,3,2,1,2.0,Medium Value
CUST02118,Vihaan Joshi,2024-01-25,2,12383.849999999999,342,6191.92,1,1,1,1.0,Low Value
CUST02119,Ishaan Menon,2024-11-12,4,196364.55,50,49091.14,3,2,4,3.0,High Value
CUST02120,Sai Rao,2023-10-19,2,33267.94,440,16633.97,1,1,2,1.3333333333333333,Low Value
CUST02121,Ananya Chopra,2024-01-10,1,10894.39,357,10894.39,1,1,1,1.0,Low Value
CUST02122,Navya Agarwal,2024-10-31,4,60742.61,62,15185.65,3,2,3,2.6666666666666665,Medium Value
CUST02123,Ananya Bose,2023-08-04,4,43244.81,516,10811.2,1,2,3,2.0,Medium Value
CUST02124,Arjun Iyer,2024-11-01,3,41470.33,61,13823.44,3,2,3,2.6666666666666665,Medium Value
CUST02125,Krishna Mehta,2024-11-12,3,21729.92,50,7243.31,3,2,2,2.3333333333333335,Medium Value
CUST02126,Riya Sharma,2024-11-14,6,54854.490000000005,48,9142.42,3,4,3,3.3333333333333335,High Value
CUST02127,Reyansh Singh,2024-10-27,8,59145.74,66,7393.22,3,4,3,3.3333333333333335,High Value
CUST02128,Aarav Malhotra,2024-08-08,6,13959.67,146,2326.61,2,4,1,2.3333333333333335,Medium Value
CUST02129,Ayaan Bose,2024-07-02,4,3325.8199999999997,183,831.46,2,2,1,1.6666666666666667,Low Value
CUST02130,Navya Malhotra,2023-12-22,3,24784.75,376,8261.58,1,2,2,1.6666666666666667,Low Value
CUST02131,Anika Rao,2024-12-15,5,200982.93,17,40196.59,4,3,4,3.6666666666666665,High Value
CUST02132,Aadhya Agarwal,2024-11-15,6,63789.67,47,10631.61,3,4,3,3.3333333333333335,High Value
CUST02133,Isha Agarwal,2024-08-03,4,34156.6,151,8539.15,2,2,2,2.0,Medium Value
CUST02134,Myra Sharma,2024-10-25,5,69805.3,68,13961.06,3,3,3,3.0,High Value
CUST02135,Ananya Malhotra,2024-12-04,4,6688.17,28,1672.04,4,2,1,2.3333333333333335,Medium Value
CUST02136,Diya Nair,2024-08-17,8,30346.04,137,3793.26,2,4,2,2.6666666666666665,Medium Value
CUST02137,Isha Patel,2023-11-12,3,95716.83,416,31905.61,1,2,4,2.3333333333333335,Medium Value
CUST02138,Aditya Das,2023-04-11,1,21985.61,631,21985.61,1,1,2,1.3333333333333333,Low Value
CUST02139,Saanvi Verma,2024-09-11,8,135986.86,112,16998.36,2,4,4,3.3333333333333335,High Value
CUST02140,Arjun Joshi,2023-09-21,2,12193.17,468,6096.58,1,1,1,1.0,Low Value
CUST02142,Vihaan Chopra,2024-11-12,6,31247.759999999995,50,5207.96,3,4,2,3.0,High Value
CUST02143,Ayaan Bose,2023-12-30,5,72464.73,368,14492.95,1,3,3,2.3333333333333335,Medium Value
CUST02144,Ayaan Chopra,2023-06-29,1,753.96,552,753.96,1,1,1,1.0,Low Value
CUST02145,Isha Nair,2024-04-07,4,52665.99,269,13166.5,1,2,3,2.0,Medium Value
CUST02146,Ayaan Joshi,2024-08-06,3,8864.49,148,2954.83,2,2,1,1.6666666666666667,Low Value
CUST02147,Isha Menon,2024-07-22,6,43389.78,163,7231.63,2,4,3,3.0,High Value
CUST02148,Myra Rao,2024-12-23,4,56094.74999999999,9,14023.69,4,2,3,3.0,High Value
CUST02149,Ananya Reddy,2024-12-09,4,71798.20999999999,23,17949.55,4,2,3,3.0,High Value
CUST02150,Myra Das,2024-10-20,2,4344.72,73,2172.36,3,1,1,1.6666666666666667,Low Value
CUST02151,Kiara Kapoor,2023-12-14,3,115053.24,384,38351.08,1,2,4,2.3333333333333335,Medium Value
CUST02152,Krishna Gupta,2024-06-08,4,60076.34,207,15019.08,2,2,3,2.3333333333333335,Medium Value
CUST02153,Riya Menon,2024-11-21,5,21824.82,41,4364.96,3,3,2,2.6666666666666665,Medium Value
CUST02154,Arjun Mehta,2023-01-07,1,907.31,725,907.31,1,1,1,1.0,Low Value
CUST02155,Anika Malhotra,2024-08-19,7,130093.94,135,18584.85,2,4,4,3.3333333333333335,High Value
CUST02156,Ayaan Malhotra,2023-11-01,2,3786.5,427,1893.25,1,1,1,1.0,Low Value
CUST02157,Aadhya Menon,2024-10-19,4,152629.21,74,38157.3,3,2,4,3.0,High Value
CUST02158,Reyansh Bose,2024-12-23,5,100732.15,9,20146.43,4,3,4,3.6666666666666665,High Value
CUST02159,Anika Joshi,2024-12-29,4,16915.45,3,4228.86,4,2,2,2.6666666666666665,Medium Value
CUST02160,Ishaan Pillai,2024-12-12,5,186512.69,20,37302.54,4,3,4,3.6666666666666665,High Value
CUST02161,Aadhya Chopra,2024-02-17,3,174657.36,319,58219.12,1,2,4,2.3333333333333335,Medium Value
CUST02162,Vivaan Agarwal,2024-12-26,3,123148.45999999999,6,41049.49,4,2,4,3.3333333333333335,High Value
CUST02163,Reyansh Bose,2024-12-29,5,30332.14,3,6066.43,4,3,2,3.0,High Value
CUST02164,Vivaan Menon,2024-12-12,1,995.43,20,995.43,4,1,1,2.0,Medium Value
CUST02165,Navya Patel,2024-12-16,6,46174.83,16,7695.8,4,4,3,3.6666666666666665,High Value
CUST02166,Ishaan Menon,2024-10-23,1,4083.96,70,4083.96,3,1,1,1.6666666666666667,Low Value
CUST02167,Kiara Kumar,2024-04-04,3,60981.09,272,20327.03,1,2,3,2.0,Medium Value
CUST02168,Isha Gupta,2024-08-11,2,28771.85,143,14385.92,2,1,2,1.6666666666666667,Low Value
CUST02169,Arjun Nair,2024-12-11,8,126589.06,21,15823.63,4,4,4,4.0,High Value
CUST02170,Ayaan Nair,2024-06-22,6,29472.46,193,4912.08,2,4,2,2.6666666666666665,Medium Value
CUST02171,Diya Nair,2024-01-24,5,51582.08,343,10316.42,1,3,3,2.3333333333333335,Medium Value
CUST02172,Ananya Rao,2024-06-26,4,42860.0,189,10715.0,2,2,3,2.3333333333333335,Medium Value
CUST02173,Ayaan Mehta,2024-12-25,10,69755.69,7,6975.57,4,4,3,3.6666666666666665,High Value
CUST02174,Reyansh Joshi,2024-11-01,3,17057.18,61,5685.73,3,2,2,2.3333333333333335,Medium Value
CUST02175,Vihaan Das,2024-10-15,3,121979.53,78,40659.84,3,2,4,3.0,High Value
CUST02176,Vihaan Kumar,2024-10-29,3,12055.65,64,4018.55,3,2,1,2.0,Medium Value
CUST02177,Vihaan Agarwal,2024-11-19,5,13655.94,43,2731.19,3,3,1,2.3333333333333335,Medium Value
CUST02178,Sai Verma,2024-12-28,6,30291.41,4,5048.57,4,4,2,3.3333333333333335,High Value
CUST02179,Ananya Rao,2024-12-21,5,37667.17,11,7533.43,4,3,3,3.3333333333333335,High Value
CUST02180,Arjun Patel,2024-11-27,7,66804.49,35,9543.5,3,4,3,3.3333333333333335,High Value
CUST02181,Ishaan Nair,2024-07-07,5,17067.21,178,3413.44,2,3,2,2.3333333333333335,Medium Value
CUST02182,Aadhya Gupta,2024-09-24,5,90259.07,99,18051.81,2,3,4,3.0,High Value
CUST02183,Diya Kapoor,2024-11-03,4,152163.35,59,38040.84,3,2,4,3.0,High Value
CUST02184,Anika Sharma,2024-10-07,1,106378.23,86,106378.23,2,1,4,2.3333333333333335,Medium Value
CUST02185,Ishaan Mehta,2024-11-03,3,27023.14,59,9007.71,3,2,2,2.3333333333333335,Medium Value
CUST02186,Vivaan Iyer,2024-11-14,3,179856.31999999998,48,59952.11,3,2,4,3.0,High Value
CUST02187,Saanvi Kapoor,2024-12-24,7,72297.08,8,10328.15,4,4,3,3.6666666666666665,High Value
CUST02188,Navya Pillai,2023-12-03,6,133786.57,395,22297.76,1,4,4,3.0,High Value
CUST02189,Diya Nair,2024-07-11,9,70338.87,174,7815.43,2,4,3,3.0,High Value
CUST02190,Anika Malhotra,2024-05-03,5,94353.92,243,18870.78,1,3,4,2.6666666666666665,Medium Value
CUST02191,Ishaan Malhotra,2023-10-05,3,58582.229999999996,454,19527.41,1,2,3,2.0,Medium Value
CUST02192,Kiara Reddy,2024-02-28,2,14305.8,308,7152.9,1,1,1,1.0,Low Value
CUST02193,Saanvi Joshi,2024-04-03,3,10682.95,273,3560.98,1,2,1,1.3333333333333333,Low Value
CUST02194,Krishna Nair,2024-12-17,5,115184.1,15,23036.82,4,3,4,3.6666666666666665,High Value
CUST02195,Isha Agarwal,2024-07-28,4,17538.41,157,4384.6,2,2,2,2.0,Medium Value
CUST02196,Saanvi Kapoor,2024-01-30,4,31152.2,337,7788.05,1,2,2,1.6666666666666667,Low Value
CUST02197,Krishna Bose,2024-10-30,5,31948.01,63,6389.6,3,3,2,2.6666666666666665,Medium Value
CUST02198,Diya Patel,2024-12-25,4,14601.67,7,3650.42,4,2,1,2.3333333333333335,Medium Value
CUST02199,Riya Reddy,2024-11-29,4,17605.76,33,4401.44,4,2,2,2.6666666666666665,Medium Value
CUST02200,Aditya Kapoor,2024-11-14,3,11306.400000000001,48,3768.8,3,2,1,2.0,Medium Value
CUST02201,Unknown,2024-09-16,3,21665.62,107,7221.87,2,2,2,2.0,Medium Value
CUST02202,Reyansh Singh,2023-10-28,1,978.84,431,978.84,1,1,1,1.0,Low Value
CUST02203,Ayaan Das,2024-10-20,7,28825.54,73,4117.93,3,4,2,3.0,High Value
CUST02204,Saanvi Joshi,2023-12-05,4,18210.91,393,4552.73,1,2,2,1.6666666666666667,Low Value
CUST02205,Anika Kumar,2023-11-29,3,23550.450000000004,399,7850.15,1,2,2,1.6666666666666667,Low Value
CUST02206,Sai Pillai,2023-12-09,3,17958.690000000002,389,5986.23,1,2,2,1.6666666666666667,Low Value
CUST02207,Saanvi Rao,2024-10-20,6,20747.58,73,3457.93,3,4,2,3.0,High Value
CUST02208,Vihaan Reddy,2024-04-22,6,51187.64,254,8531.27,1,4,3,2.6666666666666665,Medium Value
CUST02209,Ayaan Das,2024-10-21,6,197566.88999999998,72,32927.81,3,4,4,3.6666666666666665,High Value
CUST02210,Sai Patel,2024-09-06,6,48992.26,117,8165.38,2,4,3,3.0,High Value
CUST02211,Aditya Gupta,2024-09-20,7,33447.01,103,4778.14,2,4,2,2.6666666666666665,Medium Value
CUST02212,Saanvi Verma,2024-10-14,4,70882.85,79,17720.71,3,2,3,2.6666666666666665,Medium Value
CUST02213,Myra Patel,2024-11-03,4,112057.85,59,28014.46,3,2,4,3.0,High Value
CUST02214,Ayaan Nair,2024-02-09,2,10034.0,327,5017.0,1,1,1,1.0,Low Value
CUST02215,Sai Rao,2024-05-20,2,52570.94,226,26285.47,1,1,3,1.6666666666666667,Low Value
CUST02216,Aditya Mehta,2024-12-18,2,1526.9,14,763.45,4,1,1,2.0,Medium Value
CUST02217,Aditya Bose,2023-12-28,2,66721.27,370,33360.64,1,1,3,1.6666666666666667,Low Value
CUST02218,Anika Kumar,2024-10-27,7,31178.46,66,4454.07,3,4,2,3.0,High Value
CUST02219,Isha Iyer,2023-10-31,3,16879.49,428,5626.5,1,2,2,1.6666666666666667,Low Value
CUST02220,Isha Reddy,2024-08-21,8,167974.82,133,20996.85,2,4,4,3.3333333333333335,High Value
CUST02221,Vihaan Das,2024-10-05,3,64777.719999999994,88,21592.57,2,2,3,2.3333333333333335,Medium Value
CUST02223,Navya Joshi,2024-11-15,7,111803.92000000001,47,15971.99,3,4,4,3.6666666666666665,High Value
CUST02224,Isha Menon,2023-06-12,2,145414.48,569,72707.24,1,1,4,2.0,Medium Value
CUST02225,Saanvi Joshi,2023-08-09,1,1773.18,511,1773.18,1,1,1,1.0,Low Value
CUST02226,Vihaan Sharma,2024-05-10,3,36721.81,236,12240.6,1,2,3,2.0,Medium Value
CUST02227,Aarav Malhotra,2024-09-10,3,110357.37000000001,113,36785.79,2,2,4,2.6666666666666665,Medium Value
CUST02228,Saanvi Joshi,2024-12-13,4,28467.65,19,7116.91,4,2,2,2.6666666666666665,Medium Value
CUST02229,Ayaan Agarwal,2023-06-04,2,31281.22,577,15640.61,1,1,2,1.3333333333333333,Low Value
CUST02230,Saanvi Rao,2024-02-10,5,23634.83,326,4726.97,1,3,2,2.0,Medium Value
CUST02231,Ayaan Nair,2024-09-17,5,30895.879999999997,106,6179.18,2,3,2,2.3333333333333335,Medium Value
CUST02232,Kiara Das,2024-11-26,4,222527.49,36,55631.87,3,2,4,3.0,High Value
CUST02233,Reyansh Kumar,2024-10-02,2,34291.4,91,17145.7,2,1,2,1.6666666666666667,Low Value
CUST02234,Anika Kapoor,2024-09-25,6,44121.75,98,7353.62,2,4,3,3.0,High Value
CUST02235,Vivaan Agarwal,2024-12-09,3,9367.86,23,3122.62,4,2,1,2.3333333333333335,Medium Value
CUST02236,Anika Reddy,2024-05-27,3,15334.23,219,5111.41,1,2,2,1.6666666666666667,Low Value
CUST02237,Saanvi Agarwal,2024-05-23,1,2114.62,223,2114.62,1,1,1,1.0,Low Value
CUST02238,Aadhya Agarwal,2024-11-10,6,28679.16,52,4779.86,3,4,2,3.0,High Value
CUST02239,Saanvi Chopra,2024-12-28,4,73281.04000000001,4,18320.26,4,2,3,3.0,High Value
CUST02240,Myra Joshi,2024-03-31,7,15881.8,276,2268.83,1,4,2,2.3333333333333335,Medium Value
CUST02241,Ayaan Pillai,2024-10-23,4,16901.2,70,4225.3,3,2,2,2.3333333333333335,Medium Value
CUST02242,Isha Malhotra,2024-12-25,3,59038.329999999994,7,19679.44,4,2,3,3.0,High Value
CUST02243,Krishna Menon,2024-02-28,1,1021.83,308,1021.83,1,1,1,1.0,Low Value
CUST02244,Ishaan Bose,2024-11-10,5,11554.56,52,2310.91,3,3,1,2.3333333333333335,Medium Value
CUST02245,Isha Sharma,2024-05-29,6,70487.35,217,11747.89,1,4,3,2.6666666666666665,Medium Value
CUST02246,Isha Iyer,2023-12-11,2,21296.73,387,10648.36,1,1,2,1.3333333333333333,Low Value
CUST02247,Kiara Sharma,2024-04-17,4,36547.25,259,9136.81,1,2,3,2.0,Medium Value
CUST02248,Diya Gupta,2024-11-11,7,67617.14,51,9659.59,3,4,3,3.3333333333333335,High Value
CUST02249,Ananya Verma,2024-12-02,5,44448.43,30,8889.69,4,3,3,3.3333333333333335,High Value
CUST02250,Myra Iyer,2024-10-15,4,8744.99,78,2186.25,3,2,1,2.0,Medium Value
CUST02251,Kiara Bose,2024-11-01,5,45720.22,61,9144.04,3,3,3,3.0,High Value
CUST02252,Aarav Das,2024-10-03,6,50203.46,90,8367.24,2,4,3,3.0,High Value
CUST02253,Aadhya Nair,2024-12-12,5,29486.34,20,5897.27,4,3,2,3.0,High Value
CUST02254,Ayaan Bose,2024-11-05,4,15903.31,57,3975.83,3,2,2,2.3333333333333335,Medium Value
CUST02255,Aarav Chopra,2024-07-21,5,19280.37,164,3856.07,2,3,2,2.3333333333333335,Medium Value
CUST02256,Ayaan Mehta,2024-08-29,10,104093.84,125,10409.38,2,4,4,3.3333333333333335,High Value
CUST02257,Riya Chopra,2024-08-11,3,75271.01000000001,143,25090.34,2,2,4,2.6666666666666665,Medium Value
CUST02258,Reyansh Chopra,2024-12-05,6,102482.02,27,17080.34,4,4,4,4.0,High Value
CUST02259,Anika Sharma,2024-05-14,2,6306.04,232,3153.02,1,1,1,1.0,Low Value
CUST02260,Ayaan Patel,2024-10-13,4,73811.77,80,18452.94,3,2,4,3.0,High Value
CUST02261,Navya Patel,2024-09-30,5,29648.149999999998,93,5929.63,2,3,2,2.3333333333333335,Medium Value
CUST02262,Arjun Das,2024-11-23,9,269519.74,39,29946.64,3,4,4,3.6666666666666665,High Value
CUST02263,Riya Nair,2024-11-06,4,34817.55,56,8704.39,3,2,2,2.3333333333333335,Medium Value
CUST02264,Krishna Joshi,2023-08-06,2,37780.880000000005,514,18890.44,1,1,3,1.6666666666666667,Low Value
CUST02265,Aditya Pillai,2024-10-09,4,32568.72,84,8142.18,2,2,2,2.0,Medium Value
CUST02266,Ananya Joshi,2024-12-11,10,136013.94,21,13601.39,4,4,4,4.0,High Value
CUST02267,Riya Verma,2024-12-17,3,40326.520000000004,15,13442.17,4,2,3,3.0,High Value
CUST02268,Ayaan Pillai,2024-12-23,4,300922.76,9,75230.69,4,2,4,3.3333333333333335,High Value
CUST02269,Reyansh Joshi,2024-11-04,5,65596.38,58,13119.28,3,3,3,3.0,High Value
CUST02270,Sai Pillai,2024-11-02,5,77880.40000000001,60,15576.08,3,3,4,3.3333333333333335,High Value
CUST02271,Sai Verma,2024-11-18,6,156035.85,44,26005.98,3,4,4,3.6666666666666665,High Value
CUST02272,Sai Kumar,2023-02-23,2,1827.88,678,913.94,1,1,1,1.0,Low Value
CUST02273,Riya Menon,2024-07-13,3,63017.92999999999,172,21005.98,2,2,3,2.3333333333333335,Medium Value
CUST02274,Vihaan Joshi,2024-01-10,2,56803.689999999995,357,28401.84,1,1,3,1.6666666666666667,Low Value
CUST02275,Ananya Singh,2024-01-12,2,2232.6,355,1116.3,1,1,1,1.0,Low Value
CUST02276,Saanvi Menon,2024-09-27,4,66803.59,96,16700.9,2,2,3,2.3333333333333335,Medium Value
CUST02277,Anika Iyer,2024-12-03,8,123126.73000000001,29,15390.84,4,4,4,4.0,High Value
CUST02278,Vihaan Rao,2024-11-21,6,96038.62,41,16006.44,3,4,4,3.6666666666666665,High Value
CUST02279,Riya Gupta,2024-01-02,3,8143.9800000000005,365,2714.66,1,2,1,1.3333333333333333,Low Value
CUST02280,Aadhya Nair,2023-11-21,1,140.13,407,140.13,1,1,1,1.0,Low Value
CUST02281,Aarav Mehta,2023-12-13,4,15863.42,385,3965.86,1,2,2,1.6666666666666667,Low Value
CUST02282,Navya Kapoor,2024-12-15,6,73760.1,17,12293.35,4,4,4,4.0,High Value
CUST02283,Ayaan Sharma,2024-08-12,6,33412.11,142,5568.68,2,4,2,2.6666666666666665,Medium Value
CUST02284,Diya Nair,2024-08-11,5,76624.4,143,15324.88,2,3,4,3.0,High Value
CUST02285,Myra Agarwal,2024-10-23,2,5953.1900000000005,70,2976.6,3,1,1,1.6666666666666667,Low Value
CUST02286,Vihaan Patel,2024-11-30,3,5525.82,32,1841.94,4,2,1,2.3333333333333335,Medium Value
CUST02287,Diya Iyer,2024-12-21,3,39104.53,11,13034.84,4,2,3,3.0,High Value
CUST02288,Kiara Kapoor,2024-09-04,1,17186.69,119,17186.69,2,1,2,1.6666666666666667,Low Value
CUST02289,Diya Rao,2024-12-14,5,9515.53,18,1903.11,4,3,1,2.6666666666666665,Medium Value
CUST02290,Saanvi Verma,2024-01-27,1,85235.09,340,85235.09,1,1,4,2.0,Medium Value
CUST02291,Aditya Mehta,2024-07-06,1,1555.85,179,1555.85,2,1,1,1.3333333333333333,Low Value
CUST02292,Krishna Menon,2023-10-31,2,6861.97,428,3430.98,1,1,1,1.0,Low Value
CUST02293,Ayaan Mehta,2024-01-01,7,193503.72,366,27643.39,1,4,4,3.0,High Value
CUST02294,Riya Gupta,2024-12-10,5,40177.86,22,8035.57,4,3,3,3.3333333333333335,High Value
CUST02295,Arjun Gupta,2023-12-30,1,6524.42,368,6524.42,1,1,1,1.0,Low Value
CUST02296,Myra Joshi,2024-12-20,6,22493.52,12,3748.92,4,4,2,3.3333333333333335,High Value
CUST02297,Kiara Gupta,2024-10-26,4,25834.99,67,6458.75,3,2,2,2.3333333333333335,Medium Value
CUST02298,Diya Iyer,2024-05-03,7,51432.99,243,7347.57,1,4,3,2.6666666666666665,Medium Value
CUST02299,Diya Malhotra,2024-10-09,3,8122.2,84,2707.4,2,2,1,1.6666666666666667,Low Value
CUST02300,Vivaan Agarwal,2024-11-04,5,30347.629999999997,58,6069.53,3,3,2,2.6666666666666665,Medium Value
CUST02301,Isha Bose,2024-10-08,4,40595.7,85,10148.92,2,2,3,2.3333333333333335,Medium Value
CUST02302,Vihaan Kapoor,2023-12-14,2,5274.02,384,2637.01,1,1,1,1.0,Low Value
CUST02303,Myra Sharma,2024-05-25,2,6528.110000000001,221,3264.06,1,1,1,1.0,Low Value
CUST02304,Vivaan Gupta,2024-12-09,3,20626.41,23,6875.47,4,2,2,2.6666666666666665,Medium Value
CUST02305,Isha Joshi,2024-11-23,3,18850.69,39,6283.56,3,2,2,2.3333333333333335,Medium Value
CUST02306,Isha Sharma,2024-10-30,2,9968.14,63,4984.07,3,1,1,1.6666666666666667,Low Value
CUST02307,Isha Patel,2024-12-18,2,8225.91,14,4112.96,4,1,1,2.0,Medium Value
CUST02308,Kiara Rao,2024-12-18,10,100602.74,14,10060.27,4,4,4,4.0,High Value
CUST02309,Isha Malhotra,2024-12-04,5,85842.69,28,17168.54,4,3,4,3.6666666666666665,High Value
CUST02310,Aadhya Kumar,2024-03-24,3,91956.78,283,30652.26,1,2,4,2.3333333333333335,Medium Value
CUST02311,Sai Joshi,2024-12-20,5,222142.22999999998,12,44428.45,4,3,4,3.6666666666666665,High Value
CUST02312,Ananya Kapoor,2024-12-17,5,57836.31999999999,15,11567.26,4,3,3,3.3333333333333335,High Value
CUST02313,Diya Malhotra,2024-12-27,3,7716.26,5,2572.09,4,2,1,2.3333333333333335,Medium Value
CUST02314,Vihaan Agarwal,2024-04-27,7,95132.58,249,13590.37,1,4,4,3.0,High Value
CUST02315,Aditya Nair,2024-09-23,8,46815.07,100,5851.88,2,4,3,3.0,High Value
CUST02316,Aditya Nair,2024-10-04,4,7781.82,89,1945.46,2,2,1,1.6666666666666667,Low Value
CUST02317,Navya Mehta,2024-11-25,7,32258.809999999998,37,4608.4,3,4,2,3.0,High Value
CUST02318,Isha Joshi,2024-12-14,5,35381.35,18,7076.27,4,3,3,3.3333333333333335,High Value
CUST02319,Ayaan Chopra,2024-11-25,8,55699.51,37,6962.44,3,4,3,3.3333333333333335,High Value
CUST02320,Arjun Das,2024-11-08,8,130035.11000000002,54,16254.39,3,4,4,3.6666666666666665,High Value
CUST02321,Arjun Das,2024-08-17,1,2330.93,137,2330.93,2,1,1,1.3333333333333333,Low Value
CUST02322,Sai Kumar,2024-10-17,3,11428.84,76,3809.61,3,2,1,2.0,Medium Value
CUST02323,Krishna Kapoor,2024-05-09,2,18105.14,237,9052.57,1,1,2,1.3333333333333333,Low Value
CUST02324,Vivaan Sharma,2024-12-20,4,8707.32,12,2176.83,4,2,1,2.3333333333333335,Medium Value
CUST02325,Ayaan Pillai,2024-09-09,7,82530.48,114,11790.07,2,4,4,3.3333333333333335,High Value
CUST02326,Ananya Bose,2024-12-08,8,123076.96,24,15384.62,4,4,4,4.0,High Value
CUST02327,Diya Reddy,2024-05-01,6,30589.59,245,5098.27,1,4,2,2.3333333333333335,Medium Value
CUST02328,Saanvi Nair,2024-11-14,5,61722.71,48,12344.54,3,3,3,3.0,High Value
CUST02329,Krishna Reddy,2024-10-30,3,31428.96,63,10476.32,3,2,2,2.3333333333333335,Medium Value
CUST02330,Kiara Verma,2024-11-14,4,54863.11,48,13715.78,3,2,3,2.6666666666666665,Medium Value
CUST02331,Isha Bose,2024-12-15,7,52060.77,17,7437.25,4,4,3,3.6666666666666665,High Value
CUST02332,Aarav Nair,2023-04-08,2,48423.67,634,24211.84,1,1,3,1.6666666666666667,Low Value
CUST02333,Arjun Malhotra,2024-10-08,5,12509.3,85,2501.86,2,3,1,2.0,Medium Value
CUST02334,Aarav Sharma,2024-11-23,6,10679.93,39,1779.99,3,4,1,2.6666666666666665,Medium Value
CUST02335,Ishaan Mehta,2024-10-03,4,114130.14,90,28532.54,2,2,4,2.6666666666666665,Medium Value
CUST02336,Kiara Joshi,2024-10-05,6,21194.649999999998,88,3532.44,2,4,2,2.6666666666666665,Medium Value
CUST02337,Sai Gupta,2024-08-30,5,12791.15,124,2558.23,2,3,1,2.0,Medium Value
CUST02338,Saanvi Kapoor,2024-06-16,3,54045.4,199,18015.13,2,2,3,2.3333333333333335,Medium Value
CUST02339,Ayaan Malhotra,2024-12-30,7,81658.54000000001,2,11665.51,4,4,4,4.0,High Value
CUST02340,Anika Joshi,2024-12-28,3,1517.79,4,505.93,4,2,1,2.3333333333333335,Medium Value
CUST02341,Saanvi Joshi,2024-12-19,7,50506.170000000006,13,7215.17,4,4,3,3.6666666666666665,High Value
CUST02342,Sai Joshi,2024-11-05,9,300324.88,57,33369.43,3,4,4,3.6666666666666665,High Value
CUST02343,Myra Rao,2024-10-11,8,73532.85,82,9191.61,3,4,3,3.3333333333333335,High Value
CUST02344,Saanvi Patel,2024-11-05,9,77206.69,57,8578.52,3,4,4,3.6666666666666665,High Value
CUST02345,Aditya Rao,2024-10-08,4,10448.2,85,2612.05,2,2,1,1.6666666666666667,Low Value
CUST02346,Aadhya Malhotra,2024-04-22,5,45000.06,254,9000.01,1,3,3,2.3333333333333335,Medium Value
CUST02347,Ayaan Malhotra,2024-08-14,2,10528.939999999999,140,5264.47,2,1,1,1.3333333333333333,Low Value
CUST02348,Saanvi Joshi,2024-12-02,3,61972.0,30,20657.33,4,2,3,3.0,High Value
CUST02349,Aditya Patel,2024-08-10,5,43276.46,144,8655.29,2,3,3,2.6666666666666665,Medium Value
CUST02350,Arjun Joshi,2024-12-12,5,36136.14,20,7227.23,4,3,3,3.3333333333333335,High Value
CUST02351,Vivaan Malhotra,2024-10-20,5,55370.52,73,11074.1,3,3,3,3.0,High Value
CUST02352,Arjun Menon,2024-04-30,4,61046.79,246,15261.7,1,2,3,2.0,Medium Value
CUST02353,Sai Patel,2023-11-06,2,44127.41,422,22063.7,1,1,3,1.6666666666666667,Low Value
CUST02354,Navya Agarwal,2024-08-20,1,80509.36,134,80509.36,2,1,4,2.3333333333333335,Medium Value
CUST02355,Vihaan Joshi,2024-06-21,2,19592.11,194,9796.06,2,1,2,1.6666666666666667,Low Value
CUST02356,Aadhya Rao,2024-10-21,5,115996.41,72,23199.28,3,3,4,3.3333333333333335,High Value
CUST02357,Saanvi Reddy,2024-10-20,3,31368.2,73,10456.07,3,2,2,2.3333333333333335,Medium Value
CUST02358,Diya Malhotra,2024-09-14,7,51865.77,109,7409.4,2,4,3,3.0,High Value
CUST02359,Riya Chopra,2024-12-07,7,60580.29,25,8654.33,4,4,3,3.6666666666666665,High Value
CUST02360,Kiara Bose,2024-11-20,8,100383.78,42,12547.97,3,4,4,3.6666666666666665,High Value
CUST02361,Aditya Joshi,2024-12-22,4,19568.4,10,4892.1,4,2,2,2.6666666666666665,Medium Value
CUST02362,Aditya Pillai,2023-11-09,2,130334.24,419,65167.12,1,1,4,2.0,Medium Value
CUST02364,Aditya Kapoor,2024-09-02,7,118846.70999999999,121,16978.1,2,4,4,3.3333333333333335,High Value
CUST02365,Diya Nair,2024-11-27,1,2396.37,35,2396.37,3,1,1,1.6666666666666667,Low Value
CUST02366,Anika Reddy,2024-08-17,7,158310.77999999997,137,22615.83,2,4,4,3.3333333333333335,High Value
CUST02367,Ananya Agarwal,2024-08-04,7,35845.82,150,5120.83,2,4,3,3.0,High Value
CUST02368,Aarav Gupta,2024-12-13,6,89815.24,19,14969.21,4,4,4,4.0,High Value
CUST02369,Vihaan Das,2024-04-13,3,4687.71,263,1562.57,1,2,1,1.3333333333333333,Low Value
CUST02370,Sai Rao,2024-07-25,4,17143.1,160,4285.77,2,2,2,2.0,Medium Value
CUST02371,Arjun Kapoor,2023-08-07,3,127787.46,513,42595.82,1,2,4,2.3333333333333335,Medium Value
CUST02372,Kiara Malhotra,2024-12-10,3,54529.36,22,18176.45,4,2,3,3.0,High Value
CUST02373,Vihaan Nair,2024-06-04,2,3271.91,211,1635.96,2,1,1,1.3333333333333333,Low Value
CUST02374,Myra Kapoor,2024-10-30,8,32021.91,63,4002.74,3,4,2,3.0,High Value
CUST02375,Vihaan Das,2024-12-23,5,8184.68,9,1636.94,4,3,1,2.6666666666666665,Medium Value
CUST02376,Saanvi Verma,2023-12-30,1,699.36,368,699.36,1,1,1,1.0,Low Value
CUST02377,Aditya Nair,2024-10-11,6,29817.44,82,4969.57,3,4,2,3.0,High Value
CUST02378,Kiara Chopra,2024-12-06,6,27383.58,26,4563.93,4,4,2,3.3333333333333335,High Value
CUST02379,Krishna Reddy,2024-10-12,4,28108.25,81,7027.06,3,2,2,2.3333333333333335,Medium Value
CUST02380,Saanvi Verma,2024-06-05,1,1645.25,210,1645.25,2,1,1,1.3333333333333333,Low Value
CUST02381,Ayaan Reddy,2023-11-12,1,962.91,416,962.91,1,1,1,1.0,Low Value
CUST02382,Diya Pillai,2023-10-08,4,3672.87,451,918.22,1,2,1,1.3333333333333333,Low Value
CUST02383,Reyansh Mehta,2024-10-15,5,98098.12999999999,78,19619.63,3,3,4,3.3333333333333335,High Value
CUST02384,Myra Gupta,2024-12-13,10,60967.62,19,6096.76,4,4,3,3.6666666666666665,High Value
CUST02385,Ishaan Patel,2024-12-29,8,52478.16,3,6559.77,4,4,3,3.6666666666666665,High Value
CUST02386,Navya Agarwal,2024-09-22,5,141507.65,101,28301.53,2,3,4,3.0,High Value
CUST02387,Arjun Reddy,2024-12-15,6,37781.55,17,6296.92,4,4,3,3.6666666666666665,High Value
CUST02388,Vivaan Chopra,2023-06-18,2,3992.08,563,1996.04,1,1,1,1.0,Low Value
CUST02389,Saanvi Kumar,2024-10-20,8,230845.02000000002,73,28855.63,3,4,4,3.6666666666666665,High Value
CUST02390,Sai Rao,2024-12-07,3,14499.61,25,4833.2,4,2,1,2.3333333333333335,Medium Value
CUST02391,Diya Singh,2024-10-06,3,24413.8,87,8137.93,2,2,2,2.0,Medium Value
CUST02392,Sai Mehta,2024-03-18,1,3069.33,289,3069.33,1,1,1,1.0,Low Value
CUST02393,Navya Malhotra,2024-03-08,3,14226.46,299,4742.15,1,2,1,1.3333333333333333,Low Value
CUST02394,Ayaan Iyer,2024-12-28,7,17645.08,4,2520.73,4,4,2,3.3333333333333335,High Value
CUST02395,Arjun Mehta,2024-12-26,4,18899.88,6,4724.97,4,2,2,2.6666666666666665,Medium Value
CUST02396,Isha Patel,2024-01-07,6,135949.59,360,22658.26,1,4,4,3.0,High Value
CUST02397,Myra Gupta,2024-04-25,1,20042.98,251,20042.98,1,1,2,1.3333333333333333,Low Value
CUST02398,Ishaan Chopra,2024-10-27,2,12482.03,66,6241.02,3,1,1,1.6666666666666667,Low Value
CUST02399,Ananya Joshi,2024-01-09,4,65019.28,358,16254.82,1,2,3,2.0,Medium Value
CUST02400,Vihaan Singh,2024-11-24,5,48899.0,38,9779.8,3,3,3,3.0,High Value
CUST02401,Anika Iyer,2024-11-02,4,12792.939999999999,60,3198.23,3,2,1,2.0,Medium Value
CUST02402,Riya Kumar,2023-12-09,3,17324.2,389,5774.73,1,2,2,1.6666666666666667,Low Value
CUST02403,Sai Gupta,2024-07-05,7,92931.44,180,13275.92,2,4,4,3.3333333333333335,High Value
CUST02404,Aarav Menon,2024-10-04,5,71667.32,89,14333.46,2,3,3,2.6666666666666665,Medium Value
CUST02405,Myra Chopra,2024-10-04,8,79310.37,89,9913.8,2,4,4,3.3333333333333335,High Value
CUST02406,Saanvi Mehta,2024-04-30,3,72338.12,246,24112.71,1,2,3,2.0,Medium Value
CUST02407,Aditya Iyer,2024-11-17,3,17877.61,45,5959.2,3,2,2,2.3333333333333335,Medium Value
CUST02408,Diya Rao,2024-04-27,3,9905.05,249,3301.68,1,2,1,1.3333333333333333,Low Value
CUST02409,Aarav Agarwal,2024-12-21,11,222938.02,11,20267.09,4,4,4,4.0,High Value
CUST02410,Anika Iyer,2024-11-15,7,75437.53,47,10776.79,3,4,4,3.6666666666666665,High Value
CUST02411,Krishna Mehta,2024-12-31,5,24414.05,1,4882.81,4,3,2,3.0,High Value
CUST02412,Unknown,2024-10-22,9,151148.76,71,16794.31,3,4,4,3.6666666666666665,High Value
CUST02413,Arjun Malhotra,2024-10-16,2,11144.22,77,5572.11,3,1,1,1.6666666666666667,Low Value
CUST02414,Isha Verma,2024-08-06,6,62162.03,148,10360.34,2,4,3,3.0,High Value
CUST02415,Saanvi Kapoor,2024-12-07,8,83372.05,25,10421.51,4,4,4,4.0,High Value
CUST02416,Kiara Mehta,2024-12-17,8,91348.72,15,11418.59,4,4,4,4.0,High Value
CUST02417,Aadhya Mehta,2024-11-15,4,44103.29,47,11025.82,3,2,3,2.6666666666666665,Medium Value
CUST02418,Aadhya Iyer,2024-06-18,4,31788.559999999998,197,7947.14,2,2,2,2.0,Medium Value
CUST02419,Aadhya Gupta,2024-06-11,4,149745.22,204,37436.3,2,2,4,2.6666666666666665,Medium Value
CUST02420,Isha Kapoor,2024-11-30,4,192765.00000000003,32,48191.25,4,2,4,3.3333333333333335,High Value
CUST02421,Vivaan Mehta,2024-06-15,4,102734.86,200,25683.72,2,2,4,2.6666666666666665,Medium Value
CUST02422,Aditya Chopra,2024-04-27,4,14460.759999999998,249,3615.19,1,2,1,1.3333333333333333,Low Value
CUST02423,Ananya Das,2024-04-19,2,41831.759999999995,257,20915.88,1,1,3,1.6666666666666667,Low Value
CUST02424,Reyansh Joshi,2024-12-20,4,6879.99,12,1720.0,4,2,1,2.3333333333333335,Medium Value
CUST02425,Vivaan Bose,2024-12-07,6,94830.78,25,15805.13,4,4,4,4.0,High Value
CUST02426,Ishaan Agarwal,2024-11-15,4,106616.36,47,26654.09,3,2,4,3.0,High Value
CUST02427,Ananya Kapoor,2024-12-18,6,285631.5,14,47605.25,4,4,4,4.0,High Value
CUST02428,Anika Pillai,2024-12-26,3,96414.76999999999,6,32138.26,4,2,4,3.3333333333333335,High Value
CUST02429,Navya Gupta,2024-04-26,3,268918.72,250,89639.57,1,2,4,2.3333333333333335,Medium Value
CUST02430,Myra Patel,2024-12-11,6,43637.159999999996,21,7272.86,4,4,3,3.6666666666666665,High Value
CUST02431,Diya Chopra,2024-12-01,6,248432.8,31,41405.47,4,4,4,4.0,High Value
CUST02432,Kiara Malhotra,2024-11-25,3,25438.56,37,8479.52,3,2,2,2.3333333333333335,Medium Value
CUST02433,Myra Mehta,2024-11-01,5,68568.88,61,13713.78,3,3,3,3.0,High Value
CUST02434,Diya Das,2023-07-05,2,54881.14,546,27440.57,1,1,3,1.6666666666666667,Low Value
CUST02435,Vihaan Reddy,2024-12-26,6,67809.08,6,11301.51,4,4,3,3.6666666666666665,High Value
CUST02436,Vivaan Malhotra,2024-12-22,6,52478.10999999999,10,8746.35,4,4,3,3.6666666666666665,High Value
CUST02437,Ayaan Reddy,2024-06-10,6,129035.0,205,21505.83,2,4,4,3.3333333333333335,High Value
CUST02438,Kiara Rao,2024-12-31,6,50126.15,1,8354.36,4,4,3,3.6666666666666665,High Value
CUST02439,Ayaan Bose,2024-09-09,4,26257.199999999997,114,6564.3,2,2,2,2.0,Medium Value
CUST02440,Saanvi Chopra,2024-11-06,2,6519.19,56,3259.6,3,1,1,1.6666666666666667,Low Value
CUST02441,Anika Joshi,2024-10-27,3,59830.11,66,19943.37,3,2,3,2.6666666666666665,Medium Value
CUST02442,Vihaan Nair,2024-01-30,3,9553.42,337,3184.47,1,2,1,1.3333333333333333,Low Value
CUST02443,Arjun Kapoor,2024-11-16,4,28912.2,46,7228.05,3,2,2,2.3333333333333335,Medium Value
CUST02444,Vihaan Malhotra,2023-12-16,2,36334.51,382,18167.26,1,1,3,1.6666666666666667,Low Value
CUST02445,Diya Kumar,2024-08-20,4,23296.559999999998,134,5824.14,2,2,2,2.0,Medium Value
CUST02446,Myra Rao,2024-08-08,4,29704.96,146,7426.24,2,2,2,2.0,Medium Value
CUST02447,Ishaan Reddy,2024-12-07,6,25330.15,25,4221.69,4,4,2,3.3333333333333335,High Value
CUST02448,Saanvi Menon,2024-09-01,3,17285.96,122,5761.99,2,2,2,2.0,Medium Value
CUST02449,Arjun Gupta,2024-11-01,10,34448.73,61,3444.87,3,4,2,3.0,High Value
CUST02450,Kiara Singh,2024-12-06,3,5917.65,26,1972.55,4,2,1,2.3333333333333335,Medium Value
CUST02451,Kiara Rao,2024-09-01,4,64407.57,122,16101.89,2,2,3,2.3333333333333335,Medium Value
CUST02452,Isha Pillai,2024-04-03,3,3974.45,273,1324.82,1,2,1,1.3333333333333333,Low Value
CUST02453,Saanvi Mehta,2024-09-19,5,20938.21,104,4187.64,2,3,2,2.3333333333333335,Medium Value
CUST02454,Arjun Menon,2024-04-23,2,2116.38,253,1058.19,1,1,1,1.0,Low Value
CUST02455,Isha Patel,2024-05-29,4,28504.42,217,7126.1,1,2,2,1.6666666666666667,Low Value
CUST02456,Vihaan Verma,2024-11-15,7,118504.67,47,16929.24,3,4,4,3.6666666666666665,High Value
CUST02457,Myra Agarwal,2024-06-28,3,51994.37,187,17331.46,2,2,3,2.3333333333333335,Medium Value
CUST02458,Arjun Singh,2024-11-06,1,913.12,56,913.12,3,1,1,1.6666666666666667,Low Value
CUST02459,Saanvi Pillai,2024-10-29,2,8259.38,64,4129.69,3,1,1,1.6666666666666667,Low Value
CUST02460,Vivaan Das,2024-06-10,2,86020.87000000001,205,43010.44,2,1,4,2.3333333333333335,Medium Value
CUST02461,Ananya Singh,2024-12-20,6,28228.77,12,4704.8,4,4,2,3.3333333333333335,High Value
CUST02462,Isha Menon,2024-11-29,8,173041.4,33,21630.18,4,4,4,4.0,High Value
CUST02463,Kiara Singh,2024-03-10,2,3700.75,297,1850.38,1,1,1,1.0,Low Value
CUST02464,Krishna Reddy,2024-12-26,10,158429.72999999998,6,15842.97,4,4,4,4.0,High Value
CUST02465,Riya Pillai,2024-12-01,6,31909.729999999996,31,5318.29,4,4,2,3.3333333333333335,High Value
CUST02466,Sai Patel,2024-12-25,5,52632.0,7,10526.4,4,3,3,3.3333333333333335,High Value
CUST02467,Isha Malhotra,2024-12-01,3,14436.77,31,4812.26,4,2,1,2.3333333333333335,Medium Value
CUST02468,Kiara Menon,2024-11-10,3,20328.35,52,6776.12,3,2,2,2.3333333333333335,Medium Value
CUST02469,Krishna Singh,2024-10-03,7,109608.11,90,15658.3,2,4,4,3.3333333333333335,High Value
CUST02470,Navya Agarwal,2024-04-06,2,15228.76,270,7614.38,1,1,2,1.3333333333333333,Low Value
CUST02471,Arjun Menon,2023-08-04,4,163255.05,516,40813.76,1,2,4,2.3333333333333335,Medium Value
CUST02472,Ananya Kumar,2023-12-24,2,5895.3,374,2947.65,1,1,1,1.0,Low Value
CUST02473,Vihaan Bose,2024-06-10,8,43363.1,205,5420.39,2,4,3,3.0,High Value
CUST02474,Vivaan Das,2024-10-23,7,95624.39,70,13660.63,3,4,4,3.6666666666666665,High Value
CUST02475,Ishaan Iyer,2024-07-15,5,160127.80000000002,170,32025.56,2,3,4,3.0,High Value
CUST02476,Ishaan Reddy,2023-11-26,3,11771.65,402,3923.88,1,2,1,1.3333333333333333,Low Value
CUST02477,Vihaan Pillai,2024-12-29,4,46229.82,3,11557.46,4,2,3,3.0,High Value
CUST02478,Ishaan Gupta,2024-11-27,4,128378.07,35,32094.52,3,2,4,3.0,High Value
CUST02479,Riya Verma,2023-11-11,2,12656.310000000001,417,6328.16,1,1,1,1.0,Low Value
CUST02480,Isha Mehta,2023-10-04,2,13791.55,455,6895.78,1,1,1,1.0,Low Value
CUST02481,Vivaan Verma,2024-11-03,5,80409.62,59,16081.92,3,3,4,3.3333333333333335,High Value
CUST02482,Anika Kapoor,2023-09-24,1,6023.02,465,6023.02,1,1,1,1.0,Low Value
CUST02483,Myra Rao,2024-08-02,4,92266.70999999999,152,23066.68,2,2,4,2.6666666666666665,Medium Value
CUST02484,Reyansh Chopra,2024-11-12,5,76350.55,50,15270.11,3,3,4,3.3333333333333335,High Value
CUST02486,Vihaan Reddy,2023-02-22,1,3893.96,679,3893.96,1,1,1,1.0,Low Value
CUST02487,Kiara Agarwal,2024-06-12,4,122769.98000000001,203,30692.5,2,2,4,2.6666666666666665,Medium Value
CUST02488,Diya Joshi,2024-06-29,4,10952.71,186,2738.18,2,2,1,1.6666666666666667,Low Value
CUST02489,Aarav Chopra,2024-09-25,3,26145.089999999997,98,8715.03,2,2,2,2.0,Medium Value
CUST02490,Aarav Malhotra,2024-12-06,4,78192.29,26,19548.07,4,2,4,3.3333333333333335,High Value
CUST02491,Ishaan Reddy,2023-12-18,6,10569.73,380,1761.62,1,4,1,2.0,Medium Value
CUST02492,Vivaan Mehta,2024-11-01,6,24440.39,61,4073.4,3,4,2,3.0,High Value
CUST02494,Riya Chopra,2024-05-02,4,17021.35,244,4255.34,1,2,2,1.6666666666666667,Low Value
CUST02495,Ayaan Agarwal,2023-12-07,3,49881.69,391,16627.23,1,2,3,2.0,Medium Value
CUST02496,Ananya Chopra,2024-10-05,3,25485.8,88,8495.27,2,2,2,2.0,Medium Value
CUST02497,Saanvi Gupta,2024-12-23,3,31248.98,9,10416.33,4,2,2,2.6666666666666665,Medium Value
CUST02498,Diya Gupta,2024-09-02,5,36596.11,121,7319.22,2,3,3,2.6666666666666665,Medium Value
CUST02499,Ishaan Joshi,2024-08-21,3,7937.219999999999,133,2645.74,2,2,1,1.6666666666666667,Low Value
CUST02500,Vivaan Joshi,2024-08-10,2,14276.28,144,7138.14,2,1,1,1.3333333333333333,Low Value
CUST02501,Myra Verma,2024-12-05,8,80469.1,27,10058.64,4,4,4,4.0,High Value
CUST02502,Isha Patel,2024-11-06,6,30194.3,56,5032.38,3,4,2,3.0,High Value
CUST02503,Ishaan Mehta,2023-10-23,3,38579.57,436,12859.86,1,2,3,2.0,Medium Value
CUST02504,Ayaan Sharma,2024-09-30,4,27125.06,93,6781.26,2,2,2,2.0,Medium Value
CUST02505,Saanvi Iyer,2024-12-07,4,19548.66,25,4887.16,4,3,2,3.0,High Value
CUST02506,Ishaan Malhotra,2024-12-28,4,23786.190000000002,4,5946.55,4,3,2,3.0,High Value
CUST02507,Arjun Kapoor,2024-12-29,8,103831.70999999999,3,12978.96,4,4,4,4.0,High Value
CUST02508,Saanvi Menon,2024-12-15,4,154833.3,17,38708.32,4,3,4,3.6666666666666665,High Value
CUST02509,Navya Chopra,2024-06-17,4,27383.12,198,6845.78,2,3,2,2.3333333333333335,Medium Value
CUST02510,Krishna Kapoor,2024-12-18,8,84490.48000000001,14,10561.31,4,4,4,4.0,High Value
CUST02511,Vivaan Verma,2024-04-25,3,158975.92,251,52991.97,1,2,4,2.3333333333333335,Medium Value
CUST02512,Diya Nair,2024-12-05,7,56995.53,27,8142.22,4,4,3,3.6666666666666665,High Value
CUST02513,Krishna Bose,2024-12-26,4,16635.27,6,4158.82,4,3,2,3.0,High Value
CUST02514,Krishna Mehta,2024-11-18,7,334319.1,44,47759.87,3,4,4,3.6666666666666665,High Value
CUST02515,Vivaan Kapoor,2024-01-11,3,6253.83,356,2084.61,1,2,1,1.3333333333333333,Low Value
CUST02516,Isha Reddy,2024-08-16,1,4634.65,138,4634.65,2,1,1,1.3333333333333333,Low Value
CUST02517,Vivaan Sharma,2024-09-13,5,63276.409999999996,110,12655.28,2,3,3,2.6666666666666665,Medium Value
CUST02518,Riya Singh,2024-12-06,5,191781.39,26,38356.28,4,3,4,3.6666666666666665,High Value
CUST02519,Vivaan Rao,2024-07-27,5,19500.47,158,3900.09,2,3,2,2.3333333333333335,Medium Value
CUST02520,Vivaan Malhotra,2024-11-13,4,20425.12,49,5106.28,3,3,2,2.6666666666666665,Medium Value
CUST02521,Diya Kumar,2023-06-24,3,35982.119999999995,557,11994.04,1,2,3,2.0,Medium Value
CUST02522,Isha Reddy,2024-12-02,5,44348.6,30,8869.72,4,3,3,3.3333333333333335,High Value
CUST02523,Ishaan Rao,2024-04-24,3,55305.24,252,18435.08,1,2,3,2.0,Medium Value
CUST02524,Aadhya Kumar,2024-02-05,5,42555.38,331,8511.08,1,3,3,2.3333333333333335,Medium Value
CUST02525,Navya Rao,2024-03-11,5,37991.49,296,7598.3,1,3,3,2.3333333333333335,Medium Value
CUST02526,Vivaan Bose,2024-11-25,4,77861.05,37,19465.26,3,3,4,3.3333333333333335,High Value
CUST02527,Sai Singh,2024-11-23,2,29173.16,39,14586.58,3,1,2,2.0,Medium Value
CUST02528,Saanvi Singh,2024-12-30,10,284792.47,2,28479.25,4,4,4,4.0,High Value
CUST02529,Aadhya Kapoor,2024-11-12,7,169911.42,50,24273.06,3,4,4,3.6666666666666665,High Value
CUST02530,Vihaan Sharma,2024-08-18,9,91733.86,136,10192.65,2,4,4,3.3333333333333335,High Value
CUST02531,Saanvi Singh,2024-12-29,2,22209.46,3,11104.73,4,1,2,2.3333333333333335,Medium Value
CUST02532,Isha Agarwal,2024-12-16,2,28388.25,16,14194.12,4,1,2,2.3333333333333335,Medium Value
CUST02533,Sai Gupta,2023-12-31,3,42438.009999999995,367,14146.0,1,2,3,2.0,Medium Value
CUST02534,Saanvi Kapoor,2024-10-16,7,67326.12,77,9618.02,3,4,3,3.3333333333333335,High Value
CUST02535,Arjun Singh,2024-11-15,5,10508.56,47,2101.71,3,3,1,2.3333333333333335,Medium Value
CUST02536,Ayaan Pillai,2024-08-22,9,27049.66,132,3005.52,2,4,2,2.6666666666666665,Medium Value
CUST02537,Aadhya Reddy,2024-11-06,1,4222.08,56,4222.08,3,1,1,1.6666666666666667,Low Value
CUST02538,Aadhya Patel,2024-10-15,6,46579.38,78,7763.23,3,4,3,3.3333333333333335,High Value
CUST02539,Diya Kapoor,2024-08-01,5,16879.97,153,3375.99,2,3,2,2.3333333333333335,Medium Value
CUST02540,Anika Das,2024-12-25,5,183597.89,7,36719.58,4,3,4,3.6666666666666665,High Value
CUST02541,Aadhya Reddy,2024-08-05,3,218700.04,149,72900.01,2,2,4,2.6666666666666665,Medium Value
CUST02542,Aadhya Malhotra,2023-12-14,3,6790.09,384,2263.36,1,2,1,1.3333333333333333,Low Value
CUST02543,Diya Joshi,2023-07-27,4,123784.67,524,30946.17,1,3,4,2.6666666666666665,Medium Value
CUST02544,Krishna Malhotra,2024-12-05,3,27547.6,27,9182.53,4,2,2,2.6666666666666665,Medium Value
CUST02545,Diya Verma,2024-03-29,3,70781.07,278,23593.69,1,2,3,2.0,Medium Value
CUST02546,Arjun Das,2024-11-26,8,285134.19,36,35641.77,3,4,4,3.6666666666666665,High Value
CUST02547,Isha Nair,2023-10-23,4,48244.6,436,12061.15,1,3,3,2.3333333333333335,Medium Value
CUST02548,Aadhya Malhotra,2024-10-24,4,36396.61,69,9099.15,3,3,3,3.0,High Value
CUST02549,Ananya Sharma,2024-07-05,5,41228.54,180,8245.71,2,3,3,2.6666666666666665,Medium Value
CUST02550,Aditya Joshi,2024-11-12,6,121087.57,50,20181.26,3,4,4,3.6666666666666665,High Value
CUST02551,Riya Rao,2024-12-25,4,116936.88,7,29234.22,4,3,4,3.6666666666666665,High Value
CUST02552,Ayaan Das,2024-11-26,2,11455.400000000001,36,5727.7,3,1,1,1.6666666666666667,Low Value
CUST02553,Isha Gupta,2024-12-03,6,122776.79999999999,29,20462.8,4,4,4,4.0,High Value
CUST02554,Arjun Iyer,2024-12-29,6,10079.52,3,1679.92,4,4,1,3.0,High Value
CUST02555,Sai Verma,2024-11-04,9,66527.27,58,7391.92,3,4,3,3.3333333333333335,High Value
CUST02556,Saanvi Kumar,2024-11-27,4,6704.74,35,1676.18,3,3,1,2.3333333333333335,Medium Value
CUST02557,Ayaan Sharma,2024-11-14,5,86168.14,48,17233.63,3,3,4,3.3333333333333335,High Value
CUST02558,Isha Bose,2024-12-31,1,551.04,1,551.04,4,1,1,2.0,Medium Value
CUST02559,Ananya Reddy,2023-11-30,3,15394.099999999999,398,5131.37,1,2,2,1.6666666666666667,Low Value
CUST02560,Kiara Chopra,2024-04-05,5,41244.06,271,8248.81,1,3,3,2.3333333333333335,Medium Value
CUST02561,Myra Gupta,2024-10-26,4,57646.44,67,14411.61,3,3,3,3.0,High Value
CUST02562,Isha Rao,2024-12-10,4,26075.72,22,6518.93,4,3,2,3.0,High Value
CUST02563,Aditya Sharma,2024-08-01,5,31545.29,153,6309.06,2,3,2,2.3333333333333335,Medium Value
CUST02565,Anika Verma,2024-10-04,3,97795.64,89,32598.55,2,2,4,2.6666666666666665,Medium Value
CUST02566,Isha Patel,2024-01-08,3,9219.7,359,3073.23,1,2,1,1.3333333333333333,Low Value
CUST02567,Ayaan Kapoor,2024-11-24,4,61339.810000000005,38,15334.95,3,3,3,3.0,High Value
CUST02568,Riya Sharma,2023-03-10,1,42362.33,663,42362.33,1,1,3,1.6666666666666667,Low Value
CUST02569,Aditya Gupta,2024-11-26,5,110056.32,36,22011.26,3,3,4,3.3333333333333335,High Value
CUST02570,Arjun Bose,2024-08-27,5,17227.99,127,3445.6,2,3,2,2.3333333333333335,Medium Value
CUST02571,Diya Menon,2024-12-22,7,57847.39,10,8263.91,4,4,3,3.6666666666666665,High Value
CUST02572,Saanvi Menon,2024-10-16,5,9503.84,77,1900.77,3,3,1,2.3333333333333335,Medium Value
CUST02573,Krishna Reddy,2023-10-12,2,44617.42,447,22308.71,1,1,3,1.6666666666666667,Low Value
CUST02574,Vihaan Pillai,2023-12-12,5,52147.4,386,10429.48,1,3,3,2.3333333333333335,Medium Value
CUST02575,Riya Patel,2024-09-06,6,54197.27,117,9032.88,2,4,3,3.0,High Value
CUST02576,Saanvi Chopra,2024-12-26,3,13903.34,6,4634.45,4,2,1,2.3333333333333335,Medium Value
CUST02577,Saanvi Das,2024-07-19,2,4776.18,166,2388.09,2,1,1,1.3333333333333333,Low Value
CUST02578,Isha Malhotra,2024-12-13,7,22060.94,19,3151.56,4,4,2,3.3333333333333335,High Value
CUST02579,Saanvi Chopra,2023-10-07,1,1508.02,452,1508.02,1,1,1,1.0,Low Value
CUST02580,Riya Nair,2024-09-22,7,35342.46,101,5048.92,2,4,3,3.0,High Value
CUST02581,Isha Nair,2023-12-11,7,110391.86000000002,387,15770.27,1,4,4,3.0,High Value
CUST02582,Ishaan Kapoor,2024-11-04,3,27371.03,58,9123.68,3,2,2,2.3333333333333335,Medium Value
CUST02583,Riya Chopra,2024-10-02,5,44973.96000000001,91,8994.79,2,3,3,2.6666666666666665,Medium Value
CUST02584,Saanvi Iyer,2024-10-17,2,4397.12,76,2198.56,3,1,1,1.6666666666666667,Low Value
CUST02585,Isha Pillai,2024-11-20,3,11753.460000000001,42,3917.82,3,2,1,2.0,Medium Value
CUST02586,Myra Reddy,2024-12-10,8,81594.51,22,10199.31,4,4,4,4.0,High Value
CUST02587,Riya Bose,2024-11-22,3,62873.07,40,20957.69,3,2,3,2.6666666666666665,Medium Value
CUST02588,Kiara Rao,2024-07-16,4,80621.21,169,20155.3,2,3,4,3.0,High Value
CUST02589,Ananya Mehta,2024-10-16,2,8991.23,77,4495.62,3,1,1,1.6666666666666667,Low Value
CUST02590,Ananya Patel,2024-12-18,4,21882.29,14,5470.57,4,3,2,3.0,High Value
CUST02591,Unknown,2024-10-11,3,17548.31,82,5849.44,3,2,2,2.3333333333333335,Medium Value
CUST02592,Riya Patel,2024-11-21,5,104548.25,41,20909.65,3,3,4,3.3333333333333335,High Value
CUST02593,Aadhya Menon,2023-11-02,5,148073.95,426,29614.79,1,3,4,2.6666666666666665,Medium Value
CUST02594,Sai Joshi,2024-10-06,4,20840.82,87,5210.2,2,3,2,2.3333333333333335,Medium Value
CUST02595,Ishaan Sharma,2024-12-13,3,40502.6,19,13500.87,4,2,3,3.0,High Value
CUST02596,Aditya Nair,2024-05-17,3,12910.75,229,4303.58,1,2,1,1.3333333333333333,Low Value
CUST02597,Ayaan Menon,2024-07-10,1,5871.76,175,5871.76,2,1,1,1.3333333333333333,Low Value
CUST02598,Kiara Reddy,2024-09-10,2,3805.49,113,1902.74,2,1,1,1.3333333333333333,Low Value
CUST02599,Ananya Reddy,2024-12-07,6,116261.98999999999,25,19377.0,4,4,4,4.0,High Value
CUST02600,Vihaan Bose,2024-09-02,7,99211.68,121,14173.1,2,4,4,3.3333333333333335,High Value
CUST02601,Unknown,2024-12-04,3,72624.78,28,24208.26,4,2,3,3.0,High Value
CUST02602,Diya Chopra,2024-08-05,6,230457.79,149,38409.63,2,4,4,3.3333333333333335,High Value
CUST02603,Riya Kumar,2024-12-02,7,64193.97,30,9170.57,4,4,3,3.6666666666666665,High Value
CUST02604,Aadhya Kapoor,2024-03-01,3,5307.45,306,1769.15,1,2,1,1.3333333333333333,Low Value
CUST02605,Saanvi Menon,2024-12-17,5,20840.670000000002,15,4168.13,4,3,2,3.0,High Value
CUST02606,Vihaan Chopra,2024-10-11,3,15173.029999999999,82,5057.68,3,2,2,2.3333333333333335,Medium Value
CUST02607,Anika Reddy,2024-08-23,4,46031.75,131,11507.94,2,3,3,2.6666666666666665,Medium Value
CUST02608,Aadhya Chopra,2024-12-11,2,30329.5,21,15164.75,4,1,2,2.3333333333333335,Medium Value
CUST02609,Krishna Das,2024-12-16,6,112660.86,16,18776.81,4,4,4,4.0,High Value
CUST02610,Navya Chopra,2024-04-06,6,14858.3,270,2476.38,1,4,2,2.3333333333333335,Medium Value
CUST02611,Kiara Pillai,2024-07-12,5,99164.48999999999,173,19832.9,2,3,4,3.0,High Value
CUST02612,Aarav Singh,2024-08-16,5,64043.590000000004,138,12808.72,2,3,3,2.6666666666666665,Medium Value
CUST02613,Aadhya Rao,2024-11-13,6,127197.3,49,21199.55,3,4,4,3.6666666666666665,High Value
CUST02614,Aditya Joshi,2024-12-18,3,35637.9,14,11879.3,4,2,3,3.0,High Value
CUST02615,Aditya Kapoor,2024-03-13,6,91266.75,294,15211.12,1,4,4,3.0,High Value
CUST02616,Aadhya Menon,2024-10-30,3,16303.85,63,5434.62,3,2,2,2.3333333333333335,Medium Value
CUST02617,Saanvi Malhotra,2024-07-01,5,15423.449999999999,184,3084.69,2,3,2,2.3333333333333335,Medium Value
CUST02618,Aadhya Pillai,2024-07-23,2,5072.86,162,2536.43,2,1,1,1.3333333333333333,Low Value
CUST02619,Sai Mehta,2024-11-19,6,137770.5,43,22961.75,3,4,4,3.6666666666666665,High Value
CUST02620,Kiara Menon,2023-04-11,1,2041.44,631,2041.44,1,1,1,1.0,Low Value
CUST02621,Sai Mehta,2024-11-23,3,2380.3599999999997,39,793.45,3,2,1,2.0,Medium Value
CUST02622,Reyansh Joshi,2024-09-17,2,7057.150000000001,106,3528.58,2,1,1,1.3333333333333333,Low Value
CUST02623,Navya Joshi,2024-09-08,7,149286.6,115,21326.66,2,4,4,3.3333333333333335,High Value
CUST02624,Krishna Mehta,2024-08-28,3,44271.53,126,14757.18,2,2,3,2.3333333333333335,Medium Value
CUST02625,Ishaan Reddy,2024-11-30,4,33654.97,32,8413.74,4,3,2,3.0,High Value
CUST02626,Myra Agarwal,2024-07-27,4,152149.96,158,38037.49,2,3,4,3.0,High Value
CUST02627,Sai Menon,2024-02-25,6,142269.06,311,23711.51,1,4,4,3.0,High Value
CUST02628,Aarav Sharma,2024-11-28,6,199678.59999999998,34,33279.77,3,4,4,3.6666666666666665,High Value
CUST02629,Diya Verma,2024-08-07,6,70798.85,147,11799.81,2,4,3,3.0,High Value
CUST02630,Vihaan Joshi,2024-07-21,4,39739.22,164,9934.8,2,3,3,2.6666666666666665,Medium Value
CUST02631,Vihaan Chopra,2024-06-01,6,19547.62,214,3257.94,1,4,2,2.3333333333333335,Medium Value
CUST02632,Vihaan Sharma,2024-12-01,3,5893.27,31,1964.42,4,2,1,2.3333333333333335,Medium Value
CUST02633,Reyansh Agarwal,2024-11-08,3,31854.1,54,10618.03,3,2,2,2.3333333333333335,Medium Value
CUST02634,Krishna Gupta,2024-12-18,7,150713.22,14,21530.46,4,4,4,4.0,High Value
CUST02635,Ayaan Pillai,2024-12-05,5,73502.32,27,14700.46,4,3,3,3.3333333333333335,High Value
CUST02636,Vihaan Agarwal,2024-11-26,4,33471.93,36,8367.98,3,3,2,2.6666666666666665,Medium Value
CUST02637,Isha Chopra,2024-11-18,6,38917.25000000001,44,6486.21,3,4,3,3.3333333333333335,High Value
CUST02638,Aadhya Agarwal,2024-12-02,5,67649.81,30,13529.96,4,3,3,3.3333333333333335,High Value
CUST02639,Myra Gupta,2024-09-30,5,147727.15999999997,93,29545.43,2,3,4,3.0,High Value
CUST02640,Kiara Singh,2024-05-30,5,18455.35,216,3691.07,1,3,2,2.0,Medium Value
CUST02641,Arjun Joshi,2024-07-16,3,10802.07,169,3600.69,2,2,1,1.6666666666666667,Low Value
CUST02642,Reyansh Kapoor,2024-11-11,8,158063.5,51,19757.94,3,4,4,3.6666666666666665,High Value
CUST02643,Aadhya Kapoor,2024-12-29,4,96178.61,3,24044.65,4,3,4,3.6666666666666665,High Value
CUST02644,Reyansh Iyer,2024-08-20,2,4167.56,134,2083.78,2,1,1,1.3333333333333333,Low Value
CUST02645,Vihaan Chopra,2024-11-26,6,22635.559999999998,36,3772.59,3,4,2,3.0,High Value
CUST02646,Vivaan Bose,2024-07-24,3,10062.650000000001,161,3354.22,2,2,1,1.6666666666666667,Low Value
CUST02647,Diya Singh,2024-11-15,2,13576.509999999998,47,6788.25,3,1,1,1.6666666666666667,Low Value
CUST02648,Navya Reddy,2024-11-03,2,1543.47,59,771.74,3,1,1,1.6666666666666667,Low Value
CUST02649,Aarav Das,2024-08-21,2,35354.01,133,17677.0,2,1,3,2.0,Medium Value
CUST02650,Sai Patel,2024-11-16,7,108738.12000000001,46,15534.02,3,4,4,3.6666666666666665,High Value
CUST02651,Diya Nair,2024-07-04,5,135261.15000000002,181,27052.23,2,3,4,3.0,High Value
CUST02652,Riya Kumar,2024-11-02,7,54249.64,60,7749.95,3,4,3,3.3333333333333335,High Value
CUST02653,Navya Kumar,2024-06-02,2,10055.529999999999,213,5027.76,1,1,1,1.0,Low Value
CUST02654,Ishaan Sharma,2024-09-09,4,21737.73,114,5434.43,2,3,2,2.3333333333333335,Medium Value
CUST02655,Ishaan Kumar,2024-12-11,3,57318.88,21,19106.29,4,2,3,3.0,High Value
CUST02656,Diya Reddy,2024-12-27,5,18980.69,5,3796.14,4,3,2,3.0,High Value
CUST02657,Krishna Bose,2023-01-11,1,6549.84,721,6549.84,1,1,1,1.0,Low Value
CUST02658,Aarav Chopra,2024-12-02,6,18995.73,30,3165.96,4,4,2,3.3333333333333335,High Value
CUST02659,Kiara Verma,2024-12-17,8,209511.8,15,26188.98,4,4,4,4.0,High Value
CUST02660,Isha Reddy,2024-07-18,4,10725.51,167,2681.38,2,3,1,2.0,Medium Value
CUST02661,Diya Agarwal,2024-12-29,6,176739.99000000002,3,29456.67,4,4,4,4.0,High Value
CUST02662,Aditya Reddy,2024-11-28,4,75770.33,34,18942.58,3,3,4,3.3333333333333335,High Value
CUST02663,Ananya Agarwal,2024-12-15,2,8621.349999999999,17,4310.67,4,1,1,2.0,Medium Value
CUST02664,Diya Patel,2024-09-10,2,3854.62,113,1927.31,2,1,1,1.3333333333333333,Low Value
CUST02665,Arjun Sharma,2023-02-13,1,3770.34,688,3770.34,1,1,1,1.0,Low Value
CUST02666,Diya Chopra,2023-02-05,1,3531.42,696,3531.42,1,1,1,1.0,Low Value
CUST02667,Vihaan Agarwal,2024-10-24,5,43005.44,69,8601.09,3,3,3,3.0,High Value
CUST02668,Vihaan Joshi,2024-12-24,6,64724.69,8,10787.45,4,4,3,3.6666666666666665,High Value
CUST02669,Vivaan Verma,2024-11-29,6,157637.87999999998,33,26272.98,4,4,4,4.0,High Value
CUST02670,Diya Patel,2024-09-22,7,76466.07,101,10923.72,2,4,4,3.3333333333333335,High Value
CUST02671,Ishaan Kapoor,2024-12-31,4,24376.98,1,6094.24,4,3,2,3.0,High Value
CUST02672,Aadhya Reddy,2023-12-22,2,3769.1299999999997,376,1884.56,1,1,1,1.0,Low Value
CUST02673,Riya Joshi,2024-12-25,8,81158.06,7,10144.76,4,4,4,4.0,High Value
CUST02674,Krishna Das,2024-10-02,4,34588.08,91,8647.02,2,3,2,2.3333333333333335,Medium Value
CUST02675,Arjun Kumar,2024-12-19,6,8428.55,13,1404.76,4,4,1,3.0,High Value
CUST02676,Ishaan Mehta,2024-08-13,2,42291.670000000006,141,21145.84,2,1,3,2.0,Medium Value
CUST02677,Reyansh Malhotra,2023-08-06,3,34675.39,514,11558.46,1,2,2,1.6666666666666667,Low Value
CUST02678,Reyansh Malhotra,2024-05-14,2,5347.389999999999,232,2673.7,1,1,1,1.0,Low Value
CUST02679,Aditya Pillai,2024-11-27,8,127929.37000000001,35,15991.17,3,4,4,3.6666666666666665,High Value
CUST02680,Ishaan Malhotra,2024-12-19,4,9986.77,13,2496.69,4,3,1,2.6666666666666665,Medium Value
CUST02681,Aditya Patel,2024-09-27,6,30820.64,96,5136.77,2,4,2,2.6666666666666665,Medium Value
CUST02682,Diya Malhotra,2024-08-14,4,175275.61000000002,140,43818.9,2,3,4,3.0,High Value
CUST02683,Sai Das,2024-11-16,6,73325.42,46,12220.9,3,4,3,3.3333333333333335,High Value
CUST02684,Riya Gupta,2024-08-20,11,149491.53,134,13590.14,2,4,4,3.3333333333333335,High Value
CUST02685,Ayaan Nair,2024-10-18,5,13209.87,75,2641.97,3,3,1,2.3333333333333335,Medium Value
CUST02686,Isha Malhotra,2023-09-18,4,8290.03,471,2072.51,1,3,1,1.6666666666666667,Low Value
CUST02687,Vihaan Pillai,2024-08-24,5,63955.92,130,12791.18,2,3,3,2.6666666666666665,Medium Value
CUST02688,Aditya Das,2024-12-08,7,48771.030000000006,24,6967.29,4,4,3,3.6666666666666665,High Value
CUST02689,Ayaan Kapoor,2024-11-22,4,34869.34,40,8717.33,3,3,2,2.6666666666666665,Medium Value
CUST02690,Saanvi Gupta,2024-12-12,6,30446.550000000003,20,5074.42,4,4,2,3.3333333333333335,High Value
CUST02691,Myra Iyer,2024-12-08,5,51070.74,24,10214.15,4,3,3,3.3333333333333335,High Value
CUST02692,Aadhya Das,2023-12-08,2,7391.66,390,3695.83,1,1,1,1.0,Low Value
CUST02693,Reyansh Malhotra,2024-12-03,2,24087.2,29,12043.6,4,1,2,2.3333333333333335,Medium Value
CUST02694,Reyansh Patel,2024-04-24,3,124440.81,252,41480.27,1,2,4,2.3333333333333335,Medium Value
CUST02695,Vivaan Iyer,2024-12-09,5,134285.93,23,26857.19,4,3,4,3.6666666666666665,High Value
CUST02696,Anika Kumar,2023-06-03,1,10430.6,578,10430.6,1,1,1,1.0,Low Value
CUST02697,Diya Sharma,2024-12-19,4,65050.05,13,16262.51,4,3,3,3.3333333333333335,High Value
CUST02698,Ishaan Chopra,2024-12-20,3,37259.66,12,12419.89,4,2,3,3.0,High Value
CUST02699,Myra Rao,2024-12-18,7,50181.42,14,7168.77,4,4,3,3.6666666666666665,High Value
CUST02700,Ayaan Joshi,2023-12-01,3,87262.15999999999,397,29087.39,1,2,4,2.3333333333333335,Medium Value
CUST02701,Navya Bose,2024-11-06,8,32349.65,56,4043.71,3,4,2,3.0,High Value
CUST02702,Anika Rao,2024-12-12,5,51775.85,20,10355.17,4,3,3,3.3333333333333335,High Value
CUST02703,Myra Rao,2024-03-27,4,70259.36,280,17564.84,1,3,3,2.3333333333333335,Medium Value
CUST02704,Krishna Singh,2024-09-20,9,121648.20999999999,103,13516.47,2,4,4,3.3333333333333335,High Value
CUST02705,Ananya Patel,2024-12-28,5,97735.95,4,19547.19,4,3,4,3.6666666666666665,High Value
CUST02706,Kiara Kumar,2023-09-23,2,15654.36,466,7827.18,1,1,2,1.3333333333333333,Low Value
CUST02707,Ananya Agarwal,2024-12-30,5,23990.85,2,4798.17,4,3,2,3.0,High Value
CUST02708,Saanvi Chopra,2024-12-23,8,57657.96,9,7207.24,4,4,3,3.6666666666666665,High Value
CUST02709,Aadhya Agarwal,2024-08-07,7,52071.100000000006,147,7438.73,2,4,3,3.0,High Value
CUST02710,Riya Malhotra,2024-09-22,3,5199.07,101,1733.02,2,2,1,1.6666666666666667,Low Value
CUST02711,Krishna Nair,2024-12-19,8,40099.979999999996,13,5012.5,4,4,3,3.6666666666666665,High Value
CUST02712,Isha Sharma,2024-04-13,8,89740.25,263,11217.53,1,4,4,3.0,High Value
CUST02713,Vihaan Rao,2023-11-23,4,19955.7,405,4988.92,1,3,2,2.0,Medium Value
CUST02714,Vivaan Kapoor,2024-12-27,4,8916.470000000001,5,2229.12,4,3,1,2.6666666666666665,Medium Value
CUST02715,Aditya Nair,2024-04-05,5,31992.530000000002,271,6398.51,1,3,2,2.0,Medium Value
CUST02716,Sai Kapoor,2024-11-23,8,340314.16000000003,39,42539.27,3,4,4,3.6666666666666665,High Value
CUST02717,Myra Reddy,2024-01-21,2,3001.26,346,1500.63,1,1,1,1.0,Low Value
CUST02718,Saanvi Das,2024-12-20,7,52001.9,12,7428.84,4,4,3,3.6666666666666665,High Value
CUST02719,Arjun Menon,2024-11-15,3,8561.17,47,2853.72,3,2,1,2.0,Medium Value
CUST02720,Navya Malhotra,2024-10-09,6,39497.2,84,6582.87,2,4,3,3.0,High Value
CUST02721,Navya Verma,2024-11-08,8,61949.240000000005,54,7743.66,3,4,3,3.3333333333333335,High Value
CUST02722,Ishaan Das,2024-10-14,4,12702.1,79,3175.52,3,3,1,2.3333333333333335,Medium Value
CUST02723,Navya Malhotra,2024-10-02,1,712.76,91,712.76,2,1,1,1.3333333333333333,Low Value
CUST02724,Diya Malhotra,2024-12-17,5,56184.83,15,11236.97,4,3,3,3.3333333333333335,High Value
CUST02725,Saanvi Agarwal,2024-10-16,6,19350.11,77,3225.02,3,4,2,3.0,High Value
CUST02726,Kiara Chopra,2024-10-22,5,24243.079999999998,71,4848.62,3,3,2,2.6666666666666665,Medium Value
CUST02727,Riya Gupta,2024-09-07,2,23435.73,116,11717.86,2,1,2,1.6666666666666667,Low Value
CUST02728,Reyansh Rao,2024-08-19,4,223040.84,135,55760.21,2,3,4,3.0,High Value
CUST02729,Aadhya Das,2023-01-25,1,55212.54,707,55212.54,1,1,3,1.6666666666666667,Low Value
CUST02730,Diya Iyer,2024-05-23,5,43718.43,223,8743.69,1,3,3,2.3333333333333335,Medium Value
CUST02731,Aarav Pillai,2024-02-15,3,32486.64,321,10828.88,1,2,2,1.6666666666666667,Low Value
CUST02732,Ananya Pillai,2024-09-06,3,18844.47,117,6281.49,2,2,2,2.0,Medium Value
CUST02733,Navya Bose,2024-09-23,5,129263.86,100,25852.77,2,3,4,3.0,High Value
CUST02734,Aarav Pillai,2023-05-15,2,32014.76,597,16007.38,1,1,2,1.3333333333333333,Low Value
CUST02735,Isha Joshi,2024-11-18,7,38490.17,44,5498.6,3,4,3,3.3333333333333335,High Value
CUST02736,Arjun Gupta,2024-12-15,10,52574.189999999995,17,5257.42,4,4,3,3.6666666666666665,High Value
CUST02737,Vivaan Gupta,2024-12-26,4,45119.71,6,11279.93,4,3,3,3.3333333333333335,High Value
CUST02738,Ayaan Kapoor,2024-09-05,4,68967.52,118,17241.88,2,3,3,2.6666666666666665,Medium Value
CUST02739,Sai Das,2023-12-21,3,38076.75000000001,377,12692.25,1,2,3,2.0,Medium Value
CUST02740,Myra Kapoor,2024-12-09,5,132887.74,23,26577.55,4,3,4,3.6666666666666665,High Value
CUST02741,Aditya Das,2024-11-30,4,20936.6,32,5234.15,4,3,2,3.0,High Value
CUST02742,Aadhya Nair,2024-11-10,4,57122.79,52,14280.7,3,3,3,3.0,High Value
CUST02743,Diya Nair,2024-11-27,4,67151.52,35,16787.88,3,3,3,3.0,High Value
CUST02744,Krishna Sharma,2024-04-06,3,26702.95,270,8900.98,1,2,2,1.6666666666666667,Low Value
CUST02745,Sai Pillai,2024-11-24,5,63533.450000000004,38,12706.69,3,3,3,3.0,High Value
CUST02746,Ananya Chopra,2024-09-09,5,31168.06,114,6233.61,2,3,2,2.3333333333333335,Medium Value
CUST02747,Saanvi Chopra,2024-08-25,1,139.23,129,139.23,2,1,1,1.3333333333333333,Low Value
CUST02748,Navya Malhotra,2024-01-21,1,541.11,346,541.11,1,1,1,1.0,Low Value
CUST02749,Aarav Reddy,2024-06-05,3,14361.85,210,4787.28,2,2,1,1.6666666666666667,Low Value
CUST02750,Saanvi Bose,2024-02-03,1,295.5,333,295.5,1,1,1,1.0,Low Value
CUST02751,Navya Pillai,2024-12-29,6,111221.01999999999,3,18536.84,4,4,4,4.0,High Value
CUST02752,Kiara Nair,2024-11-16,4,15342.11,46,3835.53,3,3,2,2.6666666666666665,Medium Value
CUST02753,Riya Mehta,2024-09-17,8,60659.56,106,7582.44,2,4,3,3.0,High Value
CUST02754,Reyansh Agarwal,2024-10-01,9,49434.8,92,5492.76,2,4,3,3.0,High Value
CUST02755,Myra Menon,2023-12-17,3,108791.7,381,36263.9,1,2,4,2.3333333333333335,Medium Value
CUST02756,Sai Iyer,2024-05-29,3,51611.630000000005,217,17203.88,1,2,3,2.0,Medium Value
CUST02757,Saanvi Nair,2024-07-25,5,59652.19,160,11930.44,2,3,3,2.6666666666666665,Medium Value
CUST02758,Myra Das,2024-12-13,4,151322.12,19,37830.53,4,3,4,3.6666666666666665,High Value
CUST02759,Saanvi Joshi,2024-12-23,5,95009.06,9,19001.81,4,3,4,3.6666666666666665,High Value
CUST02760,Isha Kumar,2024-10-15,5,55945.81,78,11189.16,3,3,3,3.0,High Value
CUST02761,Anika Iyer,2024-10-29,5,38282.08,64,7656.42,3,3,3,3.0,High Value
CUST02762,Vivaan Agarwal,2023-12-11,1,5050.19,387,5050.19,1,1,1,1.0,Low Value
CUST02763,Krishna Patel,2024-12-01,6,62687.13,31,10447.86,4,4,3,3.6666666666666665,High Value
CUST02764,Ananya Patel,2024-06-28,11,252337.62000000002,187,22939.78,2,4,4,3.3333333333333335,High Value
CUST02765,Sai Das,2024-07-06,5,11486.23,179,2297.25,2,3,1,2.0,Medium Value
CUST02766,Ananya Rao,2024-02-19,4,16938.760000000002,317,4234.69,1,3,2,2.0,Medium Value
CUST02767,Vivaan Nair,2024-10-20,4,7733.18,73,1933.3,3,3,1,2.3333333333333335,Medium Value
CUST02768,Aditya Gupta,2024-12-19,3,43680.93,13,14560.31,4,2,3,3.0,High Value
CUST02769,Aarav Pillai,2024-10-13,3,5774.63,80,1924.88,3,2,1,2.0,Medium Value
CUST02770,Navya Joshi,2024-12-18,4,61474.65,14,15368.66,4,3,3,3.3333333333333335,High Value
CUST02771,Isha Das,2024-11-30,5,111608.44,32,22321.69,4,3,4,3.6666666666666665,High Value
CUST02772,Aditya Sharma,2024-04-03,4,33014.29,273,8253.57,1,3,2,2.0,Medium Value
CUST02773,Vihaan Das,2023-11-21,5,20852.690000000002,407,4170.54,1,3,2,2.0,Medium Value
CUST02774,Anika Chopra,2024-12-22,6,35256.27,10,5876.04,4,4,3,3.6666666666666665,High Value
CUST02775,Vivaan Kapoor,2024-12-20,6,28435.870000000003,12,4739.31,4,4,2,3.3333333333333335,High Value
CUST02776,Vivaan Pillai,2023-08-18,3,63291.85,502,21097.28,1,2,3,2.0,Medium Value
CUST02777,Riya Kapoor,2024-12-06,5,173786.08,26,34757.22,4,3,4,3.6666666666666665,High Value
CUST02778,Riya Iyer,2024-09-03,2,19636.65,120,9818.33,2,1,2,1.6666666666666667,Low Value
CUST02779,Aarav Mehta,2024-11-18,4,57590.67,44,14397.67,3,3,3,3.0,High Value
CUST02780,Riya Sharma,2023-10-26,2,12425.92,433,6212.96,1,1,1,1.0,Low Value
CUST02781,Vivaan Kapoor,2024-10-29,4,24932.5,64,6233.12,3,3,2,2.6666666666666665,Medium Value
CUST02782,Diya Nair,2024-11-25,10,48844.09,37,4884.41,3,4,3,3.3333333333333335,High Value
CUST02783,Navya Verma,2024-11-03,3,6674.1900000000005,59,2224.73,3,2,1,2.0,Medium Value
CUST02784,Saanvi Patel,2024-10-09,2,10704.07,84,5352.04,2,1,1,1.3333333333333333,Low Value
CUST02785,Sai Iyer,2024-01-30,3,17176.57,337,5725.52,1,2,2,1.6666666666666667,Low Value
CUST02786,Myra Chopra,2024-01-20,4,19878.63,347,4969.66,1,3,2,2.0,Medium Value
CUST02787,Reyansh Mehta,2023-05-29,2,2150.84,583,1075.42,1,1,1,1.0,Low Value
CUST02788,Ishaan Menon,2024-08-21,3,19207.93,133,6402.64,2,2,2,2.0,Medium Value
CUST02789,Navya Menon,2024-12-14,8,110688.11000000002,18,13836.01,4,4,4,4.0,High Value
CUST02790,Krishna Malhotra,2023-06-05,4,79151.47,576,19787.87,1,3,4,2.6666666666666665,Medium Value
CUST02791,Vihaan Nair,2024-10-08,8,135345.06,85,16918.13,2,4,4,3.3333333333333335,High Value
CUST02792,Krishna Das,2024-07-30,13,218846.02,155,16834.31,2,4,4,3.3333333333333335,High Value
CUST02793,Krishna Singh,2024-06-25,3,28919.96,190,9639.99,2,2,2,2.0,Medium Value
CUST02795,Kiara Gupta,2024-01-11,2,36776.19,356,18388.1,1,1,3,1.6666666666666667,Low Value
CUST02796,Unknown,2024-05-19,4,301602.17000000004,227,75400.54,1,3,4,2.6666666666666665,Medium Value
CUST02797,Arjun Menon,2024-12-29,5,66542.03,3,13308.41,4,3,3,3.3333333333333335,High Value
CUST02798,Kiara Agarwal,2024-12-21,8,130891.27,11,16361.41,4,4,4,4.0,High Value
CUST02799,Kiara Verma,2023-11-22,2,133367.84,406,66683.92,1,1,4,2.0,Medium Value
CUST02800,Saanvi Singh,2024-10-22,2,6398.9,71,3199.45,3,1,1,1.6666666666666667,Low Value
CUST02801,Ishaan Das,2024-10-08,4,21399.160000000003,85,5349.79,2,3,2,2.3333333333333335,Medium Value
CUST02802,Ishaan Iyer,2024-09-25,3,18951.97,98,6317.32,2,2,2,2.0,Medium Value
CUST02803,Ayaan Gupta,2024-11-17,6,53018.899999999994,45,8836.48,3,4,3,3.3333333333333335,High Value
CUST02804,Myra Rao,2024-11-22,5,29172.020000000004,40,5834.4,3,3,2,2.6666666666666665,Medium Value
CUST02805,Krishna Chopra,2024-12-21,4,135168.52,11,33792.13,4,3,4,3.6666666666666665,High Value
CUST02806,Aditya Kumar,2024-07-07,4,34982.68,178,8745.67,2,3,3,2.6666666666666665,Medium Value
CUST02807,Ishaan Das,2024-08-23,6,51534.65,131,8589.11,2,4,3,3.0,High Value
CUST02808,Vihaan Das,2024-04-25,2,6798.84,251,3399.42,1,1,1,1.0,Low Value
CUST02809,Diya Kumar,2024-12-29,5,40194.240000000005,3,8038.85,4,3,3,3.3333333333333335,High Value
CUST02810,Ishaan Iyer,2024-12-17,8,263948.37,15,32993.55,4,4,4,4.0,High Value
CUST02811,Isha Reddy,2024-11-07,5,197308.97,55,39461.79,3,3,4,3.3333333333333335,High Value
CUST02812,Vivaan Reddy,2024-10-05,2,5682.27,88,2841.14,2,1,1,1.3333333333333333,Low Value
CUST02813,Ayaan Reddy,2024-10-23,6,14323.67,70,2387.28,3,4,1,2.6666666666666665,Medium Value
CUST02814,Aadhya Pillai,2024-11-06,5,58672.78,56,11734.56,3,3,3,3.0,High Value
CUST02815,Arjun Agarwal,2024-04-30,4,9704.09,246,2426.02,1,3,1,1.6666666666666667,Low Value
CUST02816,Isha Bose,2024-02-21,3,11817.32,315,3939.11,1,2,1,1.3333333333333333,Low Value
CUST02817,Anika Das,2024-09-23,7,67465.26000000001,100,9637.89,2,4,3,3.0,High Value
CUST02818,Vivaan Das,2024-11-11,5,14147.5,51,2829.5,3,3,1,2.3333333333333335,Medium Value
CUST02819,Reyansh Mehta,2024-12-26,5,7206.12,6,1441.22,4,3,1,2.6666666666666665,Medium Value
CUST02820,Sai Gupta,2024-11-11,4,57591.67999999999,51,14397.92,3,3,3,3.0,High Value
CUST02822,Ananya Menon,2024-12-14,6,21848.28,18,3641.38,4,4,2,3.3333333333333335,High Value
CUST02823,Arjun Pillai,2024-10-13,6,64842.63,80,10807.1,3,4,3,3.3333333333333335,High Value
CUST02824,Riya Malhotra,2024-12-09,4,24811.440000000002,23,6202.86,4,3,2,3.0,High Value
CUST02825,Myra Iyer,2024-10-18,6,11953.93,75,1992.32,3,4,1,2.6666666666666665,Medium Value
CUST02826,Vihaan Malhotra,2024-09-01,3,14696.11,122,4898.7,2,2,1,1.6666666666666667,Low Value
CUST02827,Diya Gupta,2024-12-18,5,21868.510000000002,14,4373.7,4,3,2,3.0,High Value
CUST02828,Aadhya Joshi,2024-10-17,2,65785.13,76,32892.56,3,1,3,2.3333333333333335,Medium Value
CUST02829,Riya Patel,2024-12-10,7,93994.93,22,13427.85,4,4,4,4.0,High Value
CUST02830,Vihaan Reddy,2024-11-02,5,43348.729999999996,60,8669.75,3,3,3,3.0,High Value
CUST02831,Riya Joshi,2024-09-09,4,191162.25,114,47790.56,2,3,4,3.0,High Value
CUST02832,Myra Malhotra,2024-08-12,2,36668.77,142,18334.38,2,1,3,2.0,Medium Value
CUST02833,Ayaan Pillai,2024-11-10,5,46538.020000000004,52,9307.6,3,3,3,3.0,High Value
CUST02834,Ayaan Agarwal,2024-12-12,3,20881.11,20,6960.37,4,2,2,2.6666666666666665,Medium Value
CUST02835,Myra Menon,2024-10-19,3,22062.42,74,7354.14,3,2,2,2.3333333333333335,Medium Value
CUST02836,Riya Mehta,2024-07-08,3,8011.78,177,2670.59,2,2,1,1.6666666666666667,Low Value
CUST02837,Anika Das,2024-10-29,7,187169.97,64,26738.57,3,4,4,3.6666666666666665,High Value
CUST02838,Saanvi Reddy,2024-11-07,7,19182.95,55,2740.42,3,4,2,3.0,High Value
CUST02839,Ishaan Verma,2024-06-15,4,39980.990000000005,200,9995.25,2,3,3,2.6666666666666665,Medium Value
CUST02840,Vihaan Patel,2024-12-16,6,75310.81,16,12551.8,4,4,4,4.0,High Value
CUST02841,Navya Patel,2024-12-20,8,32352.710000000003,12,4044.09,4,4,2,3.3333333333333335,High Value
CUST02842,Unknown,2024-11-04,5,8063.99,58,1612.8,3,3,1,2.3333333333333335,Medium Value
CUST02843,Ananya Pillai,2024-07-30,4,20859.72,155,5214.93,2,3,2,2.3333333333333335,Medium Value
CUST02844,Vivaan Gupta,2024-12-28,6,50471.25,4,8411.88,4,4,3,3.6666666666666665,High Value
CUST02845,Ananya Patel,2023-11-08,3,23025.58,420,7675.19,1,2,2,1.6666666666666667,Low Value
CUST02846,Aadhya Pillai,2023-10-28,1,571.94,431,571.94,1,1,1,1.0,Low Value
CUST02847,Myra Reddy,2024-05-22,4,22475.94,224,5618.98,1,3,2,2.0,Medium Value
CUST02848,Ayaan Pillai,2024-12-31,3,46239.73,1,15413.24,4,2,3,3.0,High Value
CUST02849,Isha Kapoor,2024-12-25,5,95505.97,7,19101.19,4,3,4,3.6666666666666665,High Value
CUST02850,Reyansh Iyer,2023-11-23,3,28617.07,405,9539.02,1,2,2,1.6666666666666667,Low Value
CUST02851,Saanvi Sharma,2024-08-14,4,166629.55,140,41657.39,2,3,4,3.0,High Value
CUST02852,Ayaan Singh,2024-11-05,5,208421.82,57,41684.36,3,3,4,3.3333333333333335,High Value
CUST02853,Aditya Gupta,2024-11-08,4,15359.210000000001,54,3839.8,3,3,2,2.6666666666666665,Medium Value
CUST02854,Saanvi Nair,2023-10-21,1,297.38,438,297.38,1,1,1,1.0,Low Value
CUST02855,Reyansh Sharma,2024-01-06,5,58205.01,361,11641.0,1,3,3,2.3333333333333335,Medium Value
CUST02856,Myra Patel,2024-12-07,6,28098.129999999997,25,4683.02,4,4,2,3.3333333333333335,High Value
CUST02857,Reyansh Bose,2024-12-04,4,9933.630000000001,28,2483.41,4,3,1,2.6666666666666665,Medium Value
CUST02858,Krishna Chopra,2024-11-05,7,36984.94,57,5283.56,3,4,3,3.3333333333333335,High Value
CUST02859,Ishaan Sharma,2024-05-07,3,12505.72,239,4168.57,1,2,1,1.3333333333333333,Low Value
CUST02860,Navya Singh,2024-11-29,5,7781.09,33,1556.22,4,3,1,2.6666666666666665,Medium Value
CUST02861,Arjun Iyer,2023-08-13,1,739.76,507,739.76,1,1,1,1.0,Low Value
CUST02862,Anika Gupta,2024-09-26,4,54362.27,97,13590.57,2,3,3,2.6666666666666665,Medium Value
CUST02863,Myra Kumar,2024-09-04,8,275805.82,119,34475.73,2,4,4,3.3333333333333335,High Value
CUST02864,Myra Gupta,2024-12-22,11,234863.74000000002,10,21351.25,4,4,4,4.0,High Value
CUST02865,Isha Malhotra,2024-10-02,5,95924.65,91,19184.93,2,3,4,3.0,High Value
CUST02866,Aditya Menon,2024-09-07,8,195919.41,116,24489.93,2,4,4,3.3333333333333335,High Value
CUST02867,Aadhya Kapoor,2024-12-31,5,85744.72,1,17148.94,4,3,4,3.6666666666666665,High Value
CUST02868,Anika Menon,2024-10-08,1,4658.38,85,4658.38,2,1,1,1.3333333333333333,Low Value
CUST02869,Navya Agarwal,2024-12-17,2,27164.79,15,13582.4,4,1,2,2.3333333333333335,Medium Value
CUST02870,Aadhya Agarwal,2024-05-08,3,15369.84,238,5123.28,1,2,2,1.6666666666666667,Low Value
CUST02871,Kiara Malhotra,2024-07-27,5,36084.36,158,7216.87,2,3,3,2.6666666666666665,Medium Value
CUST02872,Sai Malhotra,2024-09-11,3,36117.64,112,12039.21,2,2,3,2.3333333333333335,Medium Value
CUST02873,Navya Singh,2024-08-04,7,39542.17,150,5648.88,2,4,3,3.0,High Value
CUST02874,Ayaan Malhotra,2024-10-02,8,52265.36,91,6533.17,2,4,3,3.0,High Value
CUST02875,Aditya Malhotra,2024-06-23,4,65751.13,192,16437.78,2,3,3,2.6666666666666665,Medium Value
CUST02876,Saanvi Iyer,2024-03-03,4,24289.52,304,6072.38,1,3,2,2.0,Medium Value
CUST02877,Vivaan Nair,2024-05-17,2,62711.899999999994,229,31355.95,1,1,3,1.6666666666666667,Low Value
CUST02878,Isha Joshi,2024-09-23,7,28030.96,100,4004.42,2,4,2,2.6666666666666665,Medium Value
CUST02879,Saanvi Sharma,2024-05-24,1,34614.99,222,34614.99,1,1,2,1.3333333333333333,Low Value
CUST02880,Vivaan Malhotra,2024-07-30,1,3254.67,155,3254.67,2,1,1,1.3333333333333333,Low Value
CUST02881,Diya Rao,2024-11-08,3,18893.03,54,6297.68,3,2,2,2.3333333333333335,Medium Value
CUST02882,Vivaan Agarwal,2024-08-26,10,66204.62999999999,128,6620.46,2,4,3,3.0,High Value
CUST02883,Reyansh Patel,2024-10-27,6,118443.64,66,19740.61,3,4,4,3.6666666666666665,High Value
CUST02884,Aadhya Nair,2024-01-13,5,59562.42,354,11912.48,1,3,3,2.3333333333333335,Medium Value
CUST02885,Vivaan Joshi,2024-06-01,2,9710.54,214,4855.27,1,1,1,1.0,Low Value
CUST02886,Arjun Rao,2024-12-14,5,26765.79,18,5353.16,4,3,2,3.0,High Value
CUST02887,Isha Gupta,2024-10-26,4,38132.4,67,9533.1,3,3,3,3.0,High Value
CUST02888,Arjun Kapoor,2024-07-19,5,7236.09,166,1447.22,2,3,1,2.0,Medium Value
CUST02889,Navya Joshi,2024-11-08,4,15930.889999999998,54,3982.72,3,3,2,2.6666666666666665,Medium Value
CUST02890,Ananya Joshi,2023-11-27,1,8255.19,401,8255.19,1,1,1,1.0,Low Value
CUST02891,Myra Verma,2024-08-07,2,32041.38,147,16020.69,2,1,2,1.6666666666666667,Low Value
CUST02892,Vihaan Reddy,2024-11-09,2,16783.37,53,8391.68,3,1,2,2.0,Medium Value
CUST02893,Vivaan Patel,2024-08-27,3,12937.54,127,4312.51,2,2,1,1.6666666666666667,Low Value
CUST02894,Anika Reddy,2023-04-18,1,98828.85,624,98828.85,1,1,4,2.0,Medium Value
CUST02895,Arjun Kumar,2024-10-29,9,89375.5,64,9930.61,3,4,4,3.6666666666666665,High Value
CUST02896,Isha Kapoor,2024-11-27,6,152306.1,35,25384.35,3,4,4,3.6666666666666665,High Value
CUST02897,Riya Iyer,2024-09-18,4,3400.79,105,850.2,2,3,1,2.0,Medium Value
CUST02898,Arjun Nair,2023-10-03,4,8813.779999999999,456,2203.44,1,3,1,1.6666666666666667,Low Value
CUST02899,Krishna Kumar,2024-12-14,5,35320.72,18,7064.14,4,3,3,3.3333333333333335,High Value
CUST02900,Ishaan Verma,2023-12-19,2,8304.47,379,4152.23,1,1,1,1.0,Low Value
CUST02901,Krishna Chopra,2024-12-17,3,85495.85,15,28498.62,4,2,4,3.3333333333333335,High Value
CUST02902,Vihaan Verma,2024-08-26,4,89176.78,128,22294.2,2,3,4,3.0,High Value
CUST02903,Sai Rao,2024-12-31,7,24120.53,1,3445.79,4,4,2,3.3333333333333335,High Value
CUST02904,Aarav Agarwal,2024-11-10,3,107922.28,52,35974.09,3,2,4,3.0,High Value
CUST02905,Reyansh Sharma,2024-10-18,2,2625.1800000000003,75,1312.59,3,1,1,1.6666666666666667,Low Value
CUST02906,Aarav Sharma,2024-10-13,4,238924.13,80,59731.03,3,3,4,3.3333333333333335,High Value
CUST02907,Vihaan Singh,2024-05-10,4,4654.32,236,1163.58,1,3,1,1.6666666666666667,Low Value
CUST02908,Navya Chopra,2024-11-28,9,121602.95000000001,34,13511.44,3,4,4,3.6666666666666665,High Value
CUST02909,Aarav Mehta,2024-11-20,5,8863.08,42,1772.62,3,3,1,2.3333333333333335,Medium Value
CUST02910,Krishna Singh,2024-12-01,7,171781.66999999998,31,24540.24,4,4,4,4.0,High Value
CUST02911,Sai Kapoor,2024-09-20,4,9458.54,103,2364.64,2,3,1,2.0,Medium Value
CUST02912,Vivaan Agarwal,2024-06-03,3,30118.42,212,10039.47,1,2,2,1.6666666666666667,Low Value
CUST02913,Ishaan Joshi,2024-12-28,5,74956.67,4,14991.33,4,3,4,3.6666666666666665,High Value
CUST02914,Saanvi Agarwal,2024-12-07,7,112066.61,25,16009.52,4,4,4,4.0,High Value
CUST02915,Saanvi Joshi,2024-11-08,4,20489.78,54,5122.44,3,3,2,2.6666666666666665,Medium Value
CUST02916,Arjun Chopra,2024-12-11,5,114800.56,21,22960.11,4,3,4,3.6666666666666665,High Value
CUST02917,Reyansh Mehta,2024-11-12,5,128782.21,50,25756.44,3,3,4,3.3333333333333335,High Value
CUST02919,Navya Pillai,2023-03-25,1,21268.47,648,21268.47,1,1,2,1.3333333333333333,Low Value
CUST02920,Vivaan Singh,2023-06-15,1,674.89,566,674.89,1,1,1,1.0,Low Value
CUST02921,Aditya Reddy,2023-08-02,2,42886.69,518,21443.34,1,1,3,1.6666666666666667,Low Value
CUST02922,Navya Mehta,2024-10-02,3,37248.08,91,12416.03,2,2,3,2.3333333333333335,Medium Value
CUST02923,Reyansh Nair,2024-12-08,7,137515.4,24,19645.06,4,4,4,4.0,High Value
CUST02924,Sai Sharma,2024-10-02,3,156737.94,91,52245.98,2,2,4,2.6666666666666665,Medium Value
CUST02925,Vihaan Rao,2024-02-02,1,42119.71,334,42119.71,1,1,3,1.6666666666666667,Low Value
CUST02926,Anika Menon,2024-11-29,3,113452.99,33,37817.66,4,2,4,3.3333333333333335,High Value
CUST02927,Navya Chopra,2023-10-03,3,128676.12,456,42892.04,1,2,4,2.3333333333333335,Medium Value
CUST02928,Aadhya Iyer,2024-12-29,5,46949.28,3,9389.86,4,3,3,3.3333333333333335,High Value
CUST02929,Kiara Bose,2024-10-23,5,141055.21,70,28211.04,3,3,4,3.3333333333333335,High Value
CUST02930,Ishaan Pillai,2024-11-24,4,19172.83,38,4793.21,3,3,2,2.6666666666666665,Medium Value
CUST02931,Riya Patel,2024-12-28,4,11688.67,4,2922.17,4,3,1,2.6666666666666665,Medium Value
CUST02933,Ayaan Sharma,2024-05-27,3,58905.369999999995,219,19635.12,1,2,3,2.0,Medium Value
CUST02934,Anika Joshi,2024-11-22,4,29561.519999999997,40,7390.38,3,3,2,2.6666666666666665,Medium Value
CUST02935,Kiara Reddy,2024-11-07,7,108119.16,55,15445.59,3,4,4,3.6666666666666665,High Value
CUST02936,Riya Gupta,2024-12-23,3,14536.82,9,4845.61,4,2,1,2.3333333333333335,Medium Value
CUST02937,Ananya Menon,2024-12-11,5,16142.699999999999,21,3228.54,4,3,2,3.0,High Value
CUST02938,Riya Iyer,2024-01-18,3,44990.259999999995,349,14996.75,1,2,3,2.0,Medium Value
CUST02939,Ishaan Verma,2024-02-24,3,22519.47,312,7506.49,1,2,2,1.6666666666666667,Low Value
CUST02940,Aarav Kapoor,2024-11-08,4,98709.38,54,24677.34,3,3,4,3.3333333333333335,High Value
CUST02941,Navya Joshi,2023-03-29,1,2629.98,644,2629.98,1,1,1,1.0,Low Value
CUST02942,Sai Rao,2024-09-20,6,35735.69,103,5955.95,2,4,3,3.0,High Value
CUST02943,Kiara Rao,2024-03-03,4,20651.48,304,5162.87,1,3,2,2.0,Medium Value
CUST02944,Aditya Pillai,2024-08-16,4,199410.33000000002,138,49852.58,2,3,4,3.0,High Value
CUST02945,Diya Verma,2024-10-06,4,20399.71,87,5099.93,2,3,2,2.3333333333333335,Medium Value
CUST02946,Aditya Agarwal,2023-11-26,2,45810.149999999994,402,22905.07,1,1,3,1.6666666666666667,Low Value
CUST02947,Aarav Menon,2024-11-07,2,8643.94,55,4321.97,3,1,1,1.6666666666666667,Low Value
CUST02948,Sai Kumar,2024-03-09,1,1226.74,298,1226.74,1,1,1,1.0,Low Value
CUST02949,Aarav Pillai,2023-06-12,3,19452.57,569,6484.19,1,2,2,1.6666666666666667,Low Value
CUST02950,Aarav Kapoor,2024-10-22,4,33163.66,71,8290.92,3,3,2,2.6666666666666665,Medium Value
CUST02951,Diya Nair,2024-11-11,9,67356.35,51,7484.04,3,4,3,3.3333333333333335,High Value
CUST02952,Myra Sharma,2024-10-16,10,69198.81999999999,77,6919.88,3,4,3,3.3333333333333335,High Value
CUST02953,Vihaan Mehta,2024-10-02,5,162853.74,91,32570.75,2,3,4,3.0,High Value
CUST02954,Ananya Joshi,2024-04-02,7,81398.42000000001,274,11628.35,1,4,4,3.0,High Value
CUST02955,Reyansh Bose,2024-11-28,3,59911.49,34,19970.5,3,2,3,2.6666666666666665,Medium Value
CUST02956,Reyansh Bose,2024-12-11,4,18304.02,21,4576.0,4,3,2,3.0,High Value
CUST02957,Kiara Verma,2023-12-25,3,46137.100000000006,373,15379.03,1,2,3,2.0,Medium Value
CUST02958,Aadhya Das,2024-11-23,4,15402.02,39,3850.5,3,3,2,2.6666666666666665,Medium Value
CUST02959,Vihaan Rao,2024-10-30,5,126028.49,63,25205.7,3,3,4,3.3333333333333335,High Value
CUST02960,Aadhya Kapoor,2024-12-03,4,16716.61,29,4179.15,4,3,2,3.0,High Value
CUST02961,Reyansh Pillai,2024-10-24,3,25890.84,69,8630.28,3,2,2,2.3333333333333335,Medium Value
CUST02962,Vivaan Mehta,2023-11-09,3,7314.42,419,2438.14,1,2,1,1.3333333333333333,Low Value
CUST02963,Navya Joshi,2024-08-07,2,17964.02,147,8982.01,2,1,2,1.6666666666666667,Low Value
CUST02964,Arjun Bose,2024-11-03,3,19822.6,59,6607.53,3,2,2,2.3333333333333335,Medium Value
CUST02965,Sai Iyer,2024-06-17,3,25099.289999999997,198,8366.43,2,2,2,2.0,Medium Value
CUST02966,Isha Sharma,2024-12-20,5,28834.51,12,5766.9,4,3,2,3.0,High Value
CUST02967,Kiara Patel,2024-01-11,2,47101.72,356,23550.86,1,1,3,1.6666666666666667,Low Value
CUST02968,Riya Agarwal,2024-12-12,5,29224.61,20,5844.92,4,3,2,3.0,High Value
CUST02970,Aarav Das,2023-11-24,5,23635.489999999998,404,4727.1,1,3,2,2.0,Medium Value
CUST02971,Reyansh Malhotra,2023-12-11,2,4610.0,387,2305.0,1,1,1,1.0,Low Value
CUST02972,Diya Sharma,2024-12-16,5,27713.44,16,5542.69,4,3,2,3.0,High Value
CUST02973,Kiara Singh,2024-11-09,11,123144.53,53,11194.96,3,4,4,3.6666666666666665,High Value
CUST02974,Saanvi Kumar,2024-12-29,3,4370.71,3,1456.9,4,2,1,2.3333333333333335,Medium Value
CUST02975,Vivaan Sharma,2024-04-23,6,136274.45,253,22712.41,1,4,4,3.0,High Value
CUST02976,Myra Patel,2024-09-29,8,264064.01,94,33008.0,2,4,4,3.3333333333333335,High Value
CUST02977,Myra Rao,2024-07-25,2,22635.22,160,11317.61,2,1,2,1.6666666666666667,Low Value
CUST02978,Aditya Malhotra,2024-01-18,4,143890.94,349,35972.74,1,3,4,2.6666666666666665,Medium Value
CUST02979,Aditya Verma,2024-10-28,6,16774.39,65,2795.73,3,4,2,3.0,High Value
CUST02980,Aarav Iyer,2024-11-26,3,16684.04,36,5561.35,3,2,2,2.3333333333333335,Medium Value
CUST02981,Krishna Reddy,2024-02-23,3,28478.739999999998,313,9492.91,1,2,2,1.6666666666666667,Low Value
CUST02982,Aditya Agarwal,2024-10-17,4,33385.54,76,8346.38,3,3,2,2.6666666666666665,Medium Value
CUST02983,Ananya Reddy,2023-05-28,1,8315.2,584,8315.2,1,1,1,1.0,Low Value
CUST02984,Krishna Sharma,2024-10-06,4,28148.89,87,7037.22,2,3,2,2.3333333333333335,Medium Value
CUST02985,Aadhya Menon,2024-11-15,6,18929.73,47,3154.96,3,4,2,3.0,High Value
CUST02986,Sai Reddy,2024-11-16,5,85274.55,46,17054.91,3,3,4,3.3333333333333335,High Value
CUST02987,Ishaan Reddy,2024-11-08,3,28646.71,54,9548.9,3,2,2,2.3333333333333335,Medium Value
CUST02988,Vivaan Singh,2023-12-11,7,119707.91,387,17101.13,1,4,4,3.0,High Value
CUST02989,Anika Sharma,2024-01-26,3,8127.62,341,2709.21,1,2,1,1.3333333333333333,Low Value
CUST02990,Ishaan Pillai,2024-07-09,4,102251.52,176,25562.88,2,3,4,3.0,High Value
CUST02991,Kiara Mehta,2024-11-30,3,25524.66,32,8508.22,4,2,2,2.6666666666666665,Medium Value
CUST02992,Riya Bose,2024-03-18,1,4182.0,289,4182.0,1,1,1,1.0,Low Value
CUST02993,Myra Iyer,2024-12-23,12,62273.94,9,5189.5,4,4,3,3.6666666666666665,High Value
CUST02994,Kiara Joshi,2024-09-25,5,23711.300000000003,98,4742.26,2,3,2,2.3333333333333335,Medium Value
CUST02995,Aadhya Agarwal,2024-11-10,4,41180.95,52,10295.24,3,3,3,3.0,High Value
CUST02996,Vivaan Singh,2024-11-01,4,34831.28,61,8707.82,3,3,2,2.6666666666666665,Medium Value
CUST02997,Navya Reddy,2024-12-24,3,24067.87,8,8022.62,4,2,2,2.6666666666666665,Medium Value
CUST02998,Saanvi Malhotra,2024-12-06,4,46156.07,26,11539.02,4,3,3,3.3333333333333335,High Value
CUST02999,Aarav Chopra,2024-09-05,7,128764.43000000001,118,18394.92,2,4,4,3.3333333333333335,High Value
CUST03000,Ishaan Kumar,2024-09-25,3,26652.53,98,8884.18,2,2,2,2.0,Medium Value
CUST03001,Myra Chopra,2024-12-05,2,33967.62,27,16983.81,4,1,2,2.3333333333333335,Medium Value
CUST03002,Sai Iyer,2024-07-21,5,121524.72,164,24304.94,2,3,4,3.0,High Value
CUST03003,Saanvi Nair,2024-11-29,2,9324.73,33,4662.36,4,1,1,2.0,Medium Value
CUST03004,Aadhya Sharma,2024-09-15,3,12573.45,108,4191.15,2,2,1,1.6666666666666667,Low Value
CUST03005,Anika Kumar,2024-09-27,2,152753.31,96,76376.66,2,1,4,2.3333333333333335,Medium Value
CUST03006,Vivaan Iyer,2024-12-26,5,18225.489999999998,6,3645.1,4,3,2,3.0,High Value
CUST03007,Vihaan Joshi,2024-06-09,6,81332.26,206,13555.38,2,4,4,3.3333333333333335,High Value
CUST03008,Anika Agarwal,2024-12-07,2,2228.64,25,1114.32,4,1,1,2.0,Medium Value
CUST03009,Myra Nair,2024-07-30,5,28465.66,155,5693.13,2,3,2,2.3333333333333335,Medium Value
CUST03010,Ananya Agarwal,2024-12-09,3,15094.06,23,5031.35,4,2,2,2.6666666666666665,Medium Value
CUST03011,Ishaan Das,2024-11-06,4,128100.66,56,32025.16,3,3,4,3.3333333333333335,High Value
CUST03012,Anika Agarwal,2024-09-15,2,15565.7,108,7782.85,2,1,2,1.6666666666666667,Low Value
CUST03013,Ishaan Kapoor,2024-10-29,3,35442.47,64,11814.16,3,2,3,2.6666666666666665,Medium Value
CUST03014,Isha Kumar,2024-10-13,3,30738.11,80,10246.04,3,2,2,2.3333333333333335,Medium Value
CUST03015,Saanvi Agarwal,2024-09-16,5,26606.05,107,5321.21,2,3,2,2.3333333333333335,Medium Value
CUST03016,Unknown,2024-11-15,5,77878.8,47,15575.76,3,3,4,3.3333333333333335,High Value
CUST03017,Aadhya Joshi,2024-10-26,10,386383.59,67,38638.36,3,4,4,3.6666666666666665,High Value
CUST03018,Vihaan Agarwal,2024-11-08,3,3714.07,54,1238.02,3,2,1,2.0,Medium Value
CUST03019,Isha Malhotra,2024-10-29,3,32943.770000000004,64,10981.26,3,2,2,2.3333333333333335,Medium Value
CUST03020,Ananya Bose,2024-04-17,5,43644.58,259,8728.92,1,3,3,2.3333333333333335,Medium Value
CUST03021,Krishna Das,2024-03-11,2,7391.55,296,3695.78,1,1,1,1.0,Low Value
CUST03022,Kiara Malhotra,2024-10-25,3,18490.23,68,6163.41,3,2,2,2.3333333333333335,Medium Value
CUST03023,Arjun Pillai,2023-10-02,1,40099.32,457,40099.32,1,1,3,1.6666666666666667,Low Value
CUST03024,Isha Rao,2024-12-22,11,235033.97,10,21366.72,4,4,4,4.0,High Value
CUST03025,Anika Agarwal,2024-02-04,4,111933.09,332,27983.27,1,3,4,2.6666666666666665,Medium Value
CUST03026,Aditya Verma,2024-09-26,6,62131.12,97,10355.19,2,4,3,3.0,High Value
CUST03027,Aarav Mehta,2024-11-15,4,35311.57,47,8827.89,3,3,3,3.0,High Value
CUST03028,Riya Joshi,2024-10-12,7,65857.3,81,9408.19,3,4,3,3.3333333333333335,High Value
CUST03029,Diya Sharma,2024-11-01,3,6247.18,61,2082.39,3,2,1,2.0,Medium Value
CUST03030,Diya Joshi,2024-12-07,5,7998.3,25,1599.66,4,3,1,2.6666666666666665,Medium Value
CUST03031,Aditya Chopra,2023-11-24,2,44350.87,404,22175.44,1,1,3,1.6666666666666667,Low Value
CUST03032,Anika Gupta,2024-08-28,1,50146.19,126,50146.19,2,1,3,2.0,Medium Value
CUST03033,Ayaan Menon,2024-11-14,7,117537.92,48,16791.13,3,4,4,3.6666666666666665,High Value
CUST03034,Vihaan Reddy,2024-08-21,6,7695.2,133,1282.53,2,4,1,2.3333333333333335,Medium Value
CUST03035,Aadhya Rao,2024-12-13,6,25334.7,19,4222.45,4,4,2,3.3333333333333335,High Value
CUST03036,Vihaan Kapoor,2024-12-06,7,109301.16,26,15614.45,4,4,4,4.0,High Value
CUST03037,Aarav Joshi,2024-07-06,4,141504.43,179,35376.11,2,3,4,3.0,High Value
CUST03038,Ishaan Kapoor,2024-12-01,2,16310.1,31,8155.05,4,1,2,2.3333333333333335,Medium Value
CUST03039,Myra Nair,2023-11-16,2,7421.58,412,3710.79,1,1,1,1.0,Low Value
CUST03040,Reyansh Patel,2023-11-20,3,31068.649999999998,408,10356.22,1,2,2,1.6666666666666667,Low Value
CUST03041,Myra Menon,2024-04-21,2,11715.47,255,5857.74,1,1,1,1.0,Low Value
CUST03042,Myra Reddy,2024-10-12,4,66024.35,81,16506.09,3,3,3,3.0,High Value
CUST03043,Krishna Rao,2024-06-19,2,10488.71,196,5244.36,2,1,1,1.3333333333333333,Low Value
CUST03044,Ananya Rao,2024-05-15,5,68814.34999999999,231,13762.87,1,3,3,2.3333333333333335,Medium Value
CUST03045,Reyansh Sharma,2024-08-12,4,41828.76,142,10457.19,2,3,3,2.6666666666666665,Medium Value
CUST03046,Saanvi Menon,2024-12-29,3,78889.57,3,26296.52,4,2,4,3.3333333333333335,High Value
CUST03047,Aditya Menon,2024-12-24,7,52720.01,8,7531.43,4,4,3,3.6666666666666665,High Value
CUST03048,Vihaan Chopra,2024-11-24,6,86910.1,38,14485.02,3,4,4,3.6666666666666665,High Value
CUST03049,Vivaan Rao,2024-11-16,3,57116.15,46,19038.72,3,2,3,2.6666666666666665,Medium Value
CUST03050,Diya Joshi,2024-10-31,4,14213.0,62,3553.25,3,3,1,2.3333333333333335,Medium Value
CUST03051,Diya Bose,2024-01-28,4,225855.8,339,56463.95,1,3,4,2.6666666666666665,Medium Value
CUST03052,Aarav Das,2024-12-14,5,19894.46,18,3978.89,4,3,2,3.0,High Value
CUST03053,Aadhya Verma,2024-10-16,4,48474.73,77,12118.68,3,3,3,3.0,High Value
CUST03054,Diya Kapoor,2024-10-24,2,30459.100000000002,69,15229.55,3,1,2,2.0,Medium Value
CUST03055,Vihaan Nair,2024-11-23,3,14652.34,39,4884.11,3,2,1,2.0,Medium Value
CUST03056,Vivaan Mehta,2024-01-25,3,8813.89,342,2937.96,1,2,1,1.3333333333333333,Low Value
CUST03057,Krishna Malhotra,2024-11-12,4,34165.5,50,8541.38,3,3,2,2.6666666666666665,Medium Value
CUST03058,Saanvi Joshi,2024-10-25,2,12780.4,68,6390.2,3,1,1,1.6666666666666667,Low Value
CUST03059,Myra Verma,2024-06-17,5,70364.41,198,14072.88,2,3,3,2.6666666666666665,Medium Value
CUST03060,Isha Menon,2024-06-30,3,19109.5,185,6369.83,2,2,2,2.0,Medium Value
CUST03061,Aadhya Gupta,2024-10-15,7,28677.629999999997,78,4096.8,3,4,2,3.0,High Value
CUST03062,Diya Nair,2023-12-29,2,2842.51,369,1421.26,1,1,1,1.0,Low Value
CUST03063,Vivaan Singh,2024-02-13,3,38858.92,323,12952.97,1,2,3,2.0,Medium Value
CUST03064,Aadhya Kapoor,2024-12-05,7,40826.2,27,5832.31,4,4,3,3.6666666666666665,High Value
CUST03065,Riya Verma,2023-12-12,3,18351.56,386,6117.19,1,2,2,1.6666666666666667,Low Value
CUST03066,Diya Rao,2024-09-10,2,4136.32,113,2068.16,2,1,1,1.3333333333333333,Low Value
CUST03068,Vihaan Agarwal,2024-12-25,5,17575.05,7,3515.01,4,3,2,3.0,High Value
CUST03069,Diya Menon,2024-11-30,2,48485.369999999995,32,24242.68,4,1,3,2.6666666666666665,Medium Value
CUST03070,Riya Nair,2024-05-12,4,47263.27,234,11815.82,1,3,3,2.3333333333333335,Medium Value
CUST03071,Reyansh Kapoor,2024-07-31,3,197004.38999999998,154,65668.13,2,2,4,2.6666666666666665,Medium Value
CUST03072,Riya Patel,2024-03-11,3,20553.22,296,6851.07,1,2,2,1.6666666666666667,Low Value
CUST03073,Isha Chopra,2024-12-04,5,9683.56,28,1936.71,4,3,1,2.6666666666666665,Medium Value
CUST03074,Arjun Kapoor,2024-01-03,2,3237.67,364,1618.84,1,1,1,1.0,Low Value
CUST03075,Reyansh Kumar,2024-11-06,5,71283.34999999999,56,14256.67,3,3,3,3.0,High Value
CUST03076,Ananya Malhotra,2024-12-06,3,32170.94,26,10723.65,4,2,2,2.6666666666666665,Medium Value
CUST03077,Aditya Kumar,2024-06-24,3,3231.86,191,1077.29,2,2,1,1.6666666666666667,Low Value
CUST03078,Arjun Iyer,2024-10-15,1,20882.01,78,20882.01,3,1,2,2.0,Medium Value
CUST03079,Kiara Gupta,2024-09-21,5,252647.65,102,50529.53,2,3,4,3.0,High Value
CUST03080,Sai Joshi,2024-04-28,5,17905.46,248,3581.09,1,3,2,2.0,Medium Value
CUST03081,Ayaan Chopra,2024-11-01,2,3074.7,61,1537.35,3,1,1,1.6666666666666667,Low Value
CUST03082,Sai Nair,2024-12-25,3,15195.22,7,5065.07,4,2,2,2.6666666666666665,Medium Value
CUST03083,Ishaan Gupta,2023-08-05,5,22032.49,515,4406.5,1,3,2,2.0,Medium Value
CUST03084,Aadhya Rao,2024-09-30,7,139587.28,93,19941.04,2,4,4,3.3333333333333335,High Value
CUST03085,Ishaan Bose,2024-12-22,9,77850.87,10,8650.1,4,4,4,4.0,High Value
CUST03086,Sai Bose,2024-11-12,7,28994.95,50,4142.14,3,4,2,3.0,High Value
CUST03087,Aadhya Verma,2024-11-21,2,22423.09,41,11211.54,3,1,2,2.0,Medium Value
CUST03088,Unknown,2024-11-19,6,36289.0,43,6048.17,3,4,3,3.3333333333333335,High Value
CUST03089,Anika Joshi,2024-12-08,5,38806.87,24,7761.37,4,3,3,3.3333333333333335,High Value
CUST03090,Aditya Pillai,2024-02-13,3,43270.86,323,14423.62,1,2,3,2.0,Medium Value
CUST03091,Aarav Bose,2024-09-24,4,58940.020000000004,99,14735.0,2,3,3,2.6666666666666665,Medium Value
CUST03093,Ishaan Das,2024-07-04,4,15064.12,181,3766.03,2,3,2,2.3333333333333335,Medium Value
CUST03094,Vivaan Mehta,2024-08-04,3,29216.4,150,9738.8,2,2,2,2.0,Medium Value
CUST03095,Vihaan Agarwal,2024-12-11,3,30605.320000000003,21,10201.77,4,2,2,2.6666666666666665,Medium Value
CUST03096,Arjun Pillai,2024-08-11,3,11377.27,143,3792.42,2,2,1,1.6666666666666667,Low Value
CUST03097,Vivaan Bose,2024-12-15,9,47003.020000000004,17,5222.56,4,4,3,3.6666666666666665,High Value
CUST03098,Anika Mehta,2024-06-20,4,4459.61,195,1114.9,2,3,1,2.0,Medium Value
CUST03099,Vivaan Patel,2024-10-30,6,37444.14,63,6240.69,3,4,3,3.3333333333333335,High Value
CUST03100,Ayaan Pillai,2024-12-14,6,241448.09,18,40241.35,4,4,4,4.0,High Value
CUST03101,Ananya Bose,2024-12-16,6,72679.71,16,12113.29,4,4,3,3.6666666666666665,High Value
CUST03102,Krishna Verma,2024-12-24,9,62315.32,8,6923.92,4,4,3,3.6666666666666665,High Value
CUST03103,Ayaan Chopra,2024-11-10,4,61353.51,52,15338.38,3,3,3,3.0,High Value
CUST03104,Vihaan Mehta,2024-05-03,4,37658.45,243,9414.61,1,3,3,2.3333333333333335,Medium Value
CUST03105,Isha Kapoor,2024-12-10,1,3237.7,22,3237.7,4,1,1,2.0,Medium Value
CUST03106,Ayaan Singh,2024-01-18,4,32620.48,349,8155.12,1,3,2,2.0,Medium Value
CUST03107,Ishaan Bose,2024-09-20,4,16603.97,103,4150.99,2,3,2,2.3333333333333335,Medium Value
CUST03108,Aadhya Kapoor,2024-10-09,5,45073.73,84,9014.75,2,3,3,2.6666666666666665,Medium Value
CUST03109,Navya Bose,2024-12-25,8,108410.90000000001,7,13551.36,4,4,4,4.0,High Value
CUST03110,Navya Reddy,2024-03-12,3,10262.99,295,3421.0,1,2,1,1.3333333333333333,Low Value
CUST03111,Isha Reddy,2024-06-19,3,36503.68,196,12167.89,2,2,3,2.3333333333333335,Medium Value
CUST03112,Krishna Sharma,2024-03-09,4,56593.22,298,14148.3,1,3,3,2.3333333333333335,Medium Value
CUST03113,Sai Patel,2024-12-18,3,8694.92,14,2898.31,4,2,1,2.3333333333333335,Medium Value
CUST03114,Diya Bose,2024-04-17,8,129430.69999999998,259,16178.84,1,4,4,3.0,High Value
CUST03115,Ishaan Patel,2024-09-30,4,37467.439999999995,93,9366.86,2,3,3,2.6666666666666665,Medium Value
CUST03116,Anika Pillai,2023-12-26,2,3030.3900000000003,372,1515.2,1,1,1,1.0,Low Value
CUST03117,Navya Patel,2024-07-06,4,88040.89,179,22010.22,2,3,4,3.0,High Value
CUST03118,Riya Mehta,2024-06-19,7,57201.05,196,8171.58,2,4,3,3.0,High Value
CUST03119,Ayaan Patel,2024-12-05,10,74840.74,27,7484.07,4,4,4,4.0,High Value
CUST03120,Reyansh Sharma,2024-10-06,3,11353.63,87,3784.54,2,2,1,1.6666666666666667,Low Value
CUST03121,Navya Menon,2023-05-26,2,4920.62,586,2460.31,1,1,1,1.0,Low Value
CUST03122,Diya Kapoor,2024-10-23,4,4889.09,70,1222.27,3,3,1,2.3333333333333335,Medium Value
CUST03123,Ishaan Mehta,2024-08-23,3,15599.86,131,5199.95,2,2,2,2.0,Medium Value
CUST03124,Aadhya Menon,2023-12-31,3,2854.71,367,951.57,1,2,1,1.3333333333333333,Low Value
CUST03125,Ishaan Mehta,2024-05-08,3,78553.09,238,26184.36,1,2,4,2.3333333333333335,Medium Value
CUST03126,Ananya Verma,2024-04-16,6,25552.379999999997,260,4258.73,1,4,2,2.3333333333333335,Medium Value
CUST03127,Isha Nair,2024-08-02,5,23173.36,152,4634.67,2,3,2,2.3333333333333335,Medium Value
CUST03128,Reyansh Nair,2024-12-17,4,12678.28,15,3169.57,4,3,1,2.6666666666666665,Medium Value
CUST03129,Aarav Verma,2024-12-10,4,94873.9,22,23718.48,4,3,4,3.6666666666666665,High Value
CUST03130,Navya Malhotra,2023-12-06,3,16115.52,392,5371.84,1,2,2,1.6666666666666667,Low Value
CUST03131,Aarav Kumar,2023-04-08,1,6936.07,634,6936.07,1,1,1,1.0,Low Value
CUST03132,Vivaan Menon,2024-10-25,1,6685.5,68,6685.5,3,1,1,1.6666666666666667,Low Value
CUST03133,Aditya Pillai,2024-12-29,4,24210.84,3,6052.71,4,3,2,3.0,High Value
CUST03134,Navya Agarwal,2023-05-23,2,28051.45,589,14025.72,1,1,2,1.3333333333333333,Low Value
CUST03135,Aadhya Nair,2024-08-20,2,141389.45,134,70694.73,2,1,4,2.3333333333333335,Medium Value
CUST03136,Diya Mehta,2024-11-07,6,67466.05,55,11244.34,3,4,3,3.3333333333333335,High Value
CUST03137,Isha Joshi,2024-09-29,4,22068.379999999997,94,5517.09,2,3,2,2.3333333333333335,Medium Value
CUST03138,Ananya Verma,2023-12-31,4,13378.619999999999,367,3344.66,1,3,1,1.6666666666666667,Low Value
CUST03139,Vihaan Sharma,2024-11-23,7,111576.68000000001,39,15939.53,3,4,4,3.6666666666666665,High Value
CUST03140,Kiara Das,2024-05-03,1,788.42,243,788.42,1,1,1,1.0,Low Value
CUST03141,Ayaan Singh,2024-11-16,9,50984.12,46,5664.9,3,4,3,3.3333333333333335,High Value
CUST03142,Ishaan Pillai,2024-11-11,4,262116.0,51,65529.0,3,3,4,3.3333333333333335,High Value
CUST03143,Navya Kumar,2024-12-06,6,44123.74,26,7353.96,4,4,3,3.6666666666666665,High Value
CUST03144,Riya Kapoor,2024-12-30,10,256553.53,2,25655.35,4,4,4,4.0,High Value
CUST03145,Aarav Bose,2024-10-07,4,56178.590000000004,86,14044.65,2,3,3,2.6666666666666665,Medium Value
CUST03146,Vivaan Nair,2024-12-29,3,40673.71,3,13557.9,4,2,3,3.0,High Value
CUST03147,Navya Kapoor,2024-03-01,3,70293.44,306,23431.15,1,2,3,2.0,Medium Value
CUST03148,Arjun Das,2024-11-10,6,48631.770000000004,52,8105.3,3,4,3,3.3333333333333335,High Value
CUST03149,Riya Gupta,2024-12-12,3,79988.2,20,26662.73,4,2,4,3.3333333333333335,High Value
CUST03150,Ayaan Bose,2024-11-22,6,19647.88,40,3274.65,3,4,2,3.0,High Value
CUST03151,Vivaan Chopra,2024-11-22,3,157726.88,40,52575.63,3,2,4,3.0,High Value
CUST03152,Diya Agarwal,2024-09-14,5,78592.61,109,15718.52,2,3,4,3.0,High Value
CUST03153,Saanvi Kumar,2024-10-26,3,13904.25,67,4634.75,3,2,1,2.0,Medium Value
CUST03154,Diya Verma,2024-10-10,3,26145.16,83,8715.05,3,2,2,2.3333333333333335,Medium Value
CUST03155,Arjun Reddy,2024-11-01,6,100471.68999999999,61,16745.28,3,4,4,3.6666666666666665,High Value
CUST03156,Diya Kapoor,2024-11-23,7,26474.11,39,3782.02,3,4,2,3.0,High Value
CUST03157,Ayaan Iyer,2024-10-06,7,176227.19,87,25175.31,2,4,4,3.3333333333333335,High Value
CUST03158,Kiara Kumar,2024-07-20,5,22968.16,165,4593.63,2,3,2,2.3333333333333335,Medium Value
CUST03159,Saanvi Kumar,2024-12-31,3,35669.81,1,11889.94,4,2,3,3.0,High Value
CUST03160,Ananya Mehta,2024-08-04,3,10186.39,150,3395.46,2,2,1,1.6666666666666667,Low Value
CUST03161,Isha Das,2024-02-22,4,13505.869999999999,314,3376.47,1,3,1,1.6666666666666667,Low Value
CUST03162,Krishna Rao,2024-08-05,6,37397.98,149,6233.0,2,4,3,3.0,High Value
CUST03163,Navya Malhotra,2024-04-13,11,96689.23999999999,263,8789.93,1,4,4,3.0,High Value
CUST03164,Ishaan Reddy,2024-12-22,3,4558.1,10,1519.37,4,2,1,2.3333333333333335,Medium Value
CUST03165,Ayaan Gupta,2024-10-06,5,61947.17,87,12389.43,2,3,3,2.6666666666666665,Medium Value
CUST03166,Kiara Kapoor,2024-11-06,7,62353.46,56,8907.64,3,4,3,3.3333333333333335,High Value
CUST03167,Vihaan Patel,2024-05-12,2,10914.640000000001,234,5457.32,1,1,1,1.0,Low Value
CUST03168,Aarav Singh,2024-12-26,4,23323.36,6,5830.84,4,3,2,3.0,High Value
CUST03169,Ananya Bose,2024-11-18,2,10705.39,44,5352.7,3,1,1,1.6666666666666667,Low Value
CUST03170,Arjun Kapoor,2024-11-22,3,11765.26,40,3921.75,3,2,1,2.0,Medium Value
CUST03171,Saanvi Das,2024-06-14,5,23198.93,201,4639.79,2,3,2,2.3333333333333335,Medium Value
CUST03172,Anika Reddy,2024-12-09,6,19601.09,23,3266.85,4,4,2,3.3333333333333335,High Value
CUST03173,Ayaan Das,2024-11-25,5,66436.76,37,13287.35,3,3,3,3.0,High Value
CUST03174,Myra Singh,2023-12-15,1,2450.4,383,2450.4,1,1,1,1.0,Low Value
CUST03175,Ayaan Kapoor,2024-12-02,6,58421.37,30,9736.9,4,4,3,3.6666666666666665,High Value
CUST03176,Ishaan Bose,2024-08-05,2,5226.74,149,2613.37,2,1,1,1.3333333333333333,Low Value
CUST03177,Diya Kumar,2024-07-10,5,32591.13,175,6518.23,2,3,2,2.3333333333333335,Medium Value
CUST03178,Myra Sharma,2024-04-19,4,32924.46,257,8231.12,1,3,2,2.0,Medium Value
CUST03179,Krishna Bose,2024-07-09,1,2370.05,176,2370.05,2,1,1,1.3333333333333333,Low Value
CUST03180,Arjun Menon,2024-11-25,4,20368.83,37,5092.21,3,3,2,2.6666666666666665,Medium Value
CUST03181,Aditya Kumar,2024-11-30,4,17129.79,32,4282.45,4,3,2,3.0,High Value
CUST03182,Vivaan Rao,2024-02-21,2,20060.24,315,10030.12,1,1,2,1.3333333333333333,Low Value
CUST03183,Vivaan Das,2024-01-19,5,67377.42,348,13475.48,1,3,3,2.3333333333333335,Medium Value
CUST03184,Reyansh Mehta,2024-09-25,4,45084.31,98,11271.08,2,3,3,2.6666666666666665,Medium Value
CUST03185,Saanvi Kapoor,2023-02-12,1,46883.1,689,46883.1,1,1,3,1.6666666666666667,Low Value
CUST03186,Aadhya Chopra,2024-10-12,2,5826.11,81,2913.06,3,1,1,1.6666666666666667,Low Value
CUST03187,Ishaan Patel,2024-06-28,3,9157.33,187,3052.44,2,2,1,1.6666666666666667,Low Value
CUST03188,Vihaan Sharma,2024-11-15,4,27900.33,47,6975.08,3,3,2,2.6666666666666665,Medium Value
CUST03189,Reyansh Iyer,2023-12-10,1,1818.03,388,1818.03,1,1,1,1.0,Low Value
CUST03190,Ayaan Kumar,2024-10-04,5,178993.52,89,35798.7,2,3,4,3.0,High Value
CUST03191,Riya Mehta,2024-03-14,6,55696.45,293,9282.74,1,4,3,2.6666666666666665,Medium Value
CUST03192,Ananya Malhotra,2024-07-23,4,40757.52,162,10189.38,2,3,3,2.6666666666666665,Medium Value
CUST03193,Sai Malhotra,2024-12-02,11,86515.27,30,7865.02,4,4,4,4.0,High Value
CUST03194,Arjun Pillai,2024-08-30,2,81651.77,124,40825.88,2,1,4,2.3333333333333335,Medium Value
CUST03195,Riya Mehta,2024-12-12,7,40110.35,20,5730.05,4,4,3,3.6666666666666665,High Value
CUST03196,Diya Singh,2024-12-11,7,67330.24,21,9618.61,4,4,3,3.6666666666666665,High Value
CUST03197,Navya Kapoor,2024-12-03,2,10329.369999999999,29,5164.68,4,1,1,2.0,Medium Value
CUST03198,Ayaan Singh,2024-11-25,4,126192.26000000001,37,31548.06,3,3,4,3.3333333333333335,High Value
CUST03199,Diya Verma,2024-09-27,4,37253.67,96,9313.42,2,3,3,2.6666666666666665,Medium Value
CUST03200,Vihaan Kumar,2024-12-23,4,19621.170000000002,9,4905.29,4,3,2,3.0,High Value
CUST03201,Aditya Iyer,2024-11-01,5,20440.98,61,4088.2,3,3,2,2.6666666666666665,Medium Value
CUST03202,Navya Chopra,2024-10-06,9,70824.2,87,7869.36,2,4,3,3.0,High Value
CUST03203,Aditya Verma,2024-12-21,4,31575.76,11,7893.94,4,3,2,3.0,High Value
CUST03204,Krishna Rao,2024-04-14,4,130211.18,262,32552.8,1,3,4,2.6666666666666665,Medium Value
CUST03205,Vihaan Iyer,2024-12-26,4,77804.03,6,19451.01,4,3,4,3.6666666666666665,High Value
CUST03206,Saanvi Agarwal,2024-04-25,3,64960.65,251,21653.55,1,2,3,2.0,Medium Value
CUST03207,Kiara Mehta,2023-01-21,1,8300.09,711,8300.09,1,1,1,1.0,Low Value
CUST03208,Myra Bose,2024-12-15,8,21948.83,17,2743.6,4,4,2,3.3333333333333335,High Value
CUST03209,Isha Kumar,2024-12-23,3,12636.24,9,4212.08,4,2,1,2.3333333333333335,Medium Value
CUST03210,Vivaan Mehta,2024-11-09,5,72382.67,53,14476.53,3,3,3,3.0,High Value
CUST03211,Aarav Reddy,2024-12-14,5,89444.26000000001,18,17888.85,4,3,4,3.6666666666666665,High Value
CUST03212,Anika Kapoor,2024-06-06,7,50382.909999999996,209,7197.56,2,4,3,3.0,High Value
CUST03213,Aditya Rao,2024-11-07,5,58442.14,55,11688.43,3,3,3,3.0,High Value
CUST03214,Ishaan Reddy,2024-11-11,5,10910.2,51,2182.04,3,3,1,2.3333333333333335,Medium Value
CUST03215,Anika Patel,2024-12-14,2,173041.59999999998,18,86520.8,4,1,4,3.0,High Value
CUST03216,Vihaan Joshi,2024-09-06,3,37620.05,117,12540.02,2,2,3,2.3333333333333335,Medium Value
CUST03217,Krishna Singh,2024-11-21,5,32064.199999999997,41,6412.84,3,3,2,2.6666666666666665,Medium Value
CUST03218,Reyansh Verma,2024-11-25,3,11793.099999999999,37,3931.03,3,2,1,2.0,Medium Value
CUST03220,Kiara Malhotra,2024-09-16,4,20360.75,107,5090.19,2,3,2,2.3333333333333335,Medium Value
CUST03221,Ayaan Kapoor,2024-12-27,5,32121.56,5,6424.31,4,3,2,3.0,High Value
CUST03222,Riya Chopra,2024-09-24,1,19756.22,99,19756.22,2,1,2,1.6666666666666667,Low Value
CUST03223,Vivaan Joshi,2024-12-24,3,72120.06999999999,8,24040.02,4,2,3,3.0,High Value
CUST03224,Myra Malhotra,2024-12-25,11,97171.19,7,8833.74,4,4,4,4.0,High Value
CUST03225,Saanvi Malhotra,2024-10-26,3,31510.89,67,10503.63,3,2,2,2.3333333333333335,Medium Value
CUST03226,Vihaan Kapoor,2024-12-31,3,9686.279999999999,1,3228.76,4,2,1,2.3333333333333335,Medium Value
CUST03227,Diya Singh,2023-11-10,3,54514.39,418,18171.46,1,2,3,2.0,Medium Value
CUST03228,Aditya Joshi,2024-09-11,5,24335.32,112,4867.06,2,3,2,2.3333333333333335,Medium Value
CUST03229,Navya Agarwal,2024-11-26,6,50496.8,36,8416.13,3,4,3,3.3333333333333335,High Value
CUST03230,Anika Bose,2023-12-22,1,1509.86,376,1509.86,1,1,1,1.0,Low Value
CUST03231,Vihaan Bose,2023-12-26,2,1939.04,372,969.52,1,1,1,1.0,Low Value
CUST03232,Isha Malhotra,2024-10-27,3,13501.41,66,4500.47,3,2,1,2.0,Medium Value
CUST03233,Myra Kumar,2024-10-19,5,90203.78,74,18040.76,3,3,4,3.3333333333333335,High Value
CUST03234,Kiara Joshi,2024-04-15,5,9263.77,261,1852.75,1,3,1,1.6666666666666667,Low Value
CUST03235,Navya Kumar,2024-12-26,5,14616.539999999999,6,2923.31,4,3,1,2.6666666666666665,Medium Value
CUST03236,Saanvi Pillai,2024-06-24,1,30239.61,191,30239.61,2,1,2,1.6666666666666667,Low Value
CUST03237,Saanvi Agarwal,2024-12-23,5,18907.53,9,3781.51,4,3,2,3.0,High Value
CUST03238,Aadhya Singh,2024-09-12,2,4306.51,111,2153.26,2,1,1,1.3333333333333333,Low Value
CUST03239,Vihaan Menon,2024-08-11,4,18431.75,143,4607.94,2,3,2,2.3333333333333335,Medium Value
CUST03240,Isha Pillai,2024-05-26,4,31878.079999999998,220,7969.52,1,3,2,2.0,Medium Value
CUST03241,Saanvi Bose,2023-12-06,1,661.4,392,661.4,1,1,1,1.0,Low Value
CUST03242,Reyansh Bose,2024-11-10,5,37959.479999999996,52,7591.9,3,3,3,3.0,High Value
CUST03243,Vihaan Verma,2024-10-06,7,52756.69,87,7536.67,2,4,3,3.0,High Value
CUST03244,Vivaan Kumar,2024-03-26,5,84519.43,281,16903.89,1,3,4,2.6666666666666665,Medium Value
CUST03245,Ishaan Mehta,2023-12-13,1,1582.6,385,1582.6,1,1,1,1.0,Low Value
CUST03246,Krishna Das,2024-12-11,8,39304.37,21,4913.05,4,4,3,3.6666666666666665,High Value
CUST03247,Reyansh Kumar,2023-10-14,2,13250.029999999999,445,6625.02,1,1,1,1.0,Low Value
CUST03248,Ishaan Mehta,2024-11-20,2,51807.810000000005,42,25903.91,3,1,3,2.3333333333333335,Medium Value
CUST03249,Sai Pillai,2024-02-28,2,4185.900000000001,308,2092.95,1,1,1,1.0,Low Value
CUST03250,Ayaan Sharma,2024-11-21,5,107230.76999999999,41,21446.15,3,3,4,3.3333333333333335,High Value
CUST03251,Anika Reddy,2024-05-12,5,22318.53,234,4463.71,1,3,2,2.0,Medium Value
CUST03252,Aadhya Joshi,2024-11-11,5,15987.72,51,3197.54,3,3,2,2.6666666666666665,Medium Value
CUST03253,Krishna Joshi,2024-10-28,4,93978.51,65,23494.63,3,3,4,3.3333333333333335,High Value
CUST03254,Arjun Menon,2024-07-02,5,22999.54,183,4599.91,2,3,2,2.3333333333333335,Medium Value
CUST03255,Ayaan Patel,2024-12-19,6,113187.89,13,18864.65,4,4,4,4.0,High Value
CUST03256,Ananya Pillai,2023-11-17,3,10234.99,411,3411.66,1,2,1,1.3333333333333333,Low Value
CUST03257,Vihaan Agarwal,2024-12-23,1,78762.41,9,78762.41,4,1,4,3.0,High Value
CUST03258,Aarav Das,2024-10-07,7,35681.549999999996,86,5097.36,2,4,3,3.0,High Value
CUST03259,Aadhya Sharma,2024-12-25,4,42149.75,7,10537.44,4,3,3,3.3333333333333335,High Value
CUST03260,Ananya Joshi,2024-12-23,2,3741.55,9,1870.78,4,1,1,2.0,Medium Value
CUST03261,Vihaan Bose,2023-12-31,4,26572.430000000004,367,6643.11,1,3,2,2.0,Medium Value
CUST03262,Ishaan Patel,2024-12-18,5,33056.89,14,6611.38,4,3,2,3.0,High Value
CUST03263,Aarav Reddy,2024-07-05,5,7855.88,180,1571.18,2,3,1,2.0,Medium Value
CUST03264,Myra Rao,2024-04-23,3,10343.869999999999,253,3447.96,1,2,1,1.3333333333333333,Low Value
CUST03265,Isha Menon,2024-10-07,4,48841.92,86,12210.48,2,3,3,2.6666666666666665,Medium Value
CUST03266,Sai Kumar,2024-08-03,6,20611.46,151,3435.24,2,4,2,2.6666666666666665,Medium Value
CUST03267,Navya Malhotra,2024-12-05,6,46052.17,27,7675.36,4,4,3,3.6666666666666665,High Value
CUST03268,Sai Pillai,2024-11-19,3,12984.62,43,4328.21,3,2,1,2.0,Medium Value
CUST03269,Aarav Sharma,2024-12-07,8,57099.93,25,7137.49,4,4,3,3.6666666666666665,High Value
CUST03270,Saanvi Gupta,2023-10-12,3,72455.39,447,24151.8,1,2,3,2.0,Medium Value
CUST03271,Ishaan Gupta,2024-12-07,9,41725.78,25,4636.2,4,4,3,3.6666666666666665,High Value
CUST03272,Krishna Nair,2024-04-11,1,614.01,265,614.01,1,1,1,1.0,Low Value
CUST03273,Aditya Das,2024-10-04,3,49362.16,89,16454.05,2,2,3,2.3333333333333335,Medium Value
CUST03274,Sai Das,2024-08-23,4,123116.29000000001,131,30779.07,2,3,4,3.0,High Value
CUST03275,Isha Menon,2024-08-26,7,60164.54,128,8594.93,2,4,3,3.0,High Value
CUST03276,Diya Das,2024-12-03,5,99073.79000000001,29,19814.76,4,3,4,3.6666666666666665,High Value
CUST03277,Vivaan Kapoor,2024-12-09,3,131545.76,23,43848.59,4,2,4,3.3333333333333335,High Value
CUST03278,Sai Pillai,2024-03-05,4,26330.54,302,6582.64,1,3,2,2.0,Medium Value
CUST03279,Saanvi Joshi,2024-08-17,2,55414.64,137,27707.32,2,1,3,2.0,Medium Value
CUST03280,Krishna Joshi,2024-12-12,7,93742.32,20,13391.76,4,4,4,4.0,High Value
CUST03281,Vivaan Pillai,2023-12-28,2,2581.45,370,1290.72,1,1,1,1.0,Low Value
CUST03282,Riya Reddy,2024-03-26,4,16775.13,281,4193.78,1,3,2,2.0,Medium Value
CUST03283,Ishaan Mehta,2024-11-11,5,53240.29,51,10648.06,3,3,3,3.0,High Value
CUST03284,Isha Iyer,2024-02-23,4,33739.12,313,8434.78,1,3,2,2.0,Medium Value
CUST03285,Anika Malhotra,2024-12-30,6,70349.73,2,11724.96,4,4,3,3.6666666666666665,High Value
CUST03286,Vivaan Singh,2024-09-05,4,32063.58,118,8015.9,2,3,2,2.3333333333333335,Medium Value
CUST03287,Riya Joshi,2024-12-30,3,44567.18,2,14855.73,4,2,3,3.0,High Value
CUST03288,Arjun Reddy,2024-04-20,5,13100.49,256,2620.1,1,3,1,1.6666666666666667,Low Value
CUST03289,Navya Reddy,2024-09-21,5,63277.03999999999,102,12655.41,2,3,3,2.6666666666666665,Medium Value
CUST03290,Anika Reddy,2024-12-19,7,159368.19,13,22766.88,4,4,4,4.0,High Value
CUST03291,Vihaan Nair,2024-12-23,6,181917.33000000002,9,30319.56,4,4,4,4.0,High Value
CUST03292,Saanvi Singh,2024-07-31,7,155302.78,154,22186.11,2,4,4,3.3333333333333335,High Value
CUST03293,Sai Kumar,2024-07-29,4,35574.04,156,8893.51,2,3,3,2.6666666666666665,Medium Value
CUST03294,Diya Singh,2024-09-09,3,18154.71,114,6051.57,2,2,2,2.0,Medium Value
CUST03295,Krishna Singh,2024-08-17,4,15864.619999999999,137,3966.16,2,3,2,2.3333333333333335,Medium Value
CUST03296,Riya Rao,2024-05-20,8,96772.11,226,12096.51,1,4,4,3.0,High Value
CUST03297,Arjun Agarwal,2024-10-15,7,100134.01,78,14304.86,3,4,4,3.6666666666666665,High Value
CUST03298,Ishaan Pillai,2024-10-04,7,29472.18,89,4210.31,2,4,2,2.6666666666666665,Medium Value
CUST03299,Diya Agarwal,2024-02-19,6,123237.08,317,20539.51,1,4,4,3.0,High Value
CUST03300,Anika Chopra,2024-12-21,5,168337.86,11,33667.57,4,3,4,3.6666666666666665,High Value
CUST03301,Aditya Joshi,2024-12-27,7,88507.86,5,12643.98,4,4,4,4.0,High Value
CUST03302,Aarav Malhotra,2024-09-28,4,33112.77,95,8278.19,2,3,2,2.3333333333333335,Medium Value
CUST03303,Krishna Malhotra,2024-08-17,3,8769.779999999999,137,2923.26,2,2,1,1.6666666666666667,Low Value
CUST03304,Aditya Pillai,2023-11-01,4,10680.08,427,2670.02,1,3,1,1.6666666666666667,Low Value
CUST03305,Saanvi Bose,2024-11-25,3,20635.440000000002,37,6878.48,3,2,2,2.3333333333333335,Medium Value
CUST03306,Isha Sharma,2024-11-02,7,29624.75,60,4232.11,3,4,2,3.0,High Value
CUST03307,Anika Das,2024-02-02,3,25071.93,334,8357.31,1,2,2,1.6666666666666667,Low Value
CUST03308,Aarav Mehta,2024-08-20,3,15333.710000000001,134,5111.24,2,2,2,2.0,Medium Value
CUST03309,Kiara Reddy,2024-11-03,1,11722.1,59,11722.1,3,1,1,1.6666666666666667,Low Value
CUST03310,Navya Kapoor,2024-12-17,1,2366.27,15,2366.27,4,1,1,2.0,Medium Value
CUST03311,Aadhya Agarwal,2024-07-26,3,18573.41,159,6191.14,2,2,2,2.0,Medium Value
CUST03312,Reyansh Joshi,2024-12-17,4,23201.29,15,5800.32,4,3,2,3.0,High Value
CUST03313,Navya Bose,2024-12-24,6,177089.2,8,29514.87,4,4,4,4.0,High Value
CUST03314,Ayaan Verma,2024-11-23,6,116274.44,39,19379.07,3,4,4,3.6666666666666665,High Value
CUST03315,Reyansh Singh,2024-11-01,8,137457.95,61,17182.24,3,4,4,3.6666666666666665,High Value
CUST03316,Navya Patel,2024-12-01,6,49078.82,31,8179.8,4,4,3,3.6666666666666665,High Value
CUST03317,Krishna Iyer,2024-12-20,4,178080.6,12,44520.15,4,3,4,3.6666666666666665,High Value
CUST03318,Aadhya Nair,2024-11-06,4,21023.9,56,5255.98,3,3,2,2.6666666666666665,Medium Value
CUST03319,Riya Gupta,2023-11-16,2,12375.27,412,6187.64,1,1,1,1.0,Low Value
CUST03320,Navya Kumar,2024-10-19,6,432438.08999999997,74,72073.02,3,4,4,3.6666666666666665,High Value
CUST03321,Aadhya Singh,2024-06-03,2,2268.44,212,1134.22,1,1,1,1.0,Low Value
CUST03322,Reyansh Menon,2024-12-01,5,22502.85,31,4500.57,4,3,2,3.0,High Value
CUST03323,Unknown,2024-05-22,3,23927.129999999997,224,7975.71,1,2,2,1.6666666666666667,Low Value
CUST03324,Ananya Rao,2024-07-03,1,10195.64,182,10195.64,2,1,1,1.3333333333333333,Low Value
CUST03326,Sai Singh,2024-10-01,3,62479.09,92,20826.36,2,2,3,2.3333333333333335,Medium Value
CUST03327,Kiara Sharma,2024-11-15,4,80195.92,47,20048.98,3,3,4,3.3333333333333335,High Value
CUST03328,Reyansh Bose,2024-02-25,2,25603.670000000002,311,12801.84,1,1,2,1.3333333333333333,Low Value
CUST03329,Ishaan Kumar,2024-11-24,1,30894.09,38,30894.09,3,1,2,2.0,Medium Value
CUST03330,Diya Agarwal,2023-12-28,3,89475.43000000001,370,29825.14,1,2,4,2.3333333333333335,Medium Value
CUST03331,Ishaan Patel,2024-10-27,2,5454.62,66,2727.31,3,1,1,1.6666666666666667,Low Value
CUST03332,Diya Reddy,2024-10-20,4,249128.40999999997,73,62282.1,3,3,4,3.3333333333333335,High Value
CUST03333,Navya Verma,2024-11-26,7,236061.82,36,33723.12,3,4,4,3.6666666666666665,High Value
CUST03334,Ishaan Malhotra,2024-09-01,3,40876.46,122,13625.49,2,2,3,2.3333333333333335,Medium Value
CUST03335,Diya Joshi,2024-12-10,4,4866.09,22,1216.52,4,3,1,2.6666666666666665,Medium Value
CUST03336,Vihaan Reddy,2024-12-23,8,48501.16,9,6062.64,4,4,3,3.6666666666666665,High Value
CUST03337,Krishna Pillai,2024-12-07,11,231170.15,25,21015.47,4,4,4,4.0,High Value
CUST03338,Reyansh Verma,2024-12-06,3,77241.87,26,25747.29,4,2,4,3.3333333333333335,High Value
CUST03339,Sai Agarwal,2024-10-05,2,2750.8599999999997,88,1375.43,2,1,1,1.3333333333333333,Low Value
CUST03340,Sai Das,2024-11-20,5,56307.729999999996,42,11261.55,3,3,3,3.0,High Value
CUST03341,Riya Verma,2024-09-29,3,39767.47,94,13255.82,2,2,3,2.3333333333333335,Medium Value
CUST03342,Diya Malhotra,2024-12-10,7,133284.34,22,19040.62,4,4,4,4.0,High Value
CUST03343,Aadhya Patel,2024-12-19,3,66517.87,13,22172.62,4,2,3,3.0,High Value
CUST03344,Navya Kumar,2024-09-26,6,59079.16,97,9846.53,2,4,3,3.0,High Value
CUST03345,Navya Gupta,2023-03-30,1,1266.04,643,1266.04,1,1,1,1.0,Low Value
CUST03346,Aditya Mehta,2024-08-28,4,9030.5,126,2257.62,2,3,1,2.0,Medium Value
CUST03347,Riya Gupta,2024-04-28,3,102486.02,248,34162.01,1,2,4,2.3333333333333335,Medium Value
CUST03348,Diya Kapoor,2024-12-16,2,4196.12,16,2098.06,4,1,1,2.0,Medium Value
CUST03349,Anika Reddy,2024-03-10,4,116236.43,297,29059.11,1,3,4,2.6666666666666665,Medium Value
CUST03350,Saanvi Verma,2024-04-18,2,5561.15,258,2780.58,1,1,1,1.0,Low Value
CUST03351,Vihaan Mehta,2024-12-24,4,48789.17,8,12197.29,4,3,3,3.3333333333333335,High Value
CUST03352,Reyansh Joshi,2024-04-24,6,31294.95,252,5215.82,1,4,2,2.3333333333333335,Medium Value
CUST03353,Isha Patel,2024-09-22,5,58373.14,101,11674.63,2,3,3,2.6666666666666665,Medium Value
CUST03354,Riya Kumar,2024-03-27,3,16402.29,280,5467.43,1,2,2,1.6666666666666667,Low Value
CUST03355,Ishaan Iyer,2024-12-20,3,33841.0,12,11280.33,4,2,2,2.6666666666666665,Medium Value
CUST03356,Unknown,2024-11-13,4,59797.850000000006,49,14949.46,3,3,3,3.0,High Value
CUST03357,Sai Singh,2024-03-30,5,65744.63,277,13148.93,1,3,3,2.3333333333333335,Medium Value
CUST03358,Aditya Gupta,2024-10-22,3,31459.37,71,10486.46,3,2,2,2.3333333333333335,Medium Value
CUST03359,Vihaan Kumar,2024-12-30,4,33738.88,2,8434.72,4,3,2,3.0,High Value
CUST03360,Ayaan Kapoor,2023-06-04,2,2158.53,577,1079.27,1,1,1,1.0,Low Value
CUST03361,Aditya Bose,2024-12-25,3,8550.6,7,2850.2,4,2,1,2.3333333333333335,Medium Value
CUST03362,Ayaan Das,2024-02-02,4,54626.93,334,13656.73,1,3,3,2.3333333333333335,Medium Value
CUST03363,Vihaan Rao,2024-08-02,4,159045.78999999998,152,39761.45,2,3,4,3.0,High Value
CUST03364,Aadhya Das,2023-09-08,1,1282.39,481,1282.39,1,1,1,1.0,Low Value
CUST03365,Sai Joshi,2023-08-19,3,50748.94,501,16916.31,1,2,3,2.0,Medium Value
CUST03366,Vihaan Nair,2024-11-01,3,29461.05,61,9820.35,3,2,2,2.3333333333333335,Medium Value
CUST03367,Anika Gupta,2024-12-27,4,214041.72,5,53510.43,4,3,4,3.6666666666666665,High Value
CUST03368,Anika Iyer,2024-12-18,3,4524.07,14,1508.02,4,2,1,2.3333333333333335,Medium Value
CUST03369,Vivaan Das,2024-11-06,6,22960.98,56,3826.83,3,4,2,3.0,High Value
CUST03370,Isha Verma,2024-11-28,6,134586.66,34,22431.11,3,4,4,3.6666666666666665,High Value
CUST03371,Isha Chopra,2024-12-26,3,35750.6,6,11916.87,4,2,3,3.0,High Value
CUST03372,Kiara Chopra,2023-12-23,3,18886.41,375,6295.47,1,2,2,1.6666666666666667,Low Value
CUST03373,Aditya Gupta,2024-10-12,10,89441.81,81,8944.18,3,4,4,3.6666666666666665,High Value
CUST03374,Diya Kumar,2023-04-04,1,623.55,638,623.55,1,1,1,1.0,Low Value
CUST03375,Isha Reddy,2024-10-28,4,95171.27,65,23792.82,3,3,4,3.3333333333333335,High Value
CUST03376,Reyansh Das,2024-06-13,5,14847.86,202,2969.57,2,3,2,2.3333333333333335,Medium Value
CUST03377,Krishna Das,2024-08-22,4,32717.97,132,8179.49,2,3,2,2.3333333333333335,Medium Value
CUST03378,Diya Das,2024-10-31,2,236292.03999999998,62,118146.02,3,1,4,2.6666666666666665,Medium Value
CUST03379,Ishaan Sharma,2023-11-28,7,96303.70999999999,400,13757.67,1,4,4,3.0,High Value
CUST03380,Ayaan Kapoor,2024-12-05,8,370424.55000000005,27,46303.07,4,4,4,4.0,High Value
CUST03381,Saanvi Gupta,2024-10-30,4,128149.23,63,32037.31,3,3,4,3.3333333333333335,High Value
CUST03382,Aditya Kumar,2024-10-13,8,258136.47999999998,80,32267.06,3,4,4,3.6666666666666665,High Value
CUST03383,Ananya Reddy,2024-12-20,5,109487.95,12,21897.59,4,3,4,3.6666666666666665,High Value
CUST03384,Ishaan Mehta,2024-10-29,3,15826.04,64,5275.35,3,2,2,2.3333333333333335,Medium Value
CUST03385,Isha Verma,2024-08-03,2,17507.46,151,8753.73,2,1,2,1.6666666666666667,Low Value
CUST03386,Aditya Nair,2024-10-26,6,25371.78,67,4228.63,3,4,2,3.0,High Value
CUST03387,Ananya Das,2024-11-24,7,62640.18,38,8948.6,3,4,3,3.3333333333333335,High Value
CUST03388,Reyansh Das,2024-12-23,2,8122.72,9,4061.36,4,1,1,2.0,Medium Value
CUST03389,Vivaan Patel,2024-04-13,4,16393.84,263,4098.46,1,3,2,2.0,Medium Value
CUST03390,Krishna Menon,2024-09-01,4,60231.92,122,15057.98,2,3,3,2.6666666666666665,Medium Value
CUST03391,Vivaan Agarwal,2024-09-10,5,50467.53,113,10093.51,2,3,3,2.6666666666666665,Medium Value
CUST03392,Myra Bose,2024-10-08,9,276235.76999999996,85,30692.86,2,4,4,3.3333333333333335,High Value
CUST03393,Reyansh Reddy,2024-11-28,6,43303.259999999995,34,7217.21,3,4,3,3.3333333333333335,High Value
CUST03394,Anika Das,2024-12-24,5,20236.77,8,4047.35,4,3,2,3.0,High Value
CUST03395,Ananya Patel,2024-09-22,9,108242.39,101,12026.93,2,4,4,3.3333333333333335,High Value
CUST03396,Aadhya Patel,2024-11-28,5,45014.19,34,9002.84,3,3,3,3.0,High Value
CUST03397,Sai Verma,2023-12-21,2,12011.7,377,6005.85,1,1,1,1.0,Low Value
CUST03398,Isha Malhotra,2024-12-11,5,56811.759999999995,21,11362.35,4,3,3,3.3333333333333335,High Value
CUST03399,Anika Nair,2023-09-18,3,36728.58,471,12242.86,1,2,3,2.0,Medium Value
CUST03400,Arjun Joshi,2024-10-22,6,26931.56,71,4488.59,3,4,2,3.0,High Value
CUST03401,Isha Sharma,2024-12-08,6,60092.05,24,10015.34,4,4,3,3.6666666666666665,High Value
CUST03402,Navya Malhotra,2024-12-04,2,16394.71,28,8197.36,4,1,2,2.3333333333333335,Medium Value
CUST03403,Arjun Reddy,2024-04-11,5,93613.47,265,18722.69,1,3,4,2.6666666666666665,Medium Value
CUST03404,Navya Patel,2024-11-09,3,43144.04000000001,53,14381.35,3,2,3,2.6666666666666665,Medium Value
CUST03405,Arjun Pillai,2024-12-08,4,40033.82000000001,24,10008.46,4,3,3,3.3333333333333335,High Value
CUST03406,Ishaan Malhotra,2024-10-10,2,26741.16,83,13370.58,3,1,2,2.0,Medium Value
CUST03407,Ishaan Kapoor,2024-12-09,7,59247.64,23,8463.95,4,4,3,3.6666666666666665,High Value
CUST03408,Diya Agarwal,2024-04-05,4,12644.73,271,3161.18,1,3,1,1.6666666666666667,Low Value
CUST03409,Aarav Kapoor,2024-12-10,10,79993.7,22,7999.37,4,4,4,4.0,High Value
CUST03410,Sai Gupta,2024-12-20,6,13448.11,12,2241.35,4,4,1,3.0,High Value
CUST03411,Vivaan Verma,2024-10-23,6,70264.66,70,11710.78,3,4,3,3.3333333333333335,High Value
CUST03412,Saanvi Iyer,2024-12-19,7,115660.17,13,16522.88,4,4,4,4.0,High Value
CUST03413,Myra Kumar,2024-12-13,5,104402.69,19,20880.54,4,3,4,3.6666666666666665,High Value
CUST03414,Reyansh Das,2024-07-02,4,165509.25,183,41377.31,2,3,4,3.0,High Value
CUST03415,Isha Das,2024-12-24,8,25899.05,8,3237.38,4,4,2,3.3333333333333335,High Value
CUST03416,Reyansh Mehta,2024-03-05,4,31129.32,302,7782.33,1,3,2,2.0,Medium Value
CUST03417,Kiara Patel,2024-08-01,4,54909.24,153,13727.31,2,3,3,2.6666666666666665,Medium Value
CUST03418,Arjun Verma,2024-12-25,9,154731.44,7,17192.38,4,4,4,4.0,High Value
CUST03419,Kiara Kapoor,2024-11-24,6,83221.24,38,13870.21,3,4,4,3.6666666666666665,High Value
CUST03420,Riya Iyer,2024-11-01,5,53096.07,61,10619.21,3,3,3,3.0,High Value
CUST03421,Riya Reddy,2024-03-17,4,17084.44,290,4271.11,1,3,2,2.0,Medium Value
CUST03422,Vihaan Gupta,2024-07-22,2,60929.53,163,30464.76,2,1,3,2.0,Medium Value
CUST03423,Isha Chopra,2024-11-21,4,66995.33,41,16748.83,3,3,3,3.0,High Value
CUST03424,Aarav Patel,2024-10-31,6,34583.950000000004,62,5763.99,3,4,2,3.0,High Value
CUST03425,Ananya Sharma,2024-08-12,4,75129.03,142,18782.26,2,3,4,3.0,High Value
CUST03426,Reyansh Patel,2024-12-07,4,56679.729999999996,25,14169.93,4,3,3,3.3333333333333335,High Value
CUST03427,Aadhya Verma,2024-11-22,4,93711.7,40,23427.92,3,3,4,3.3333333333333335,High Value
CUST03428,Vihaan Chopra,2024-05-17,4,109778.5,229,27444.62,1,3,4,2.6666666666666665,Medium Value
CUST03429,Kiara Agarwal,2024-11-25,6,72053.3,37,12008.88,3,4,3,3.3333333333333335,High Value
CUST03430,Aarav Gupta,2024-12-29,3,5014.35,3,1671.45,4,2,1,2.3333333333333335,Medium Value
CUST03431,Aditya Reddy,2024-11-20,4,76265.56,42,19066.39,3,3,4,3.3333333333333335,High Value
CUST03432,Aarav Chopra,2023-09-21,2,3559.3599999999997,468,1779.68,1,1,1,1.0,Low Value
CUST03433,Sai Menon,2024-12-19,12,150885.57,13,12573.8,4,4,4,4.0,High Value
CUST03434,Aditya Pillai,2024-12-09,6,41783.1,23,6963.85,4,4,3,3.6666666666666665,High Value
CUST03435,Vivaan Agarwal,2024-12-12,4,24309.68,20,6077.42,4,3,2,3.0,High Value
CUST03436,Diya Mehta,2024-11-23,5,162007.77,39,32401.55,3,3,4,3.3333333333333335,High Value
CUST03437,Arjun Iyer,2024-12-06,5,24944.22,26,4988.84,4,3,2,3.0,High Value
CUST03438,Vivaan Verma,2024-04-23,3,12285.96,253,4095.32,1,2,1,1.3333333333333333,Low Value
CUST03439,Sai Mehta,2024-12-19,7,90119.87,13,12874.27,4,4,4,4.0,High Value
CUST03440,Navya Bose,2024-04-21,3,70458.97,255,23486.32,1,2,3,2.0,Medium Value
CUST03442,Kiara Patel,2024-11-06,4,55973.51,56,13993.38,3,3,3,3.0,High Value
CUST03443,Myra Joshi,2024-12-30,9,109867.79,2,12207.53,4,4,4,4.0,High Value
CUST03444,Aditya Mehta,2024-10-26,6,11924.57,67,1987.43,3,4,1,2.6666666666666665,Medium Value
CUST03445,Arjun Rao,2024-03-10,4,226760.23,297,56690.06,1,3,4,2.6666666666666665,Medium Value
CUST03446,Saanvi Patel,2024-12-24,3,19102.07,8,6367.36,4,2,2,2.6666666666666665,Medium Value
CUST03447,Diya Nair,2024-10-23,2,56146.75,70,28073.38,3,1,3,2.3333333333333335,Medium Value
CUST03448,Arjun Malhotra,2024-12-25,5,93290.93,7,18658.19,4,3,4,3.6666666666666665,High Value
CUST03449,Myra Sharma,2024-12-28,6,111743.66,4,18623.94,4,4,4,4.0,High Value
CUST03450,Myra Kumar,2024-10-15,7,12046.77,78,1720.97,3,4,1,2.6666666666666665,Medium Value
CUST03451,Aditya Menon,2024-04-21,4,18753.81,255,4688.45,1,3,2,2.0,Medium Value
CUST03453,Myra Chopra,2024-06-26,6,25622.6,189,4270.43,2,4,2,2.6666666666666665,Medium Value
CUST03454,Vivaan Patel,2024-12-26,4,17311.55,6,4327.89,4,3,2,3.0,High Value
CUST03455,Sai Rao,2024-02-06,1,1949.13,330,1949.13,1,1,1,1.0,Low Value
CUST03456,Ananya Nair,2024-12-08,6,68924.53,24,11487.42,4,4,3,3.6666666666666665,High Value
CUST03457,Ayaan Sharma,2024-10-14,8,57937.46,79,7242.18,3,4,3,3.3333333333333335,High Value
CUST03458,Reyansh Patel,2023-08-26,4,59144.65,494,14786.16,1,3,3,2.3333333333333335,Medium Value
CUST03459,Ayaan Pillai,2024-10-31,1,4925.42,62,4925.42,3,1,1,1.6666666666666667,Low Value
CUST03460,Isha Nair,2024-02-15,4,10818.27,321,2704.57,1,3,1,1.6666666666666667,Low Value
CUST03461,Aadhya Agarwal,2024-10-24,5,41555.64,69,8311.13,3,3,3,3.0,High Value
CUST03462,Myra Iyer,2024-12-11,7,26273.36,21,3753.34,4,4,2,3.3333333333333335,High Value
CUST03463,Kiara Mehta,2024-12-05,3,22515.43,27,7505.14,4,2,2,2.6666666666666665,Medium Value
CUST03464,Myra Singh,2024-07-30,3,56427.869999999995,155,18809.29,2,2,3,2.3333333333333335,Medium Value
CUST03465,Isha Das,2024-08-22,1,3375.18,132,3375.18,2,1,1,1.3333333333333333,Low Value
CUST03466,Arjun Reddy,2024-02-10,3,38002.68,326,12667.56,1,2,3,2.0,Medium Value
CUST03467,Krishna Nair,2024-10-21,4,36782.509999999995,72,9195.63,3,3,3,3.0,High Value
CUST03468,Myra Patel,2024-11-16,7,20559.19,46,2937.03,3,4,2,3.0,High Value
CUST03469,Myra Patel,2024-10-15,3,8339.49,78,2779.83,3,2,1,2.0,Medium Value
CUST03470,Aadhya Sharma,2024-12-11,5,32716.469999999998,21,6543.29,4,3,2,3.0,High Value
CUST03471,Krishna Das,2024-07-17,4,25610.39,168,6402.6,2,3,2,2.3333333333333335,Medium Value
CUST03472,Riya Joshi,2024-08-02,4,17064.31,152,4266.08,2,3,2,2.3333333333333335,Medium Value
CUST03473,Ananya Nair,2023-07-08,2,5066.700000000001,543,2533.35,1,1,1,1.0,Low Value
CUST03474,Arjun Mehta,2023-12-18,6,156540.76,380,26090.13,1,4,4,3.0,High Value
CUST03475,Reyansh Mehta,2024-11-24,3,73868.01,38,24622.67,3,2,4,3.0,High Value
CUST03476,Vihaan Iyer,2024-12-01,9,52395.85,31,5821.76,4,4,3,3.6666666666666665,High Value
CUST03477,Aadhya Verma,2024-10-22,10,67625.36,71,6762.54,3,4,3,3.3333333333333335,High Value
CUST03478,Krishna Sharma,2023-09-09,3,10832.63,480,3610.88,1,2,1,1.3333333333333333,Low Value
CUST03479,Ishaan Mehta,2024-12-07,6,53546.54,25,8924.42,4,4,3,3.6666666666666665,High Value
CUST03480,Isha Gupta,2024-12-21,2,25297.170000000002,11,12648.58,4,1,2,2.3333333333333335,Medium Value
CUST03481,Sai Patel,2024-02-26,3,61195.3,310,20398.43,1,2,3,2.0,Medium Value
CUST03482,Vivaan Agarwal,2024-12-18,4,88796.39,14,22199.1,4,3,4,3.6666666666666665,High Value
CUST03483,Vivaan Bose,2024-11-30,4,29044.92,32,7261.23,4,3,2,3.0,High Value
CUST03484,Arjun Menon,2024-07-07,2,44752.909999999996,178,22376.46,2,1,3,2.0,Medium Value
CUST03485,Reyansh Kapoor,2024-09-15,3,21775.09,108,7258.36,2,2,2,2.0,Medium Value
CUST03486,Isha Sharma,2024-12-03,3,49704.15,29,16568.05,4,2,3,3.0,High Value
CUST03487,Unknown,2024-12-28,1,5140.41,4,5140.41,4,1,1,2.0,Medium Value
CUST03488,Aarav Menon,2024-12-28,5,33089.62,4,6617.92,4,3,2,3.0,High Value
CUST03489,Saanvi Iyer,2024-12-10,6,153168.28,22,25528.05,4,4,4,4.0,High Value
CUST03490,Kiara Gupta,2024-11-19,5,72892.55,43,14578.51,3,3,3,3.0,High Value
CUST03491,Aadhya Chopra,2024-12-21,7,77016.54000000001,11,11002.36,4,4,4,4.0,High Value
CUST03492,Diya Das,2024-06-13,3,157861.42,202,52620.47,2,2,4,2.6666666666666665,Medium Value
CUST03493,Saanvi Sharma,2024-06-22,3,56677.8,193,18892.6,2,2,3,2.3333333333333335,Medium Value
CUST03494,Ishaan Gupta,2024-12-13,7,74818.49,19,10688.36,4,4,4,4.0,High Value
CUST03495,Vihaan Kapoor,2024-12-22,3,2874.4700000000003,10,958.16,4,2,1,2.3333333333333335,Medium Value
CUST03496,Ayaan Kapoor,2024-12-13,2,19755.5,19,9877.75,4,1,2,2.3333333333333335,Medium Value
CUST03497,Anika Pillai,2024-12-04,4,19804.280000000002,28,4951.07,4,3,2,3.0,High Value
CUST03498,Kiara Kapoor,2024-03-28,7,255998.48,279,36571.21,1,4,4,3.0,High Value
CUST03499,Kiara Verma,2024-10-06,2,224779.91,87,112389.96,2,1,4,2.3333333333333335,Medium Value
CUST03500,Ananya Sharma,2024-12-14,8,37778.18,18,4722.27,4,4,3,3.6666666666666665,High Value
CUST03501,Kiara Pillai,2024-09-08,4,118922.92000000001,115,29730.73,2,3,4,3.0,High Value
CUST03502,Vihaan Chopra,2024-06-24,4,36848.54,191,9212.14,2,3,3,2.6666666666666665,Medium Value
CUST03503,Arjun Gupta,2023-11-21,2,13680.37,407,6840.18,1,1,1,1.0,Low Value
CUST03504,Saanvi Mehta,2024-02-04,1,3377.38,332,3377.38,1,1,1,1.0,Low Value
CUST03505,Ananya Agarwal,2024-12-16,4,15038.57,16,3759.64,4,3,2,3.0,High Value
CUST03506,Vivaan Reddy,2024-07-29,6,184120.06,156,30686.68,2,4,4,3.3333333333333335,High Value
CUST03507,Krishna Mehta,2024-01-14,3,75932.39,353,25310.8,1,2,4,2.3333333333333335,Medium Value
CUST03508,Navya Reddy,2024-12-30,5,7331.22,2,1466.24,4,3,1,2.6666666666666665,Medium Value
CUST03509,Reyansh Gupta,2024-11-20,4,65223.95,42,16305.99,3,3,3,3.0,High Value
CUST03510,Diya Reddy,2024-11-17,3,8997.720000000001,45,2999.24,3,2,1,2.0,Medium Value
CUST03511,Anika Sharma,2024-12-22,3,5382.41,10,1794.14,4,2,1,2.3333333333333335,Medium Value
CUST03512,Arjun Kapoor,2024-11-02,5,40075.75,60,8015.15,3,3,3,3.0,High Value
CUST03513,Kiara Verma,2024-10-08,4,85373.89,85,21343.47,2,3,4,3.0,High Value
CUST03514,Krishna Reddy,2024-10-28,4,233478.99000000002,65,58369.75,3,3,4,3.3333333333333335,High Value
CUST03515,Vihaan Menon,2024-05-17,3,8631.77,229,2877.26,1,2,1,1.3333333333333333,Low Value
CUST03516,Navya Singh,2024-08-23,6,31055.120000000003,131,5175.85,2,4,2,2.6666666666666665,Medium Value
CUST03517,Saanvi Sharma,2024-11-04,8,447347.95999999996,58,55918.5,3,4,4,3.6666666666666665,High Value
CUST03518,Aditya Kapoor,2024-12-05,8,172344.59,27,21543.07,4,4,4,4.0,High Value
CUST03519,Vihaan Kapoor,2024-12-01,8,193247.96,31,24156.0,4,4,4,4.0,High Value
CUST03520,Riya Sharma,2024-11-14,6,109727.05,48,18287.84,3,4,4,3.6666666666666665,High Value
CUST03521,Arjun Pillai,2024-12-12,5,77056.48,20,15411.3,4,3,4,3.6666666666666665,High Value
CUST03522,Ananya Das,2024-12-20,4,20995.03,12,5248.76,4,3,2,3.0,High Value
CUST03523,Isha Kumar,2024-12-15,5,50206.5,17,10041.3,4,3,3,3.3333333333333335,High Value
CUST03524,Vihaan Singh,2024-12-24,5,41957.09,8,8391.42,4,3,3,3.3333333333333335,High Value
CUST03525,Vihaan Singh,2024-12-10,6,49357.549999999996,22,8226.26,4,4,3,3.6666666666666665,High Value
CUST03526,Isha Agarwal,2024-08-16,3,162206.69999999998,138,54068.9,2,2,4,2.6666666666666665,Medium Value
CUST03527,Navya Kapoor,2024-07-07,3,15435.43,178,5145.14,2,2,2,2.0,Medium Value
CUST03528,Krishna Agarwal,2024-07-24,2,290345.01,161,145172.5,2,1,4,2.3333333333333335,Medium Value
CUST03529,Vivaan Singh,2024-12-14,5,120830.09999999999,18,24166.02,4,3,4,3.6666666666666665,High Value
CUST03530,Diya Reddy,2024-09-01,5,46073.95,122,9214.79,2,3,3,2.6666666666666665,Medium Value
CUST03531,Kiara Reddy,2024-09-20,5,115698.57999999999,103,23139.72,2,3,4,3.0,High Value
CUST03532,Anika Kapoor,2024-10-06,3,106650.40000000001,87,35550.13,2,2,4,2.6666666666666665,Medium Value
CUST03533,Riya Iyer,2024-12-23,7,58250.17,9,8321.45,4,4,3,3.6666666666666665,High Value
CUST03534,Aadhya Joshi,2024-08-26,7,48995.75,128,6999.39,2,4,3,3.0,High Value
CUST03535,Arjun Verma,2024-11-08,8,68274.73000000001,54,8534.34,3,4,3,3.3333333333333335,High Value
CUST03536,Isha Kapoor,2024-11-21,4,16780.01,41,4195.0,3,3,2,2.6666666666666665,Medium Value
CUST03537,Aadhya Rao,2024-11-03,5,57414.310000000005,59,11482.86,3,3,3,3.0,High Value
CUST03539,Reyansh Malhotra,2024-08-10,4,68631.81999999999,144,17157.95,2,3,3,2.6666666666666665,Medium Value
CUST03540,Riya Menon,2024-02-14,3,11165.619999999999,322,3721.87,1,2,1,1.3333333333333333,Low Value
CUST03541,Vivaan Pillai,2024-12-23,7,139187.16,9,19883.88,4,4,4,4.0,High Value
CUST03542,Krishna Pillai,2024-12-27,7,155463.22,5,22209.03,4,4,4,4.0,High Value
CUST03543,Arjun Agarwal,2024-10-17,7,41349.39,76,5907.06,3,4,3,3.3333333333333335,High Value
CUST03544,Myra Singh,2024-10-09,4,174333.03,84,43583.26,2,3,4,3.0,High Value
CUST03545,Diya Reddy,2023-12-24,5,137747.21,374,27549.44,1,3,4,2.6666666666666665,Medium Value
CUST03546,Aadhya Bose,2024-11-05,6,93265.47,57,15544.24,3,4,4,3.6666666666666665,High Value
CUST03547,Aditya Kumar,2024-10-01,5,72520.14,92,14504.03,2,3,3,2.6666666666666665,Medium Value
CUST03548,Anika Mehta,2024-10-12,2,4349.150000000001,81,2174.58,3,1,1,1.6666666666666667,Low Value
CUST03549,Ishaan Chopra,2024-07-05,4,15853.66,180,3963.42,2,3,2,2.3333333333333335,Medium Value
CUST03550,Anika Kumar,2024-10-09,3,11111.03,84,3703.68,2,2,1,1.6666666666666667,Low Value
CUST03551,Saanvi Mehta,2024-12-11,6,96437.73999999999,21,16072.96,4,4,4,4.0,High Value
CUST03553,Aarav Singh,2024-12-08,9,131011.26000000001,24,14556.81,4,4,4,4.0,High Value
CUST03554,Vihaan Agarwal,2024-11-12,3,22083.3,50,7361.1,3,2,2,2.3333333333333335,Medium Value
CUST03555,Krishna Agarwal,2024-03-12,3,9572.58,295,3190.86,1,2,1,1.3333333333333333,Low Value
CUST03556,Aadhya Malhotra,2024-11-30,5,16530.21,32,3306.04,4,3,2,3.0,High Value
CUST03557,Sai Mehta,2024-08-06,3,7029.01,148,2343.0,2,2,1,1.6666666666666667,Low Value
CUST03558,Kiara Singh,2024-07-10,5,120902.97,175,24180.59,2,3,4,3.0,High Value
CUST03559,Navya Agarwal,2024-11-20,3,128442.36,42,42814.12,3,2,4,3.0,High Value
CUST03560,Anika Bose,2024-02-16,2,11809.74,320,5904.87,1,1,1,1.0,Low Value
CUST03561,Reyansh Kapoor,2023-07-29,2,11692.69,522,5846.34,1,1,1,1.0,Low Value
CUST03562,Ananya Rao,2023-01-12,1,11776.97,720,11776.97,1,1,1,1.0,Low Value
CUST03563,Aditya Pillai,2024-12-13,6,147044.94,19,24507.49,4,4,4,4.0,High Value
CUST03564,Navya Mehta,2024-10-24,3,6201.71,69,2067.24,3,2,1,2.0,Medium Value
CUST03565,Sai Das,2024-12-11,4,58633.14,21,14658.28,4,3,3,3.3333333333333335,High Value
CUST03566,Ishaan Agarwal,2024-09-06,5,38539.86,117,7707.97,2,3,3,2.6666666666666665,Medium Value
CUST03567,Isha Kapoor,2023-12-30,3,54834.159999999996,368,18278.05,1,2,3,2.0,Medium Value
CUST03568,Sai Das,2024-04-03,8,272137.36,273,34017.17,1,4,4,3.0,High Value
CUST03569,Vihaan Rao,2024-12-01,5,22830.010000000002,31,4566.0,4,3,2,3.0,High Value
CUST03570,Aarav Menon,2024-12-06,5,29526.97,26,5905.39,4,3,2,3.0,High Value
CUST03571,Arjun Nair,2024-12-14,5,95671.53,18,19134.31,4,3,4,3.6666666666666665,High Value
CUST03572,Diya Verma,2024-12-18,5,50090.13,14,10018.03,4,3,3,3.3333333333333335,High Value
CUST03573,Diya Kumar,2024-07-19,3,10138.64,166,3379.55,2,2,1,1.6666666666666667,Low Value
CUST03574,Arjun Das,2024-11-15,6,12719.36,47,2119.89,3,4,1,2.6666666666666665,Medium Value
CUST03575,Krishna Mehta,2023-11-16,4,29292.29,412,7323.07,1,3,2,2.0,Medium Value
CUST03576,Aarav Gupta,2024-01-03,3,16519.760000000002,364,5506.59,1,2,2,1.6666666666666667,Low Value
CUST03577,Navya Bose,2024-12-17,9,54411.61,15,6045.73,4,4,3,3.6666666666666665,High Value
CUST03578,Aditya Iyer,2023-12-15,3,34924.83,383,11641.61,1,2,3,2.0,Medium Value
CUST03579,Vivaan Gupta,2024-08-05,4,5083.43,149,1270.86,2,3,1,2.0,Medium Value
CUST03580,Aadhya Singh,2024-11-14,4,11069.57,48,2767.39,3,3,1,2.3333333333333335,Medium Value
CUST03581,Riya Das,2024-10-22,7,23406.28,71,3343.75,3,4,2,3.0,High Value
CUST03582,Reyansh Bose,2024-05-22,7,66120.97,224,9445.85,1,4,3,2.6666666666666665,Medium Value
CUST03583,Aditya Iyer,2024-08-24,3,25553.97,130,8517.99,2,2,2,2.0,Medium Value
CUST03584,Vivaan Iyer,2024-10-07,5,18575.850000000002,86,3715.17,2,3,2,2.3333333333333335,Medium Value
CUST03585,Diya Bose,2024-10-17,4,95508.68000000001,76,23877.17,3,3,4,3.3333333333333335,High Value
CUST03586,Kiara Verma,2024-09-29,7,116875.63000000002,94,16696.52,2,4,4,3.3333333333333335,High Value
CUST03587,Navya Das,2024-11-03,8,307291.58,59,38411.45,3,4,4,3.6666666666666665,High Value
CUST03588,Aadhya Kumar,2024-12-06,2,35046.270000000004,26,17523.14,4,1,3,2.6666666666666665,Medium Value
CUST03589,Ishaan Bose,2024-03-10,2,12231.07,297,6115.54,1,1,1,1.0,Low Value
CUST03590,Ishaan Chopra,2024-11-18,2,11023.05,44,5511.52,3,1,1,1.6666666666666667,Low Value
CUST03591,Vivaan Kumar,2024-12-24,7,125068.08,8,17866.87,4,4,4,4.0,High Value
CUST03592,Reyansh Patel,2024-11-23,3,3783.31,39,1261.1,3,2,1,2.0,Medium Value
CUST03593,Aditya Das,2024-11-28,5,49231.549999999996,34,9846.31,3,3,3,3.0,High Value
CUST03594,Aditya Patel,2024-11-29,5,57045.39000000001,33,11409.08,4,3,3,3.3333333333333335,High Value
CUST03595,Ananya Joshi,2024-12-10,7,31934.620000000003,22,4562.09,4,4,2,3.3333333333333335,High Value
CUST03596,Ishaan Bose,2023-07-14,1,3184.98,537,3184.98,1,1,1,1.0,Low Value
CUST03597,Anika Singh,2024-12-27,7,174309.45,5,24901.35,4,4,4,4.0,High Value
CUST03598,Vivaan Chopra,2024-07-27,4,83340.21,158,20835.05,2,3,4,3.0,High Value
CUST03599,Reyansh Verma,2024-08-21,8,155644.30000000002,133,19455.54,2,4,4,3.3333333333333335,High Value
CUST03600,Navya Singh,2024-12-12,3,11113.1,20,3704.37,4,2,1,2.3333333333333335,Medium Value
CUST03601,Ayaan Menon,2024-04-27,7,31489.420000000002,249,4498.49,1,4,2,2.3333333333333335,Medium Value
CUST03602,Aadhya Bose,2024-10-23,4,159219.55000000002,70,39804.89,3,3,4,3.3333333333333335,High Value
CUST03603,Navya Chopra,2024-10-24,4,9298.86,69,2324.72,3,3,1,2.3333333333333335,Medium Value
CUST03604,Ayaan Verma,2024-12-19,4,96663.36,13,24165.84,4,3,4,3.6666666666666665,High Value
CUST03605,Kiara Iyer,2024-09-13,6,73135.01,110,12189.17,2,4,3,3.0,High Value
CUST03607,Ayaan Pillai,2024-05-11,2,6765.91,235,3382.96,1,1,1,1.0,Low Value
CUST03608,Arjun Chopra,2024-10-20,6,183140.54,73,30523.42,3,4,4,3.6666666666666665,High Value
CUST03609,Kiara Nair,2024-12-15,4,238963.43,17,59740.86,4,3,4,3.6666666666666665,High Value
CUST03610,Riya Nair,2024-02-10,3,108853.48,326,36284.49,1,2,4,2.3333333333333335,Medium Value
CUST03611,Riya Agarwal,2024-04-01,3,112368.00000000001,275,37456.0,1,2,4,2.3333333333333335,Medium Value
CUST03612,Ishaan Reddy,2024-12-29,9,37614.86,3,4179.43,4,4,3,3.6666666666666665,High Value
CUST03613,Krishna Sharma,2024-01-26,5,28544.62,341,5708.92,1,3,2,2.0,Medium Value
CUST03614,Riya Kumar,2024-12-09,5,38259.45,23,7651.89,4,3,3,3.3333333333333335,High Value
CUST03615,Riya Sharma,2024-08-29,2,4469.33,125,2234.66,2,1,1,1.3333333333333333,Low Value
CUST03616,Kiara Kapoor,2024-03-18,3,55804.09,289,18601.36,1,2,3,2.0,Medium Value
CUST03617,Reyansh Bose,2024-09-02,6,41489.72,121,6914.95,2,4,3,3.0,High Value
CUST03618,Ayaan Kumar,2024-06-14,6,44513.28999999999,201,7418.88,2,4,3,3.0,High Value
CUST03619,Ishaan Kumar,2024-07-23,2,6280.93,162,3140.46,2,1,1,1.3333333333333333,Low Value
CUST03620,Anika Kumar,2024-10-15,4,6911.71,78,1727.93,3,3,1,2.3333333333333335,Medium Value
CUST03621,Kiara Das,2024-12-04,9,228944.04,28,25438.23,4,4,4,4.0,High Value
CUST03622,Aarav Chopra,2024-11-05,6,14522.32,57,2420.39,3,4,1,2.6666666666666665,Medium Value
CUST03623,Aarav Chopra,2024-12-23,5,109704.70999999999,9,21940.94,4,3,4,3.6666666666666665,High Value
CUST03624,Navya Agarwal,2024-06-19,4,9956.6,196,2489.15,2,3,1,2.0,Medium Value
CUST03625,Myra Das,2024-02-19,3,27922.01,317,9307.34,1,2,2,1.6666666666666667,Low Value
CUST03626,Reyansh Sharma,2024-11-20,7,133103.64,42,19014.81,3,4,4,3.6666666666666665,High Value
CUST03627,Myra Sharma,2024-11-14,7,72471.79,48,10353.11,3,4,3,3.3333333333333335,High Value
CUST03628,Anika Patel,2024-12-21,6,38583.87,11,6430.64,4,4,3,3.6666666666666665,High Value
CUST03629,Vivaan Joshi,2024-10-16,9,121802.3,77,13533.59,3,4,4,3.6666666666666665,High Value
CUST03630,Sai Rao,2024-12-07,5,228515.08,25,45703.02,4,3,4,3.6666666666666665,High Value
CUST03631,Navya Patel,2024-02-03,3,33285.05,333,11095.02,1,2,2,1.6666666666666667,Low Value
CUST03632,Ishaan Agarwal,2024-12-29,2,6338.67,3,3169.34,4,1,1,2.0,Medium Value
CUST03633,Krishna Nair,2024-01-19,3,8655.09,348,2885.03,1,2,1,1.3333333333333333,Low Value
CUST03634,Ishaan Joshi,2024-10-25,5,64452.420000000006,68,12890.48,3,3,3,3.0,High Value
CUST03635,Sai Rao,2024-11-21,5,108629.58,41,21725.92,3,3,4,3.3333333333333335,High Value
CUST03636,Sai Reddy,2024-08-04,3,36450.41,150,12150.14,2,2,3,2.3333333333333335,Medium Value
CUST03637,Diya Gupta,2024-02-03,2,29622.42,333,14811.21,1,1,2,1.3333333333333333,Low Value
CUST03638,Aadhya Pillai,2024-06-23,3,6776.72,192,2258.91,2,2,1,1.6666666666666667,Low Value
CUST03639,Myra Reddy,2024-08-17,3,31290.890000000003,137,10430.3,2,2,2,2.0,Medium Value
CUST03640,Ayaan Agarwal,2024-10-20,7,168184.92,73,24026.42,3,4,4,3.6666666666666665,High Value
CUST03641,Saanvi Iyer,2024-05-02,5,85184.18,244,17036.84,1,3,4,2.6666666666666665,Medium Value
CUST03642,Ishaan Iyer,2024-11-05,8,43292.98,57,5411.62,3,4,3,3.3333333333333335,High Value
CUST03643,Kiara Menon,2024-12-10,12,372012.37,22,31001.03,4,4,4,4.0,High Value
CUST03644,Vivaan Das,2024-12-13,7,119445.70999999999,19,17063.67,4,4,4,4.0,High Value
CUST03645,Vivaan Pillai,2023-09-03,2,30327.949999999997,486,15163.97,1,1,2,1.3333333333333333,Low Value
CUST03646,Vivaan Gupta,2024-04-11,5,53428.479999999996,265,10685.7,1,3,3,2.3333333333333335,Medium Value
CUST03647,Sai Gupta,2024-10-20,4,98755.04000000001,73,24688.76,3,3,4,3.3333333333333335,High Value
CUST03648,Ishaan Patel,2024-12-08,2,71238.73,24,35619.36,4,1,3,2.6666666666666665,Medium Value
CUST03649,Myra Joshi,2024-08-02,2,25233.77,152,12616.88,2,1,2,1.6666666666666667,Low Value
CUST03650,Riya Gupta,2024-12-12,5,49409.25,20,9881.85,4,3,3,3.3333333333333335,High Value
CUST03651,Navya Reddy,2024-10-27,1,32872.24,66,32872.24,3,1,2,2.0,Medium Value
CUST03652,Unknown,2023-11-17,1,2909.44,411,2909.44,1,1,1,1.0,Low Value
CUST03653,Diya Kumar,2024-12-27,5,96671.28,5,19334.26,4,3,4,3.6666666666666665,High Value
CUST03654,Aditya Chopra,2024-04-05,4,6713.3099999999995,271,1678.33,1,3,1,1.6666666666666667,Low Value
CUST03655,Vihaan Kumar,2024-11-12,8,73545.3,50,9193.16,3,4,3,3.3333333333333335,High Value
CUST03656,Aarav Agarwal,2024-12-23,4,5872.67,9,1468.17,4,3,1,2.6666666666666665,Medium Value
CUST03657,Diya Das,2024-10-23,3,81410.68,70,27136.89,3,2,4,3.0,High Value
CUST03658,Krishna Verma,2024-11-14,4,15479.0,48,3869.75,3,3,2,2.6666666666666665,Medium Value
CUST03659,Arjun Das,2023-10-17,2,24035.24,442,12017.62,1,1,2,1.3333333333333333,Low Value
CUST03660,Myra Kapoor,2024-08-11,5,37163.42,143,7432.68,2,3,3,2.6666666666666665,Medium Value
CUST03661,Aditya Singh,2024-12-28,8,206690.22,4,25836.28,4,4,4,4.0,High Value
CUST03662,Ananya Rao,2024-12-26,2,27983.02,6,13991.51,4,1,2,2.3333333333333335,Medium Value
CUST03663,Aditya Kapoor,2024-12-13,4,38171.15,19,9542.79,4,3,3,3.3333333333333335,High Value
CUST03664,Kiara Mehta,2024-05-24,2,20615.93,222,10307.96,1,1,2,1.3333333333333333,Low Value
CUST03665,Krishna Chopra,2024-10-10,2,2341.4300000000003,83,1170.72,3,1,1,1.6666666666666667,Low Value
CUST03666,Myra Mehta,2024-12-17,5,66381.36,15,13276.27,4,3,3,3.3333333333333335,High Value
CUST03667,Anika Pillai,2024-11-07,5,67238.23999999999,55,13447.65,3,3,3,3.0,High Value
CUST03668,Vivaan Verma,2024-08-10,2,77086.43,144,38543.21,2,1,4,2.3333333333333335,Medium Value
CUST03669,Sai Pillai,2024-09-05,7,64337.810000000005,118,9191.12,2,4,3,3.0,High Value
CUST03670,Ayaan Gupta,2024-12-14,7,146976.64,18,20996.66,4,4,4,4.0,High Value
CUST03671,Aadhya Kapoor,2024-11-25,4,40582.69,37,10145.67,3,3,3,3.0,High Value
CUST03672,Aarav Gupta,2024-12-29,6,68723.42,3,11453.9,4,4,3,3.6666666666666665,High Value
CUST03673,Navya Iyer,2024-11-08,3,10801.97,54,3600.66,3,2,1,2.0,Medium Value
CUST03674,Sai Sharma,2024-06-23,6,73309.44,192,12218.24,2,4,3,3.0,High Value
CUST03675,Ishaan Patel,2024-11-11,6,42342.75,51,7057.12,3,4,3,3.3333333333333335,High Value
CUST03676,Diya Singh,2024-08-30,2,4651.32,124,2325.66,2,1,1,1.3333333333333333,Low Value
CUST03677,Saanvi Joshi,2024-11-10,4,47349.03,52,11837.26,3,3,3,3.0,High Value
CUST03678,Ayaan Menon,2024-07-31,5,159397.87,154,31879.57,2,3,4,3.0,High Value
CUST03679,Aditya Bose,2024-12-21,5,75607.81,11,15121.56,4,3,4,3.6666666666666665,High Value
CUST03680,Reyansh Bose,2024-12-20,6,25990.48,12,4331.75,4,4,2,3.3333333333333335,High Value
CUST03681,Vivaan Rao,2024-07-18,5,24571.239999999998,167,4914.25,2,3,2,2.3333333333333335,Medium Value
CUST03682,Arjun Iyer,2024-11-01,5,67609.27,61,13521.85,3,3,3,3.0,High Value
CUST03684,Aditya Joshi,2024-12-18,6,29499.1,14,4916.52,4,4,2,3.3333333333333335,High Value
CUST03685,Vivaan Sharma,2024-08-24,5,29703.58,130,5940.72,2,3,2,2.3333333333333335,Medium Value
CUST03686,Reyansh Rao,2024-06-05,3,18543.03,210,6181.01,2,2,2,2.0,Medium Value
CUST03687,Arjun Pillai,2024-12-23,5,59692.29,9,11938.46,4,3,3,3.3333333333333335,High Value
CUST03688,Ananya Verma,2024-11-30,2,3639.31,32,1819.66,4,1,1,2.0,Medium Value
CUST03689,Ayaan Iyer,2024-11-30,8,42758.25,32,5344.78,4,4,3,3.6666666666666665,High Value
CUST03690,Aditya Verma,2024-12-08,6,18316.74,24,3052.79,4,4,2,3.3333333333333335,High Value
CUST03691,Reyansh Kumar,2024-07-19,5,46584.0,166,9316.8,2,3,3,2.6666666666666665,Medium Value
CUST03692,Arjun Menon,2023-12-25,1,12248.68,373,12248.68,1,1,1,1.0,Low Value
CUST03693,Saanvi Menon,2024-11-18,1,3642.36,44,3642.36,3,1,1,1.6666666666666667,Low Value
CUST03694,Sai Menon,2023-10-05,3,57974.98,454,19324.99,1,2,3,2.0,Medium Value
CUST03695,Navya Verma,2024-12-16,5,36456.770000000004,16,7291.35,4,3,3,3.3333333333333335,High Value
CUST03696,Sai Iyer,2024-11-23,6,45468.48,39,7578.08,3,4,3,3.3333333333333335,High Value
CUST03697,Aditya Sharma,2024-06-22,2,5432.3,193,2716.15,2,1,1,1.3333333333333333,Low Value
CUST03698,Aarav Pillai,2023-04-13,1,96855.48,629,96855.48,1,1,4,2.0,Medium Value
CUST03699,Arjun Das,2024-09-16,3,17507.33,107,5835.78,2,2,2,2.0,Medium Value
CUST03700,Riya Bose,2024-10-30,4,185761.12,63,46440.28,3,3,4,3.3333333333333335,High Value
CUST03701,Myra Pillai,2024-12-12,10,126537.38,20,12653.74,4,4,4,4.0,High Value
CUST03702,Aditya Bose,2024-12-28,7,39887.93,4,5698.28,4,4,3,3.6666666666666665,High Value
CUST03703,Arjun Verma,2024-10-17,4,27506.78,76,6876.7,3,3,2,2.6666666666666665,Medium Value
CUST03705,Kiara Gupta,2023-10-14,2,7874.23,445,3937.12,1,1,1,1.0,Low Value
CUST03706,Isha Kumar,2024-11-07,3,11709.96,55,3903.32,3,2,1,2.0,Medium Value
CUST03707,Ayaan Sharma,2024-08-17,2,17749.16,137,8874.58,2,1,2,1.6666666666666667,Low Value
CUST03708,Ayaan Agarwal,2024-12-24,5,41588.869999999995,8,8317.77,4,3,3,3.3333333333333335,High Value
CUST03709,Isha Kapoor,2024-01-20,4,8990.52,347,2247.63,1,3,1,1.6666666666666667,Low Value
CUST03710,Navya Menon,2024-03-27,2,29665.33,280,14832.66,1,1,2,1.3333333333333333,Low Value
CUST03711,Diya Das,2023-12-25,3,190219.66,373,63406.55,1,2,4,2.3333333333333335,Medium Value
CUST03712,Saanvi Mehta,2023-09-15,3,17385.5,474,5795.17,1,2,2,1.6666666666666667,Low Value
CUST03713,Reyansh Rao,2024-08-15,5,8142.89,139,1628.58,2,3,1,2.0,Medium Value
CUST03714,Myra Malhotra,2024-07-23,6,143663.16,162,23943.86,2,4,4,3.3333333333333335,High Value
CUST03715,Diya Iyer,2024-10-08,5,14031.67,85,2806.33,2,3,1,2.0,Medium Value
CUST03716,Ayaan Agarwal,2024-12-10,5,70335.94,22,14067.19,4,3,3,3.3333333333333335,High Value
CUST03717,Navya Das,2024-09-20,2,6437.08,103,3218.54,2,1,1,1.3333333333333333,Low Value
CUST03718,Navya Malhotra,2024-08-22,4,19954.870000000003,132,4988.72,2,3,2,2.3333333333333335,Medium Value
CUST03719,Vihaan Joshi,2024-10-09,4,80129.16,84,20032.29,2,3,4,3.0,High Value
CUST03721,Krishna Mehta,2024-11-24,8,46302.78999999999,38,5787.85,3,4,3,3.3333333333333335,High Value
CUST03722,Navya Joshi,2023-11-10,2,27039.65,418,13519.82,1,1,2,1.3333333333333333,Low Value
CUST03723,Navya Reddy,2024-10-26,6,30812.72,67,5135.45,3,4,2,3.0,High Value
CUST03724,Vihaan Kumar,2024-12-22,3,16115.060000000001,10,5371.69,4,2,2,2.6666666666666665,Medium Value
CUST03725,Myra Gupta,2024-12-15,6,29958.149999999998,17,4993.02,4,4,2,3.3333333333333335,High Value
CUST03726,Navya Rao,2024-11-04,6,186151.48,58,31025.25,3,4,4,3.6666666666666665,High Value
CUST03727,Kiara Joshi,2024-12-02,4,8437.15,30,2109.29,4,3,1,2.6666666666666665,Medium Value
CUST03728,Aarav Joshi,2024-01-06,2,4883.49,361,2441.74,1,1,1,1.0,Low Value
CUST03729,Ananya Joshi,2024-12-10,5,37304.590000000004,22,7460.92,4,3,3,3.3333333333333335,High Value
CUST03730,Aadhya Menon,2024-01-13,2,101473.75,354,50736.88,1,1,4,2.0,Medium Value
CUST03731,Riya Reddy,2024-11-03,5,45373.29,59,9074.66,3,3,3,3.0,High Value
CUST03732,Saanvi Agarwal,2024-12-30,5,10668.38,2,2133.68,4,3,1,2.6666666666666665,Medium Value
CUST03733,Aadhya Sharma,2024-09-27,2,2048.22,96,1024.11,2,1,1,1.3333333333333333,Low Value
CUST03734,Reyansh Nair,2024-03-27,3,4658.53,280,1552.84,1,2,1,1.3333333333333333,Low Value
CUST03735,Navya Iyer,2024-10-03,5,9705.6,90,1941.12,2,3,1,2.0,Medium Value
CUST03736,Aarav Joshi,2024-11-30,8,240577.88,32,30072.24,4,4,4,4.0,High Value
CUST03738,Aditya Kumar,2024-12-16,8,35533.590000000004,16,4441.7,4,4,3,3.6666666666666665,High Value
CUST03739,Vivaan Menon,2024-09-09,4,118656.43,114,29664.11,2,3,4,3.0,High Value
CUST03740,Vihaan Mehta,2024-11-21,6,74771.01000000001,41,12461.84,3,4,4,3.6666666666666665,High Value
CUST03741,Ishaan Chopra,2024-10-20,8,35547.47,73,4443.43,3,4,3,3.3333333333333335,High Value
CUST03742,Myra Joshi,2024-10-19,5,61252.9,74,12250.58,3,3,3,3.0,High Value
CUST03743,Myra Reddy,2024-10-13,5,100713.49,80,20142.7,3,3,4,3.3333333333333335,High Value
CUST03744,Myra Gupta,2024-11-13,2,3689.1400000000003,49,1844.57,3,1,1,1.6666666666666667,Low Value
CUST03745,Myra Nair,2023-12-26,4,17306.61,372,4326.65,1,3,2,2.0,Medium Value
CUST03746,Diya Gupta,2024-12-28,3,188528.44,4,62842.81,4,2,4,3.3333333333333335,High Value
CUST03747,Anika Agarwal,2024-12-13,4,22791.33,19,5697.83,4,3,2,3.0,High Value
CUST03748,Ananya Singh,2024-12-24,5,18416.22,8,3683.24,4,3,2,3.0,High Value
CUST03749,Myra Joshi,2024-12-15,5,17545.59,17,3509.12,4,3,2,3.0,High Value
CUST03750,Krishna Patel,2023-06-19,1,8458.53,562,8458.53,1,1,1,1.0,Low Value
CUST03751,Isha Verma,2024-12-10,3,43903.53,22,14634.51,4,2,3,3.0,High Value
CUST03752,Krishna Patel,2024-07-19,3,33488.270000000004,166,11162.76,2,2,2,2.0,Medium Value
CUST03753,Aditya Menon,2024-04-05,2,3966.42,271,1983.21,1,1,1,1.0,Low Value
CUST03754,Sai Reddy,2024-09-08,5,32766.29,115,6553.26,2,3,2,2.3333333333333335,Medium Value
CUST03755,Aarav Sharma,2023-12-08,4,60746.369999999995,390,15186.59,1,3,3,2.3333333333333335,Medium Value
CUST03756,Arjun Patel,2024-11-11,5,44176.770000000004,51,8835.35,3,3,3,3.0,High Value
CUST03757,Saanvi Verma,2024-10-15,2,12610.900000000001,78,6305.45,3,1,1,1.6666666666666667,Low Value
CUST03758,Kiara Malhotra,2024-12-07,4,116401.01,25,29100.25,4,3,4,3.6666666666666665,High Value
CUST03759,Saanvi Rao,2023-10-02,2,30820.51,457,15410.26,1,1,2,1.3333333333333333,Low Value
CUST03760,Reyansh Rao,2024-12-24,3,40808.13,8,13602.71,4,2,3,3.0,High Value
CUST03761,Ishaan Joshi,2023-12-06,2,20494.67,392,10247.33,1,1,2,1.3333333333333333,Low Value
CUST03762,Aadhya Nair,2024-10-10,4,114698.81,83,28674.7,3,3,4,3.3333333333333335,High Value
CUST03763,Vihaan Kapoor,2024-12-05,2,37692.62,27,18846.31,4,1,3,2.6666666666666665,Medium Value
CUST03764,Saanvi Menon,2024-10-07,7,147187.22,86,21026.75,2,4,4,3.3333333333333335,High Value
CUST03765,Navya Rao,2024-08-11,7,51745.46,143,7392.21,2,4,3,3.0,High Value
CUST03766,Navya Kumar,2024-09-12,4,19077.449999999997,111,4769.36,2,3,2,2.3333333333333335,Medium Value
CUST03767,Krishna Gupta,2023-11-01,2,39621.79,427,19810.9,1,1,3,1.6666666666666667,Low Value
CUST03768,Ayaan Menon,2024-10-15,4,16868.11,78,4217.03,3,3,2,2.6666666666666665,Medium Value
CUST03769,Ishaan Pillai,2024-12-28,4,11868.65,4,2967.16,4,3,1,2.6666666666666665,Medium Value
CUST03770,Aditya Chopra,2024-11-09,7,102536.92,53,14648.13,3,4,4,3.6666666666666665,High Value
CUST03771,Ananya Joshi,2024-12-26,6,38397.47,6,6399.58,4,4,3,3.6666666666666665,High Value
CUST03772,Myra Reddy,2024-11-27,4,22922.1,35,5730.52,3,3,2,2.6666666666666665,Medium Value
CUST03773,Vihaan Pillai,2023-03-04,1,3481.17,669,3481.17,1,1,1,1.0,Low Value
CUST03774,Diya Malhotra,2024-10-17,4,97446.94,76,24361.74,3,3,4,3.3333333333333335,High Value
CUST03775,Ananya Kumar,2024-12-24,5,43159.01,8,8631.8,4,3,3,3.3333333333333335,High Value
CUST03776,Arjun Malhotra,2023-10-23,4,4806.59,436,1201.65,1,3,1,1.6666666666666667,Low Value
CUST03777,Navya Chopra,2024-12-09,5,76326.55,23,15265.31,4,3,4,3.6666666666666665,High Value
CUST03778,Diya Verma,2024-08-08,6,149894.91,146,24982.48,2,4,4,3.3333333333333335,High Value
CUST03779,Isha Malhotra,2024-10-01,2,9828.130000000001,92,4914.07,2,1,1,1.3333333333333333,Low Value
CUST03780,Isha Singh,2024-03-12,4,23168.81,295,5792.2,1,3,2,2.0,Medium Value
CUST03781,Navya Patel,2024-11-26,4,48666.73,36,12166.68,3,3,3,3.0,High Value
CUST03782,Riya Chopra,2024-11-23,2,46360.5,39,23180.25,3,1,3,2.3333333333333335,Medium Value
CUST03783,Vivaan Nair,2024-05-02,4,56921.41,244,14230.35,1,3,3,2.3333333333333335,Medium Value
CUST03784,Ananya Kumar,2023-07-23,2,22737.11,528,11368.56,1,1,2,1.3333333333333333,Low Value
CUST03785,Navya Agarwal,2024-10-02,4,23871.2,91,5967.8,2,3,2,2.3333333333333335,Medium Value
CUST03786,Aadhya Mehta,2024-08-26,3,132245.38,128,44081.79,2,2,4,2.6666666666666665,Medium Value
CUST03787,Aditya Iyer,2024-09-05,5,269439.19,118,53887.84,2,3,4,3.0,High Value
CUST03788,Aditya Chopra,2024-12-15,5,113177.84,17,22635.57,4,3,4,3.6666666666666665,High Value
CUST03789,Diya Bose,2024-12-01,7,323644.64,31,46234.95,4,4,4,4.0,High Value
CUST03790,Aditya Reddy,2024-04-03,5,63626.62,273,12725.32,1,3,3,2.3333333333333335,Medium Value
CUST03791,Aadhya Chopra,2024-12-01,2,14592.75,31,7296.38,4,1,1,2.0,Medium Value
CUST03792,Reyansh Mehta,2023-02-09,2,4182.49,692,2091.24,1,1,1,1.0,Low Value
CUST03793,Ananya Malhotra,2024-12-16,2,9144.32,16,4572.16,4,1,1,2.0,Medium Value
CUST03794,Riya Kapoor,2024-12-08,6,277386.95,24,46231.16,4,4,4,4.0,High Value
CUST03795,Isha Bose,2024-03-04,4,24112.829999999998,303,6028.21,1,3,2,2.0,Medium Value
CUST03796,Navya Das,2024-12-10,7,43315.43,22,6187.92,4,4,3,3.6666666666666665,High Value
CUST03797,Arjun Singh,2024-07-11,5,45300.299999999996,174,9060.06,2,3,3,2.6666666666666665,Medium Value
CUST03798,Aadhya Nair,2024-10-05,2,14078.83,88,7039.42,2,1,1,1.3333333333333333,Low Value
CUST03799,Krishna Pillai,2024-04-12,3,5264.26,264,1754.75,1,2,1,1.3333333333333333,Low Value
CUST03800,Aditya Kumar,2024-04-17,3,11300.43,259,3766.81,1,2,1,1.3333333333333333,Low Value
CUST03801,Navya Sharma,2024-12-15,5,64216.85,17,12843.37,4,3,3,3.3333333333333335,High Value
CUST03802,Ayaan Pillai,2024-12-30,5,62188.91,2,12437.78,4,3,3,3.3333333333333335,High Value
CUST03803,Anika Joshi,2024-12-21,6,75717.73999999999,11,12619.62,4,4,4,4.0,High Value
CUST03805,Sai Rao,2024-11-01,6,169571.83000000002,61,28261.97,3,4,4,3.6666666666666665,High Value
CUST03806,Aditya Bose,2024-07-26,6,146516.08000000002,159,24419.35,2,4,4,3.3333333333333335,High Value
CUST03807,Vihaan Bose,2024-10-04,6,84756.56,89,14126.09,2,4,4,3.3333333333333335,High Value
CUST03808,Saanvi Verma,2024-12-13,5,46857.67,19,9371.53,4,3,3,3.3333333333333335,High Value
CUST03809,Vivaan Malhotra,2024-11-16,4,14195.99,46,3549.0,3,3,1,2.3333333333333335,Medium Value
CUST03810,Anika Reddy,2024-12-09,4,50654.87,23,12663.72,4,3,3,3.3333333333333335,High Value
CUST03811,Aadhya Bose,2024-12-21,3,14779.47,11,4926.49,4,2,1,2.3333333333333335,Medium Value
CUST03812,Anika Rao,2024-09-12,8,31705.09,111,3963.14,2,4,2,2.6666666666666665,Medium Value
CUST03813,Sai Pillai,2024-07-17,6,97217.39,168,16202.9,2,4,4,3.3333333333333335,High Value
CUST03814,Sai Agarwal,2024-09-01,2,43389.810000000005,122,21694.91,2,1,3,2.0,Medium Value
CUST03815,Arjun Patel,2024-12-21,3,11641.86,11,3880.62,4,2,1,2.3333333333333335,Medium Value
CUST03816,Vivaan Nair,2023-12-10,2,4003.2400000000002,388,2001.62,1,1,1,1.0,Low Value
CUST03817,Kiara Malhotra,2024-11-29,4,65150.97,33,16287.74,4,3,3,3.3333333333333335,High Value
CUST03818,Ananya Sharma,2024-01-01,5,126050.79999999999,366,25210.16,1,3,4,2.6666666666666665,Medium Value
CUST03819,Navya Bose,2024-03-18,5,36155.4,289,7231.08,1,3,3,2.3333333333333335,Medium Value
CUST03820,Diya Chopra,2024-11-24,4,25841.95,38,6460.49,3,3,2,2.6666666666666665,Medium Value
CUST03821,Ayaan Reddy,2024-10-14,5,145688.15,79,29137.63,3,3,4,3.3333333333333335,High Value
CUST03822,Vivaan Chopra,2024-01-06,1,61758.36,361,61758.36,1,1,3,1.6666666666666667,Low Value
CUST03823,Ishaan Gupta,2024-03-08,7,56663.02,299,8094.72,1,4,3,2.6666666666666665,Medium Value
CUST03824,Isha Mehta,2024-06-01,7,46140.22,214,6591.46,1,4,3,2.6666666666666665,Medium Value
CUST03825,Navya Rao,2024-11-15,9,181789.03,47,20198.78,3,4,4,3.6666666666666665,High Value
CUST03826,Navya Nair,2024-08-26,8,448425.07999999996,128,56053.13,2,4,4,3.3333333333333335,High Value
CUST03827,Ishaan Das,2024-11-28,8,135656.3,34,16957.04,3,4,4,3.6666666666666665,High Value
CUST03828,Ayaan Singh,2024-10-11,5,28189.19,82,5637.84,3,3,2,2.6666666666666665,Medium Value
CUST03829,Vihaan Kumar,2024-12-25,6,35211.06,7,5868.51,4,4,3,3.6666666666666665,High Value
CUST03830,Aarav Joshi,2024-01-15,2,1694.6499999999999,352,847.32,1,1,1,1.0,Low Value
CUST03831,Vivaan Nair,2024-05-27,1,725.31,219,725.31,1,1,1,1.0,Low Value
CUST03832,Reyansh Malhotra,2024-11-26,6,53672.26,36,8945.38,3,4,3,3.3333333333333335,High Value
CUST03833,Arjun Verma,2024-07-22,2,5682.59,163,2841.3,2,1,1,1.3333333333333333,Low Value
CUST03834,Reyansh Nair,2024-06-11,3,65403.53999999999,204,21801.18,2,2,3,2.3333333333333335,Medium Value
CUST03835,Reyansh Reddy,2024-11-27,4,88369.81999999999,35,22092.46,3,3,4,3.3333333333333335,High Value
CUST03836,Aadhya Agarwal,2024-12-05,6,44468.2,27,7411.37,4,4,3,3.6666666666666665,High Value
CUST03837,Sai Singh,2024-11-17,5,27913.329999999998,45,5582.67,3,3,2,2.6666666666666665,Medium Value
CUST03838,Ishaan Agarwal,2023-08-23,2,15124.77,497,7562.38,1,1,2,1.3333333333333333,Low Value
CUST03839,Diya Kapoor,2024-12-14,3,7952.3,18,2650.77,4,2,1,2.3333333333333335,Medium Value
CUST03840,Reyansh Patel,2024-06-30,4,23690.050000000003,185,5922.51,2,3,2,2.3333333333333335,Medium Value
CUST03841,Arjun Gupta,2024-10-08,8,35292.6,85,4411.58,2,4,3,3.0,High Value
CUST03842,Diya Malhotra,2023-12-03,3,8900.380000000001,395,2966.79,1,2,1,1.3333333333333333,Low Value
CUST03843,Ishaan Menon,2024-12-01,3,58909.62,31,19636.54,4,2,3,3.0,High Value
CUST03844,Riya Kapoor,2024-12-11,3,24597.559999999998,21,8199.19,4,2,2,2.6666666666666665,Medium Value
CUST03845,Ananya Nair,2023-10-05,3,27731.52,454,9243.84,1,2,2,1.6666666666666667,Low Value
CUST03846,Aditya Reddy,2024-12-24,10,71258.84,8,7125.88,4,4,3,3.6666666666666665,High Value
CUST03847,Reyansh Rao,2024-10-25,7,33643.74,68,4806.25,3,4,2,3.0,High Value
CUST03848,Vivaan Mehta,2024-12-14,3,11179.96,18,3726.65,4,2,1,2.3333333333333335,Medium Value
CUST03849,Riya Iyer,2024-11-14,7,190773.97,48,27253.42,3,4,4,3.6666666666666665,High Value
CUST03850,Myra Pillai,2024-07-16,3,3797.04,169,1265.68,2,2,1,1.6666666666666667,Low Value
CUST03851,Navya Iyer,2024-01-24,2,8932.25,343,4466.12,1,1,1,1.0,Low Value
CUST03852,Myra Das,2024-02-02,2,2378.09,334,1189.04,1,1,1,1.0,Low Value
CUST03853,Ishaan Menon,2024-07-05,6,33792.15,180,5632.02,2,4,2,2.6666666666666665,Medium Value
CUST03854,Aadhya Bose,2024-01-16,3,16469.79,351,5489.93,1,2,2,1.6666666666666667,Low Value
CUST03855,Riya Reddy,2023-11-01,2,67839.1,427,33919.55,1,1,3,1.6666666666666667,Low Value
CUST03856,Kiara Kapoor,2024-12-21,7,28136.579999999998,11,4019.51,4,4,2,3.3333333333333335,High Value
CUST03857,Ayaan Mehta,2024-11-01,3,34620.24,61,11540.08,3,2,2,2.3333333333333335,Medium Value
CUST03858,Vihaan Pillai,2024-06-14,4,27856.69,201,6964.17,2,3,2,2.3333333333333335,Medium Value
CUST03859,Riya Malhotra,2024-10-04,1,8421.86,89,8421.86,2,1,1,1.3333333333333333,Low Value
CUST03860,Aadhya Sharma,2024-11-15,7,82786.72,47,11826.67,3,4,4,3.6666666666666665,High Value
CUST03861,Myra Mehta,2024-09-26,5,59285.3,97,11857.06,2,3,3,2.6666666666666665,Medium Value
CUST03862,Riya Gupta,2024-11-20,4,69871.11,42,17467.78,3,3,3,3.0,High Value
CUST03863,Arjun Iyer,2024-08-23,4,15632.27,131,3908.07,2,3,2,2.3333333333333335,Medium Value
CUST03864,Navya Chopra,2024-12-27,8,253019.89,5,31627.49,4,4,4,4.0,High Value
CUST03865,Myra Verma,2024-12-15,7,159510.91,17,22787.27,4,4,4,4.0,High Value
CUST03866,Diya Patel,2024-10-22,7,134264.49,71,19180.64,3,4,4,3.6666666666666665,High Value
CUST03867,Ananya Nair,2024-09-13,8,81174.36,110,10146.8,2,4,4,3.3333333333333335,High Value
CUST03868,Diya Verma,2024-08-22,5,50808.09,132,10161.62,2,3,3,2.6666666666666665,Medium Value
CUST03869,Krishna Malhotra,2023-09-25,2,122870.14,464,61435.07,1,1,4,2.0,Medium Value
CUST03870,Vivaan Sharma,2024-09-16,7,127660.2,107,18237.17,2,4,4,3.3333333333333335,High Value
CUST03871,Ishaan Verma,2024-11-23,4,15281.230000000001,39,3820.31,3,3,2,2.6666666666666665,Medium Value
CUST03872,Diya Nair,2024-05-10,2,16234.2,236,8117.1,1,1,2,1.3333333333333333,Low Value
CUST03873,Arjun Sharma,2024-12-06,3,45844.04,26,15281.35,4,2,3,3.0,High Value
CUST03874,Kiara Patel,2023-08-18,3,4211.48,502,1403.83,1,2,1,1.3333333333333333,Low Value
CUST03875,Diya Nair,2024-12-07,6,101450.9,25,16908.48,4,4,4,4.0,High Value
CUST03876,Saanvi Pillai,2024-12-16,5,188498.68,16,37699.74,4,3,4,3.6666666666666665,High Value
CUST03877,Aarav Chopra,2024-06-12,1,6703.39,203,6703.39,2,1,1,1.3333333333333333,Low Value
CUST03878,Isha Sharma,2024-12-24,6,24177.7,8,4029.62,4,4,2,3.3333333333333335,High Value
CUST03879,Ayaan Kumar,2024-05-13,6,30158.79,233,5026.46,1,4,2,2.3333333333333335,Medium Value
CUST03880,Anika Nair,2024-07-06,2,1796.4299999999998,179,898.21,2,1,1,1.3333333333333333,Low Value
CUST03881,Ishaan Verma,2024-11-21,9,39899.47,41,4433.27,3,4,3,3.3333333333333335,High Value
CUST03882,Krishna Gupta,2024-12-02,6,57307.05,30,9551.18,4,4,3,3.6666666666666665,High Value
CUST03883,Navya Reddy,2023-08-17,2,141287.98,503,70643.99,1,1,4,2.0,Medium Value
CUST03884,Kiara Menon,2024-12-12,1,454.12,20,454.12,4,1,1,2.0,Medium Value
CUST03885,Navya Gupta,2024-09-16,6,19443.35,107,3240.56,2,4,2,2.6666666666666665,Medium Value
CUST03886,Aadhya Verma,2024-09-18,3,37430.99,105,12477.0,2,2,3,2.3333333333333335,Medium Value
CUST03887,Aadhya Chopra,2024-03-11,1,1058.72,296,1058.72,1,1,1,1.0,Low Value
CUST03888,Myra Nair,2024-07-30,6,71038.84999999999,155,11839.81,2,4,3,3.0,High Value
CUST03889,Reyansh Chopra,2024-09-01,2,42465.97,122,21232.98,2,1,3,2.0,Medium Value
CUST03890,Aditya Joshi,2024-10-21,5,41779.81,72,8355.96,3,3,3,3.0,High Value
CUST03891,Aadhya Patel,2024-12-24,6,37443.2,8,6240.53,4,4,3,3.6666666666666665,High Value
CUST03892,Ayaan Kumar,2024-12-12,2,8566.28,20,4283.14,4,1,1,2.0,Medium Value
CUST03893,Ayaan Verma,2023-11-26,2,4072.77,402,2036.38,1,1,1,1.0,Low Value
CUST03894,Kiara Bose,2023-11-28,3,29072.91,400,9690.97,1,2,2,1.6666666666666667,Low Value
CUST03895,Anika Sharma,2024-12-22,7,68452.55,10,9778.94,4,4,3,3.6666666666666665,High Value
CUST03896,Kiara Rao,2023-05-30,1,49460.82,582,49460.82,1,1,3,1.6666666666666667,Low Value
CUST03897,Isha Kapoor,2024-11-21,4,24540.4,41,6135.1,3,3,2,2.6666666666666665,Medium Value
CUST03898,Krishna Sharma,2024-08-26,7,31449.78,128,4492.83,2,4,2,2.6666666666666665,Medium Value
CUST03899,Anika Das,2024-04-29,5,105556.86,247,21111.37,1,3,4,2.6666666666666665,Medium Value
CUST03900,Arjun Mehta,2024-08-14,3,7742.099999999999,140,2580.7,2,2,1,1.6666666666666667,Low Value
CUST03901,Sai Pillai,2024-04-09,6,76812.17000000001,267,12802.03,1,4,4,3.0,High Value
CUST03902,Saanvi Sharma,2023-10-22,3,58635.92,437,19545.31,1,2,3,2.0,Medium Value
CUST03903,Isha Malhotra,2024-12-31,10,260242.5,1,26024.25,4,4,4,4.0,High Value
CUST03904,Aadhya Nair,2024-12-09,5,92648.77,23,18529.75,4,3,4,3.6666666666666665,High Value
CUST03905,Ishaan Iyer,2023-12-12,2,2054.52,386,1027.26,1,1,1,1.0,Low Value
CUST03906,Anika Iyer,2024-01-26,3,12879.460000000001,341,4293.15,1,2,1,1.3333333333333333,Low Value
CUST03907,Aditya Chopra,2024-12-08,3,14714.71,24,4904.9,4,2,1,2.3333333333333335,Medium Value
CUST03908,Diya Mehta,2024-11-06,5,34264.08,56,6852.82,3,3,2,2.6666666666666665,Medium Value
CUST03909,Anika Joshi,2024-12-14,5,285230.23,18,57046.05,4,3,4,3.6666666666666665,High Value
CUST03910,Ananya Singh,2024-03-20,3,38384.76,287,12794.92,1,2,3,2.0,Medium Value
CUST03911,Reyansh Rao,2024-05-23,6,28046.59,223,4674.43,1,4,2,2.3333333333333335,Medium Value
CUST03912,Reyansh Nair,2024-10-12,4,43697.79,81,10924.45,3,3,3,3.0,High Value
CUST03913,Aarav Singh,2024-11-24,6,44501.57,38,7416.93,3,4,3,3.3333333333333335,High Value
CUST03914,Diya Gupta,2024-10-10,3,106584.09999999999,83,35528.03,3,2,4,3.0,High Value
CUST03915,Saanvi Menon,2024-03-20,4,220270.22,287,55067.56,1,3,4,2.6666666666666665,Medium Value
CUST03916,Sai Chopra,2023-08-09,2,3818.17,511,1909.08,1,1,1,1.0,Low Value
CUST03917,Vihaan Menon,2024-08-22,5,28379.91,132,5675.98,2,3,2,2.3333333333333335,Medium Value
CUST03918,Myra Reddy,2024-01-13,5,17004.2,354,3400.84,1,3,2,2.0,Medium Value
CUST03919,Ananya Sharma,2024-12-01,3,9584.89,31,3194.96,4,2,1,2.3333333333333335,Medium Value
CUST03920,Reyansh Bose,2024-11-03,5,23745.88,59,4749.18,3,3,2,2.6666666666666665,Medium Value
CUST03921,Reyansh Reddy,2024-11-25,8,182471.21,37,22808.9,3,4,4,3.6666666666666665,High Value
CUST03922,Ishaan Kapoor,2024-02-17,4,131609.58,319,32902.39,1,3,4,2.6666666666666665,Medium Value
CUST03923,Ayaan Iyer,2024-10-28,6,40755.92,65,6792.65,3,4,3,3.3333333333333335,High Value
CUST03924,Krishna Verma,2024-12-01,4,18406.11,31,4601.53,4,3,2,3.0,High Value
CUST03925,Saanvi Das,2024-07-03,6,68783.34999999999,182,11463.89,2,4,3,3.0,High Value
CUST03926,Vihaan Bose,2024-11-11,9,84862.26,51,9429.14,3,4,4,3.6666666666666665,High Value
CUST03927,Anika Verma,2024-10-13,4,3793.13,80,948.28,3,3,1,2.3333333333333335,Medium Value
CUST03928,Saanvi Agarwal,2024-12-03,5,93278.31,29,18655.66,4,3,4,3.6666666666666665,High Value
CUST03929,Kiara Nair,2024-11-30,8,44322.06,32,5540.26,4,4,3,3.6666666666666665,High Value
CUST03930,Kiara Sharma,2024-11-06,4,49106.78,56,12276.7,3,3,3,3.0,High Value
CUST03931,Isha Mehta,2024-11-10,6,90133.88,52,15022.31,3,4,4,3.6666666666666665,High Value
CUST03932,Diya Kumar,2024-09-01,3,10481.539999999999,122,3493.85,2,2,1,1.6666666666666667,Low Value
CUST03933,Krishna Nair,2024-12-16,5,28736.22,16,5747.24,4,3,2,3.0,High Value
CUST03934,Myra Rao,2024-09-12,10,20858.940000000002,111,2085.89,2,4,2,2.6666666666666665,Medium Value
CUST03935,Saanvi Das,2023-12-10,4,14614.9,388,3653.72,1,3,1,1.6666666666666667,Low Value
CUST03936,Arjun Kapoor,2024-12-31,5,124209.64,1,24841.93,4,3,4,3.6666666666666665,High Value
CUST03937,Ananya Kumar,2024-09-10,8,103180.84000000001,113,12897.61,2,4,4,3.3333333333333335,High Value
CUST03938,Saanvi Chopra,2024-12-06,3,61758.8,26,20586.27,4,2,3,3.0,High Value
CUST03939,Riya Gupta,2024-12-23,6,43799.229999999996,9,7299.87,4,4,3,3.6666666666666665,High Value
CUST03940,Kiara Reddy,2024-09-25,2,174231.66999999998,98,87115.84,2,1,4,2.3333333333333335,Medium Value
CUST03941,Reyansh Patel,2024-05-14,2,8651.48,232,4325.74,1,1,1,1.0,Low Value
CUST03942,Aditya Das,2024-11-11,4,18315.96,51,4578.99,3,3,2,2.6666666666666665,Medium Value
CUST03943,Reyansh Kumar,2024-10-26,9,131557.57,67,14617.51,3,4,4,3.6666666666666665,High Value
CUST03944,Navya Nair,2024-12-24,8,101004.13,8,12625.52,4,4,4,4.0,High Value
CUST03945,Anika Menon,2024-10-10,5,29357.7,83,5871.54,3,3,2,2.6666666666666665,Medium Value
CUST03946,Aarav Rao,2024-01-08,4,17247.550000000003,359,4311.89,1,3,2,2.0,Medium Value
CUST03947,Anika Mehta,2024-09-29,5,16277.16,94,3255.43,2,3,2,2.3333333333333335,Medium Value
CUST03948,Diya Kapoor,2024-04-25,3,16974.59,251,5658.2,1,2,2,1.6666666666666667,Low Value
CUST03949,Aadhya Kapoor,2024-12-17,11,59101.020000000004,15,5372.82,4,4,3,3.6666666666666665,High Value
CUST03950,Ayaan Mehta,2024-11-12,6,102601.14,50,17100.19,3,4,4,3.6666666666666665,High Value
CUST03951,Anika Agarwal,2024-01-24,3,5655.889999999999,343,1885.3,1,2,1,1.3333333333333333,Low Value
CUST03952,Isha Kapoor,2024-01-05,3,17542.29,362,5847.43,1,2,2,1.6666666666666667,Low Value
CUST03953,Anika Kapoor,2024-12-25,5,67228.01000000001,7,13445.6,4,3,3,3.3333333333333335,High Value
CUST03954,Riya Nair,2024-12-18,4,23236.18,14,5809.04,4,3,2,3.0,High Value
CUST03955,Sai Patel,2024-12-28,3,4678.99,4,1559.66,4,2,1,2.3333333333333335,Medium Value
CUST03956,Krishna Singh,2024-08-14,4,46837.270000000004,140,11709.32,2,3,3,2.6666666666666665,Medium Value
CUST03957,Diya Bose,2024-05-25,6,31867.16,221,5311.19,1,4,2,2.3333333333333335,Medium Value
CUST03958,Anika Malhotra,2024-09-26,6,41465.44,97,6910.91,2,4,3,3.0,High Value
CUST03959,Krishna Reddy,2024-12-20,6,44116.92,12,7352.82,4,4,3,3.6666666666666665,High Value
CUST03960,Ishaan Kapoor,2024-11-18,6,130391.56,44,21731.93,3,4,4,3.6666666666666665,High Value
CUST03961,Diya Reddy,2024-10-31,3,9815.76,62,3271.92,3,2,1,2.0,Medium Value
CUST03962,Navya Malhotra,2024-01-03,3,23411.4,364,7803.8,1,2,2,1.6666666666666667,Low Value
CUST03963,Sai Bose,2024-12-18,2,58075.54,14,29037.77,4,1,3,2.6666666666666665,Medium Value
CUST03964,Ananya Menon,2024-12-05,5,94092.35,27,18818.47,4,3,4,3.6666666666666665,High Value
CUST03965,Aditya Verma,2024-09-03,6,98461.61,120,16410.27,2,4,4,3.3333333333333335,High Value
CUST03966,Sai Kumar,2024-09-15,8,85153.75,108,10644.22,2,4,4,3.3333333333333335,High Value
CUST03967,Navya Kapoor,2024-11-27,3,6364.15,35,2121.38,3,2,1,2.0,Medium Value
CUST03968,Ayaan Menon,2024-10-03,4,286820.28,90,71705.07,2,3,4,3.0,High Value
CUST03969,Ananya Mehta,2024-11-08,4,55653.060000000005,54,13913.27,3,3,3,3.0,High Value
CUST03970,Diya Patel,2024-10-22,6,162107.08000000002,71,27017.85,3,4,4,3.6666666666666665,High Value
CUST03971,Isha Kumar,2024-12-24,8,49666.33,8,6208.29,4,4,3,3.6666666666666665,High Value
CUST03972,Krishna Kapoor,2024-01-27,3,39665.0,340,13221.67,1,2,3,2.0,Medium Value
CUST03973,Aadhya Nair,2024-12-20,4,14804.52,12,3701.13,4,3,1,2.6666666666666665,Medium Value
CUST03974,Isha Pillai,2024-02-14,4,17945.34,322,4486.34,1,3,2,2.0,Medium Value
CUST03975,Aadhya Reddy,2023-07-12,3,11241.039999999999,539,3747.01,1,2,1,1.3333333333333333,Low Value
CUST03976,Arjun Agarwal,2024-09-04,4,58645.979999999996,119,14661.5,2,3,3,2.6666666666666665,Medium Value
CUST03977,Vivaan Chopra,2024-11-27,6,22493.62,35,3748.94,3,4,2,3.0,High Value
CUST03978,Ayaan Sharma,2024-12-14,7,41890.79,18,5984.4,4,4,3,3.6666666666666665,High Value
CUST03979,Diya Verma,2024-11-24,1,1738.97,38,1738.97,3,1,1,1.6666666666666667,Low Value
CUST03980,Navya Reddy,2024-12-27,9,106304.07,5,11811.56,4,4,4,4.0,High Value
CUST03981,Anika Rao,2024-07-26,3,3579.12,159,1193.04,2,2,1,1.6666666666666667,Low Value
CUST03982,Reyansh Gupta,2024-06-12,6,17960.55,203,2993.42,2,4,2,2.6666666666666665,Medium Value
CUST03983,Sai Menon,2024-10-30,4,13500.19,63,3375.05,3,3,1,2.3333333333333335,Medium Value
CUST03984,Vivaan Joshi,2024-10-13,2,4394.68,80,2197.34,3,1,1,1.6666666666666667,Low Value
CUST03985,Diya Bose,2024-02-26,3,5637.18,310,1879.06,1,2,1,1.3333333333333333,Low Value
CUST03986,Anika Mehta,2024-09-28,3,14683.24,95,4894.41,2,2,1,1.6666666666666667,Low Value
CUST03987,Aditya Menon,2024-10-12,4,33860.5,81,8465.12,3,3,2,2.6666666666666665,Medium Value
CUST03988,Navya Das,2024-06-01,7,159844.06,214,22834.87,1,4,4,3.0,High Value
CUST03989,Diya Joshi,2024-11-23,8,137314.31,39,17164.29,3,4,4,3.6666666666666665,High Value
CUST03990,Vihaan Mehta,2024-06-17,3,40088.61,198,13362.87,2,2,3,2.3333333333333335,Medium Value
CUST03991,Ananya Patel,2024-10-14,5,68041.31,79,13608.26,3,3,3,3.0,High Value
CUST03992,Sai Iyer,2024-07-04,1,585.9,181,585.9,2,1,1,1.3333333333333333,Low Value
CUST03993,Kiara Verma,2024-12-29,8,224674.22999999998,3,28084.28,4,4,4,4.0,High Value
CUST03994,Vihaan Kumar,2024-11-12,4,50577.490000000005,50,12644.37,3,3,3,3.0,High Value
CUST03995,Anika Nair,2024-07-01,2,4437.76,184,2218.88,2,1,1,1.3333333333333333,Low Value
CUST03996,Ayaan Bose,2024-12-22,5,31721.86,10,6344.37,4,3,2,3.0,High Value
CUST03997,Ayaan Pillai,2024-10-03,3,10978.740000000002,90,3659.58,2,2,1,1.6666666666666667,Low Value
CUST03998,Aditya Agarwal,2024-01-10,2,8981.630000000001,357,4490.82,1,1,1,1.0,Low Value
CUST03999,Riya Pillai,2024-12-17,2,5874.860000000001,15,2937.43,4,1,1,2.0,Medium Value
CUST04000,Kiara Patel,2024-11-11,2,138665.1,51,69332.55,3,1,4,2.6666666666666665,Medium Value
CUST04001,Myra Nair,2024-12-19,3,9897.48,13,3299.16,4,2,1,2.3333333333333335,Medium Value
CUST04002,Myra Agarwal,2023-06-07,1,1969.19,574,1969.19,1,1,1,1.0,Low Value
CUST04003,Isha Kapoor,2024-10-11,8,119624.54000000001,82,14953.07,3,4,4,3.6666666666666665,High Value
CUST04004,Ananya Reddy,2024-12-12,6,88352.90999999999,20,14725.48,4,4,4,4.0,High Value
CUST04005,Anika Joshi,2023-12-07,4,16150.42,391,4037.6,1,3,2,2.0,Medium Value
CUST04006,Diya Das,2023-12-13,4,40522.73,385,10130.68,1,3,3,2.3333333333333335,Medium Value
CUST04007,Ishaan Reddy,2024-06-24,2,33614.46,191,16807.23,2,1,2,1.6666666666666667,Low Value
CUST04008,Aadhya Sharma,2024-11-21,3,52317.990000000005,41,17439.33,3,2,3,2.6666666666666665,Medium Value
CUST04009,Anika Singh,2024-06-01,4,11612.15,214,2903.04,1,3,1,1.6666666666666667,Low Value
CUST04010,Arjun Menon,2024-03-12,2,53702.71,295,26851.36,1,1,3,1.6666666666666667,Low Value
CUST04011,Reyansh Mehta,2024-09-30,3,27165.300000000003,93,9055.1,2,2,2,2.0,Medium Value
CUST04012,Anika Reddy,2024-12-01,6,91757.15,31,15292.86,4,4,4,4.0,High Value
CUST04013,Aarav Reddy,2024-11-13,3,15644.23,49,5214.74,3,2,2,2.3333333333333335,Medium Value
CUST04014,Ananya Iyer,2024-10-13,6,52355.51,80,8725.92,3,4,3,3.3333333333333335,High Value
CUST04015,Diya Gupta,2024-10-28,6,74097.49,65,12349.58,3,4,4,3.6666666666666665,High Value
CUST04016,Vihaan Singh,2024-12-21,8,171253.75999999998,11,21406.72,4,4,4,4.0,High Value
CUST04017,Saanvi Pillai,2024-10-17,5,45399.96,76,9079.99,3,3,3,3.0,High Value
CUST04018,Ishaan Kumar,2024-12-13,4,165682.73,19,41420.68,4,3,4,3.6666666666666665,High Value
CUST04019,Reyansh Kapoor,2024-12-29,6,31098.25,3,5183.04,4,4,2,3.3333333333333335,High Value
CUST04020,Aarav Bose,2024-10-06,3,8919.25,87,2973.08,2,2,1,1.6666666666666667,Low Value
CUST04021,Vivaan Reddy,2024-11-21,6,246543.4,41,41090.57,3,4,4,3.6666666666666665,High Value
CUST04022,Ananya Das,2024-10-08,2,4085.79,85,2042.9,2,1,1,1.3333333333333333,Low Value
CUST04023,Vivaan Reddy,2024-11-06,4,59042.869999999995,56,14760.72,3,3,3,3.0,High Value
CUST04024,Unknown,2023-10-22,3,34362.1,437,11454.03,1,2,2,1.6666666666666667,Low Value
CUST04025,Vivaan Reddy,2024-12-01,5,141190.1,31,28238.02,4,3,4,3.6666666666666665,High Value
CUST04026,Vihaan Chopra,2024-07-20,2,3659.79,165,1829.9,2,1,1,1.3333333333333333,Low Value
CUST04027,Vivaan Kapoor,2024-12-01,5,47230.07,31,9446.01,4,3,3,3.3333333333333335,High Value
CUST04028,Reyansh Das,2024-11-23,10,89053.28,39,8905.33,3,4,4,3.6666666666666665,High Value
CUST04029,Arjun Joshi,2024-02-03,7,43047.55,333,6149.65,1,4,3,2.6666666666666665,Medium Value
CUST04030,Diya Pillai,2024-10-10,3,36027.18,83,12009.06,3,2,3,2.6666666666666665,Medium Value
CUST04031,Reyansh Patel,2024-09-09,2,15006.060000000001,114,7503.03,2,1,2,1.6666666666666667,Low Value
CUST04032,Ayaan Das,2024-05-21,7,28612.95,225,4087.56,1,4,2,2.3333333333333335,Medium Value
CUST04033,Arjun Verma,2023-12-23,3,63260.25,375,21086.75,1,2,3,2.0,Medium Value
CUST04034,Krishna Chopra,2024-09-30,3,10087.710000000001,93,3362.57,2,2,1,1.6666666666666667,Low Value
CUST04035,Sai Reddy,2023-11-16,2,10684.14,412,5342.07,1,1,1,1.0,Low Value
CUST04036,Reyansh Pillai,2024-11-30,7,45556.770000000004,32,6508.11,4,4,3,3.6666666666666665,High Value
CUST04037,Sai Chopra,2024-06-17,3,122434.91,198,40811.64,2,2,4,2.6666666666666665,Medium Value
CUST04039,Vivaan Pillai,2024-12-28,5,16048.810000000001,4,3209.76,4,3,2,3.0,High Value
CUST04040,Vihaan Patel,2024-09-14,2,52001.22,109,26000.61,2,1,3,2.0,Medium Value
CUST04041,Anika Kumar,2023-10-20,2,8067.2300000000005,439,4033.62,1,1,1,1.0,Low Value
CUST04042,Reyansh Iyer,2024-08-31,4,15966.380000000001,123,3991.6,2,3,2,2.3333333333333335,Medium Value
CUST04043,Aarav Sharma,2024-11-21,3,19159.46,41,6386.49,3,2,2,2.3333333333333335,Medium Value
CUST04044,Riya Patel,2023-04-14,1,604.99,628,604.99,1,1,1,1.0,Low Value
CUST04045,Navya Mehta,2024-12-12,6,74741.24,20,12456.87,4,4,4,4.0,High Value
CUST04046,Ananya Sharma,2024-12-13,2,8685.75,19,4342.88,4,1,1,2.0,Medium Value
CUST04047,Aarav Das,2024-12-15,10,204114.22999999998,17,20411.42,4,4,4,4.0,High Value
CUST04048,Arjun Menon,2024-09-07,1,1356.34,116,1356.34,2,1,1,1.3333333333333333,Low Value
CUST04049,Aarav Menon,2024-08-24,6,27120.979999999996,130,4520.16,2,4,2,2.6666666666666665,Medium Value
CUST04050,Aditya Agarwal,2024-11-06,5,42243.7,56,8448.74,3,3,3,3.0,High Value
CUST04051,Krishna Rao,2024-02-29,5,138806.61000000002,307,27761.32,1,3,4,2.6666666666666665,Medium Value
CUST04052,Anika Rao,2024-12-13,3,48315.89,19,16105.3,4,2,3,3.0,High Value
CUST04053,Vihaan Kumar,2024-12-31,5,80119.04,1,16023.81,4,3,4,3.6666666666666665,High Value
CUST04054,Anika Verma,2024-07-31,3,6447.72,154,2149.24,2,2,1,1.6666666666666667,Low Value
CUST04055,Arjun Singh,2024-05-15,4,5078.93,231,1269.73,1,3,1,1.6666666666666667,Low Value
CUST04056,Vihaan Patel,2024-11-30,4,79624.66,32,19906.16,4,3,4,3.6666666666666665,High Value
CUST04057,Isha Das,2024-11-13,5,29514.4,49,5902.88,3,3,2,2.6666666666666665,Medium Value
CUST04058,Arjun Reddy,2023-07-06,1,4748.72,545,4748.72,1,1,1,1.0,Low Value
CUST04059,Isha Sharma,2024-11-29,4,12376.65,33,3094.16,4,3,1,2.6666666666666665,Medium Value
CUST04060,Aadhya Singh,2024-12-02,4,12134.11,30,3033.53,4,3,1,2.6666666666666665,Medium Value
CUST04061,Anika Rao,2024-06-22,4,39065.21,193,9766.3,2,3,3,2.6666666666666665,Medium Value
CUST04062,Myra Rao,2024-05-09,9,187011.42,237,20779.05,1,4,4,3.0,High Value
CUST04063,Myra Menon,2024-11-14,5,155429.91,48,31085.98,3,3,4,3.3333333333333335,High Value
CUST04064,Ayaan Gupta,2024-05-13,7,70089.12,233,10012.73,1,4,3,2.6666666666666665,Medium Value
CUST04066,Vivaan Malhotra,2024-08-07,5,44554.15,147,8910.83,2,3,3,2.6666666666666665,Medium Value
CUST04067,Ishaan Agarwal,2023-12-20,2,3741.9700000000003,378,1870.98,1,1,1,1.0,Low Value
CUST04068,Aadhya Joshi,2024-10-22,2,2499.15,71,1249.58,3,1,1,1.6666666666666667,Low Value
CUST04069,Saanvi Sharma,2024-12-05,7,74804.58,27,10686.37,4,4,4,4.0,High Value
CUST04070,Arjun Das,2024-11-03,6,83844.22,59,13974.04,3,4,4,3.6666666666666665,High Value
CUST04071,Aadhya Gupta,2024-12-29,5,47678.32,3,9535.66,4,3,3,3.3333333333333335,High Value
CUST04072,Kiara Pillai,2024-11-28,5,117696.22,34,23539.24,3,3,4,3.3333333333333335,High Value
CUST04073,Anika Gupta,2024-10-16,6,6768.4,77,1128.07,3,4,1,2.6666666666666665,Medium Value
CUST04074,Myra Rao,2024-11-06,5,74331.70999999999,56,14866.34,3,3,4,3.3333333333333335,High Value
CUST04076,Ananya Joshi,2024-11-20,7,74879.2,42,10697.03,3,4,4,3.6666666666666665,High Value
CUST04077,Ayaan Joshi,2024-12-22,2,4456.96,10,2228.48,4,1,1,2.0,Medium Value
CUST04078,Isha Chopra,2024-11-03,7,69431.88,59,9918.84,3,4,3,3.3333333333333335,High Value
CUST04079,Vivaan Mehta,2024-12-10,5,45624.15,22,9124.83,4,3,3,3.3333333333333335,High Value
CUST04080,Ishaan Chopra,2024-08-27,3,15503.939999999999,127,5167.98,2,2,2,2.0,Medium Value
CUST04081,Sai Singh,2024-10-21,3,26268.43,72,8756.14,3,2,2,2.3333333333333335,Medium Value
CUST04082,Diya Chopra,2024-05-04,5,35410.24,242,7082.05,1,3,3,2.3333333333333335,Medium Value
CUST04083,Saanvi Kumar,2024-04-09,5,109254.62,267,21850.92,1,3,4,2.6666666666666665,Medium Value
CUST04084,Sai Sharma,2024-08-24,1,25023.62,130,25023.62,2,1,2,1.6666666666666667,Low Value
CUST04085,Sai Agarwal,2024-10-21,5,32150.010000000002,72,6430.0,3,3,2,2.6666666666666665,Medium Value
CUST04086,Krishna Malhotra,2023-07-16,2,37020.97,535,18510.48,1,1,3,1.6666666666666667,Low Value
CUST04087,Unknown,2024-11-06,5,28864.47,56,5772.89,3,3,2,2.6666666666666665,Medium Value
CUST04088,Myra Patel,2024-12-04,7,181017.68,28,25859.67,4,4,4,4.0,High Value
CUST04089,Sai Gupta,2024-04-17,5,25385.170000000002,259,5077.03,1,3,2,2.0,Medium Value
CUST04090,Ishaan Sharma,2024-07-14,3,137811.78,171,45937.26,2,2,4,2.6666666666666665,Medium Value
CUST04091,Aadhya Singh,2024-11-13,1,1708.07,49,1708.07,3,1,1,1.6666666666666667,Low Value
CUST04092,Diya Patel,2024-10-18,1,1128.16,75,1128.16,3,1,1,1.6666666666666667,Low Value
CUST04093,Ananya Bose,2024-09-24,2,5609.46,99,2804.73,2,1,1,1.3333333333333333,Low Value
CUST04094,Ishaan Agarwal,2024-12-22,4,210286.03,10,52571.51,4,3,4,3.6666666666666665,High Value
CUST04095,Reyansh Reddy,2024-06-28,3,81705.48,187,27235.16,2,2,4,2.6666666666666665,Medium Value
CUST04096,Ananya Singh,2024-12-30,3,27250.890000000003,2,9083.63,4,2,2,2.6666666666666665,Medium Value
CUST04097,Isha Sharma,2024-12-08,6,15757.4,24,2626.23,4,4,2,3.3333333333333335,High Value
CUST04098,Saanvi Agarwal,2024-11-27,3,40048.18,35,13349.39,3,2,3,2.6666666666666665,Medium Value
CUST04099,Krishna Iyer,2024-09-13,6,160389.65000000002,110,26731.61,2,4,4,3.3333333333333335,High Value
CUST04100,Krishna Mehta,2024-11-19,6,37028.799999999996,43,6171.47,3,4,3,3.3333333333333335,High Value
CUST04101,Vivaan Patel,2024-11-03,5,32385.210000000003,59,6477.04,3,3,2,2.6666666666666665,Medium Value
CUST04102,Kiara Gupta,2024-08-30,4,26058.0,124,6514.5,2,3,2,2.3333333333333335,Medium Value
CUST04103,Ananya Patel,2024-03-13,4,33805.26,294,8451.32,1,3,2,2.0,Medium Value
CUST04104,Aditya Chopra,2024-11-09,5,23532.63,53,4706.53,3,3,2,2.6666666666666665,Medium Value
CUST04105,Kiara Das,2024-09-23,3,5072.37,100,1690.79,2,2,1,1.6666666666666667,Low Value
CUST04106,Isha Mehta,2024-05-29,5,48880.31,217,9776.06,1,3,3,2.3333333333333335,Medium Value
CUST04107,Sai Malhotra,2024-12-19,6,63629.26,13,10604.88,4,4,3,3.6666666666666665,High Value
CUST04108,Navya Agarwal,2024-11-03,7,66123.9,59,9446.27,3,4,3,3.3333333333333335,High Value
CUST04109,Reyansh Malhotra,2024-07-20,4,31562.89,165,7890.72,2,3,2,2.3333333333333335,Medium Value
CUST04110,Navya Agarwal,2024-12-01,3,9621.25,31,3207.08,4,2,1,2.3333333333333335,Medium Value
CUST04111,Isha Iyer,2024-08-28,4,60587.740000000005,126,15146.94,2,3,3,2.6666666666666665,Medium Value
CUST04112,Vivaan Nair,2023-11-24,2,13911.32,404,6955.66,1,1,1,1.0,Low Value
CUST04113,Isha Verma,2023-02-02,1,699.6,699,699.6,1,1,1,1.0,Low Value
CUST04114,Ananya Reddy,2024-07-19,2,5472.13,166,2736.06,2,1,1,1.3333333333333333,Low Value
CUST04115,Sai Mehta,2024-12-09,5,57814.76,23,11562.95,4,3,3,3.3333333333333335,High Value
CUST04116,Arjun Chopra,2024-05-25,4,25580.289999999997,221,6395.07,1,3,2,2.0,Medium Value
CUST04117,Aarav Verma,2024-10-22,10,270365.59,71,27036.56,3,4,4,3.6666666666666665,High Value
CUST04118,Aarav Pillai,2024-12-25,3,16752.28,7,5584.09,4,2,2,2.6666666666666665,Medium Value
CUST04119,Vivaan Menon,2024-05-10,3,12294.05,236,4098.02,1,2,1,1.3333333333333333,Low Value
CUST04120,Vihaan Bose,2024-10-30,9,42185.0,63,4687.22,3,4,3,3.3333333333333335,High Value
CUST04121,Isha Agarwal,2024-07-16,5,107828.70999999999,169,21565.74,2,3,4,3.0,High Value
CUST04122,Aarav Sharma,2024-12-11,4,56268.310000000005,21,14067.08,4,3,3,3.3333333333333335,High Value
CUST04123,Aadhya Singh,2024-07-03,6,34505.24,182,5750.87,2,4,2,2.6666666666666665,Medium Value
CUST04124,Arjun Chopra,2024-11-12,8,69215.35,50,8651.92,3,4,3,3.3333333333333335,High Value
CUST04125,Saanvi Kapoor,2024-12-01,4,29820.699999999997,31,7455.17,4,3,2,3.0,High Value
CUST04126,Saanvi Verma,2024-08-30,7,129732.15,124,18533.16,2,4,4,3.3333333333333335,High Value
CUST04127,Unknown,2024-10-10,4,13967.96,83,3491.99,3,3,1,2.3333333333333335,Medium Value
CUST04128,Aadhya Sharma,2024-12-01,2,13249.869999999999,31,6624.94,4,1,1,2.0,Medium Value
CUST04129,Anika Chopra,2024-01-17,3,22619.64,350,7539.88,1,2,2,1.6666666666666667,Low Value
CUST04130,Riya Gupta,2023-12-29,6,30606.68,369,5101.11,1,4,2,2.3333333333333335,Medium Value
CUST04131,Ananya Kumar,2023-08-16,1,34386.49,504,34386.49,1,1,2,1.3333333333333333,Low Value
CUST04132,Anika Reddy,2024-10-16,4,74070.64,77,18517.66,3,3,4,3.3333333333333335,High Value
CUST04133,Ishaan Chopra,2024-05-13,6,66995.98,233,11166.0,1,4,3,2.6666666666666665,Medium Value
CUST04134,Aditya Menon,2024-03-06,5,139271.34,301,27854.27,1,3,4,2.6666666666666665,Medium Value
CUST04135,Ishaan Mehta,2024-11-28,8,76467.57,34,9558.45,3,4,4,3.6666666666666665,High Value
CUST04136,Aadhya Bose,2024-11-03,3,5527.97,59,1842.66,3,2,1,2.0,Medium Value
CUST04137,Kiara Mehta,2024-12-13,4,66211.0,19,16552.75,4,3,3,3.3333333333333335,High Value
CUST04138,Ishaan Pillai,2024-12-14,9,150965.75999999998,18,16773.97,4,4,4,4.0,High Value
CUST04139,Aarav Mehta,2024-12-09,6,19061.18,23,3176.86,4,4,2,3.3333333333333335,High Value
CUST04141,Reyansh Reddy,2024-01-17,2,23752.71,350,11876.36,1,1,2,1.3333333333333333,Low Value
CUST04142,Isha Iyer,2024-11-12,2,19789.6,50,9894.8,3,1,2,2.0,Medium Value
CUST04143,Vivaan Rao,2023-11-13,4,25080.68,415,6270.17,1,3,2,2.0,Medium Value
CUST04144,Anika Sharma,2024-10-07,5,50180.89,86,10036.18,2,3,3,2.6666666666666665,Medium Value
CUST04145,Krishna Menon,2024-11-14,8,53330.380000000005,48,6666.3,3,4,3,3.3333333333333335,High Value
CUST04146,Riya Singh,2024-06-26,9,57776.61,189,6419.62,2,4,3,3.0,High Value
CUST04147,Ayaan Das,2023-09-01,3,19841.760000000002,488,6613.92,1,2,2,1.6666666666666667,Low Value
CUST04148,Vihaan Iyer,2024-09-16,3,22949.86,107,7649.95,2,2,2,2.0,Medium Value
CUST04149,Krishna Agarwal,2024-12-20,4,16724.57,12,4181.14,4,3,2,3.0,High Value
CUST04150,Diya Mehta,2023-05-02,3,19974.76,610,6658.25,1,2,2,1.6666666666666667,Low Value
CUST04151,Ananya Reddy,2024-11-03,4,37216.85,59,9304.21,3,3,3,3.0,High Value
CUST04152,Krishna Patel,2024-08-31,5,94350.79999999999,123,18870.16,2,3,4,3.0,High Value
CUST04153,Riya Kapoor,2023-10-31,1,2570.82,428,2570.82,1,1,1,1.0,Low Value
CUST04154,Kiara Reddy,2024-11-02,1,6768.07,60,6768.07,3,1,1,1.6666666666666667,Low Value
CUST04155,Myra Kumar,2024-11-24,4,102928.55,38,25732.14,3,3,4,3.3333333333333335,High Value
CUST04156,Myra Sharma,2024-12-02,4,31464.52,30,7866.13,4,3,2,3.0,High Value
CUST04157,Riya Kumar,2024-02-10,1,4477.52,326,4477.52,1,1,1,1.0,Low Value
CUST04158,Reyansh Pillai,2024-12-14,8,25923.620000000003,18,3240.45,4,4,2,3.3333333333333335,High Value
CUST04159,Arjun Joshi,2024-11-23,5,54592.67,39,10918.53,3,3,3,3.0,High Value
CUST04160,Ayaan Sharma,2024-01-01,2,11749.89,366,5874.94,1,1,1,1.0,Low Value
CUST04161,Vivaan Malhotra,2024-12-18,5,25988.63,14,5197.73,4,3,2,3.0,High Value
CUST04162,Isha Agarwal,2024-11-18,3,20307.04,44,6769.01,3,2,2,2.3333333333333335,Medium Value
CUST04163,Ananya Mehta,2024-12-09,8,88990.22,23,11123.78,4,4,4,4.0,High Value
CUST04164,Vihaan Kumar,2024-11-04,6,33602.47,58,5600.41,3,4,2,3.0,High Value
CUST04165,Vihaan Das,2024-11-29,5,89149.36,33,17829.87,4,3,4,3.6666666666666665,High Value
CUST04166,Saanvi Agarwal,2024-12-23,5,173507.65,9,34701.53,4,3,4,3.6666666666666665,High Value
CUST04167,Vivaan Kapoor,2024-10-20,6,74941.17,73,12490.2,3,4,4,3.6666666666666665,High Value
CUST04168,Aarav Pillai,2024-11-02,1,4197.99,60,4197.99,3,1,1,1.6666666666666667,Low Value
CUST04169,Krishna Gupta,2024-09-26,3,90829.54,97,30276.51,2,2,4,2.6666666666666665,Medium Value
CUST04170,Reyansh Mehta,2024-08-01,7,95343.15,153,13620.45,2,4,4,3.3333333333333335,High Value
CUST04171,Aarav Mehta,2024-09-30,6,36247.1,93,6041.18,2,4,3,3.0,High Value
CUST04172,Krishna Malhotra,2023-12-16,4,20920.63,382,5230.16,1,3,2,2.0,Medium Value
CUST04173,Kiara Gupta,2024-06-29,6,94509.23,186,15751.54,2,4,4,3.3333333333333335,High Value
CUST04174,Arjun Iyer,2024-09-16,4,46844.96,107,11711.24,2,3,3,2.6666666666666665,Medium Value
CUST04175,Krishna Reddy,2023-12-17,4,51104.71,381,12776.18,1,3,3,2.3333333333333335,Medium Value
CUST04176,Diya Iyer,2024-03-07,2,42569.649999999994,300,21284.82,1,1,3,1.6666666666666667,Low Value
CUST04177,Sai Verma,2024-12-13,5,42905.06,19,8581.01,4,3,3,3.3333333333333335,High Value
CUST04178,Krishna Joshi,2024-10-24,3,47764.78,69,15921.59,3,2,3,2.6666666666666665,Medium Value
CUST04179,Aarav Pillai,2024-05-18,5,24296.92,228,4859.38,1,3,2,2.0,Medium Value
CUST04180,Sai Kumar,2024-12-03,1,424.17,29,424.17,4,1,1,2.0,Medium Value
CUST04181,Vivaan Iyer,2024-03-16,7,175996.49999999997,291,25142.36,1,4,4,3.0,High Value
CUST04182,Aadhya Singh,2024-02-08,1,1497.83,328,1497.83,1,1,1,1.0,Low Value
CUST04183,Vihaan Malhotra,2024-02-13,2,13494.1,323,6747.05,1,1,1,1.0,Low Value
CUST04184,Ayaan Singh,2024-11-26,6,77099.12,36,12849.85,3,4,4,3.6666666666666665,High Value
CUST04185,Myra Singh,2024-08-02,2,100419.76,152,50209.88,2,1,4,2.3333333333333335,Medium Value
CUST04186,Myra Bose,2024-11-25,4,108542.92,37,27135.73,3,3,4,3.3333333333333335,High Value
CUST04187,Myra Pillai,2024-07-27,3,12400.94,158,4133.65,2,2,1,1.6666666666666667,Low Value
CUST04188,Ayaan Patel,2024-09-02,7,37178.22,121,5311.17,2,4,3,3.0,High Value
CUST04189,Ishaan Kumar,2024-10-02,7,92846.54000000001,91,13263.79,2,4,4,3.3333333333333335,High Value
CUST04190,Navya Mehta,2024-11-22,6,37985.17,40,6330.86,3,4,3,3.3333333333333335,High Value
CUST04191,Ishaan Reddy,2024-05-05,3,159455.71,241,53151.9,1,2,4,2.3333333333333335,Medium Value
CUST04192,Navya Sharma,2023-07-02,4,147740.13,549,36935.03,1,3,4,2.6666666666666665,Medium Value
CUST04193,Reyansh Sharma,2024-11-27,6,100342.26000000001,35,16723.71,3,4,4,3.6666666666666665,High Value
CUST04194,Kiara Singh,2024-08-01,4,24295.35,153,6073.84,2,3,2,2.3333333333333335,Medium Value
CUST04195,Isha Mehta,2023-10-05,3,3360.75,454,1120.25,1,2,1,1.3333333333333333,Low Value
CUST04196,Krishna Verma,2023-11-18,2,3974.51,410,1987.26,1,1,1,1.0,Low Value
CUST04197,Aadhya Kapoor,2024-08-14,6,255002.03999999998,140,42500.34,2,4,4,3.3333333333333335,High Value
CUST04198,Aarav Verma,2024-10-09,1,3976.97,84,3976.97,2,1,1,1.3333333333333333,Low Value
CUST04199,Reyansh Mehta,2024-12-09,10,105186.43,23,10518.64,4,4,4,4.0,High Value
CUST04200,Isha Sharma,2023-12-13,5,95936.95,385,19187.39,1,3,4,2.6666666666666665,Medium Value
